sale_id,store_id,product_id,date,quantity,revenue
1,1,20,2026-01-30,2,543.58
2,1,23,2026-01-30,3,150.0
3,1,19,2026-01-30,1,75.72
4,1,25,2026-01-30,4,1200.88
5,1,15,2026-01-30,1,118.38
6,1,29,2026-01-30,5,1927.3
7,1,22,2026-01-30,5,2493.4
8,1,37,2026-01-30,2,929.8
9,1,18,2026-01-30,3,602.52
10,1,5,2026-01-30,4,176.04
11,1,18,2026-01-30,1,200.84
12,1,28,2026-01-30,3,1027.35
13,2,7,2026-01-30,3,1061.28
14,2,20,2026-01-30,1,271.79
15,2,1,2026-01-30,3,427.65
16,2,21,2026-01-30,5,2247.1
17,2,27,2026-01-30,3,1293.27
18,2,10,2026-01-30,4,1278.64
19,2,4,2026-01-30,3,1098.66
20,2,23,2026-01-30,4,200.0
21,2,28,2026-01-30,3,1027.35
22,2,20,2026-01-30,5,1358.95
23,2,16,2026-01-30,2,407.16
24,2,13,2026-01-30,2,171.76
25,3,34,2026-01-30,4,322.64
26,3,25,2026-01-30,2,600.44
27,3,9,2026-01-30,5,2169.55
28,3,7,2026-01-30,5,1768.8
29,3,19,2026-01-30,3,227.16
30,3,14,2026-01-30,4,454.84
31,3,4,2026-01-30,5,1831.1
32,3,9,2026-01-30,1,433.91
33,3,17,2026-01-30,3,1316.4
34,4,21,2026-01-30,2,898.84
35,4,35,2026-01-30,4,1907.92
36,4,13,2026-01-30,5,429.4
37,4,30,2026-01-30,5,1101.05
38,4,34,2026-01-30,3,241.98
39,4,24,2026-01-30,4,322.64
40,4,12,2026-01-30,4,1226.08
41,5,16,2026-01-30,2,407.16
42,5,12,2026-01-30,5,1532.6
43,5,1,2026-01-30,4,570.2
44,5,9,2026-01-30,2,867.82
45,5,8,2026-01-30,1,387.67
46,5,30,2026-01-30,3,660.63
47,5,26,2026-01-30,5,2490.4
48,5,21,2026-01-30,5,2247.1
49,5,23,2026-01-30,3,150.0
50,5,24,2026-01-30,1,80.66
51,6,35,2026-01-30,2,953.96
52,6,22,2026-01-30,3,1496.04
53,6,26,2026-01-30,2,996.16
54,6,24,2026-01-30,2,161.32
55,6,27,2026-01-30,2,862.18
56,6,5,2026-01-30,1,44.01
57,6,14,2026-01-30,1,113.71
58,6,12,2026-01-30,2,613.04
59,6,29,2026-01-30,4,1541.84
60,6,27,2026-01-30,5,2155.45
61,6,13,2026-01-30,1,85.88
62,6,15,2026-01-30,4,473.52
63,6,13,2026-01-30,4,343.52
64,6,32,2026-01-30,5,2283.75
65,6,38,2026-01-30,2,247.06
66,7,27,2026-01-30,4,1724.36
67,7,27,2026-01-30,4,1724.36
68,7,19,2026-01-30,4,302.88
69,7,9,2026-01-30,2,867.82
70,7,28,2026-01-30,2,684.9
71,7,28,2026-01-30,1,342.45
72,7,25,2026-01-30,1,300.22
73,7,19,2026-01-30,4,302.88
74,7,9,2026-01-30,2,867.82
75,7,16,2026-01-30,2,407.16
76,7,37,2026-01-30,5,2324.5
77,7,26,2026-01-30,4,1992.32
78,7,7,2026-01-30,1,353.76
79,7,18,2026-01-30,5,1004.2
80,8,10,2026-01-30,1,319.66
81,8,18,2026-01-30,4,803.36
82,8,15,2026-01-30,2,236.76
83,8,21,2026-01-30,4,1797.68
84,8,31,2026-01-30,5,2430.4
85,8,2,2026-01-30,5,277.95
86,9,32,2026-01-30,3,1370.25
87,9,24,2026-01-30,4,322.64
88,9,37,2026-01-30,5,2324.5
89,9,13,2026-01-30,5,429.4
90,9,17,2026-01-30,4,1755.2
91,9,34,2026-01-30,5,403.3
92,9,32,2026-01-30,4,1827.0
93,9,6,2026-01-30,2,886.6
94,9,40,2026-01-30,4,1635.72
95,9,3,2026-01-30,4,1698.04
96,9,27,2026-01-30,3,1293.27
97,9,36,2026-01-30,2,602.96
98,10,15,2026-01-30,3,355.14
99,10,26,2026-01-30,5,2490.4
100,10,6,2026-01-30,4,1773.2
101,10,31,2026-01-30,2,972.16
102,10,36,2026-01-30,3,904.44
103,10,22,2026-01-30,4,1994.72
104,10,18,2026-01-30,1,200.84
105,10,7,2026-01-30,3,1061.28
106,10,36,2026-01-30,2,602.96
107,10,14,2026-01-30,3,341.13
108,10,18,2026-01-30,3,602.52
109,10,35,2026-01-30,3,1430.94
110,10,9,2026-01-30,5,2169.55
111,11,23,2026-01-30,2,100.0
112,11,1,2026-01-30,2,285.1
113,11,12,2026-01-30,2,613.04
114,11,12,2026-01-30,4,1226.08
115,12,9,2026-01-30,2,867.82
116,12,16,2026-01-30,2,407.16
117,12,24,2026-01-30,1,80.66
118,12,34,2026-01-30,4,322.64
119,12,32,2026-01-30,4,1827.0
120,12,33,2026-01-30,3,1264.89
121,12,27,2026-01-30,5,2155.45
122,12,25,2026-01-30,4,1200.88
123,12,5,2026-01-30,4,176.04
124,12,11,2026-01-30,1,180.86
125,12,36,2026-01-30,2,602.96
126,12,30,2026-01-30,4,880.84
127,12,40,2026-01-30,4,1635.72
128,12,14,2026-01-30,5,568.55
129,1,28,2026-01-31,1,342.45
130,1,33,2026-01-31,5,2102.29
131,1,19,2026-01-31,4,302.88
132,1,1,2026-01-31,4,570.2
133,1,6,2026-01-31,1,443.3
134,1,27,2026-01-31,3,1293.27
135,1,37,2026-01-31,3,1394.7
136,1,7,2026-01-31,4,1415.04
137,1,17,2026-01-31,4,1755.2
138,1,8,2026-01-31,5,1932.97
139,1,17,2026-01-31,5,2194.0
140,1,4,2026-01-31,5,1831.1
141,1,32,2026-01-31,2,913.5
142,1,33,2026-01-31,4,1681.84
143,2,22,2026-01-31,3,1496.04
144,2,8,2026-01-31,4,1546.37
145,2,13,2026-01-31,4,343.52
146,2,33,2026-01-31,1,420.46
147,2,35,2026-01-31,4,1907.92
148,2,36,2026-01-31,3,904.44
149,3,25,2026-01-31,4,1197.54
150,3,19,2026-01-31,2,151.44
151,3,2,2026-01-31,4,222.36
152,3,30,2026-01-31,2,440.42
153,3,27,2026-01-31,5,2155.45
154,3,14,2026-01-31,5,568.55
155,3,20,2026-01-31,1,271.79
156,3,38,2026-01-31,4,494.12
157,3,27,2026-01-31,5,2155.45
158,3,3,2026-01-31,5,2122.55
159,3,30,2026-01-31,1,220.21
160,3,22,2026-01-31,1,498.68
161,3,21,2026-01-31,4,1797.68
162,4,14,2026-01-31,4,454.84
163,4,31,2026-01-31,2,972.16
164,4,17,2026-01-31,1,438.8
165,4,7,2026-01-31,3,1061.28
166,4,32,2026-01-31,4,1827.0
167,5,1,2026-01-31,2,285.1
168,5,24,2026-01-31,4,322.64
169,5,12,2026-01-31,3,919.56
170,5,10,2026-01-31,3,958.98
171,5,39,2026-01-31,4,1894.96
172,5,28,2026-01-31,3,1027.35
173,5,10,2026-01-31,4,1278.64
174,5,35,2026-01-31,3,1430.94
175,6,30,2026-01-31,4,880.84
176,6,25,2026-01-31,1,299.39
177,6,17,2026-01-31,5,2194.0
178,6,36,2026-01-31,1,301.48
179,7,13,2026-01-31,2,171.19
180,7,39,2026-01-31,1,472.16
181,7,5,2026-01-31,1,43.86
182,7,5,2026-01-31,1,43.86
183,7,1,2026-01-31,2,284.15
184,7,15,2026-01-31,2,235.97
185,7,11,2026-01-31,1,180.26
186,7,36,2026-01-31,5,1502.38
187,8,20,2026-01-31,2,543.58
188,8,17,2026-01-31,2,877.6
189,8,14,2026-01-31,4,454.84
190,8,40,2026-01-31,1,408.93
191,8,13,2026-01-31,5,429.4
192,9,10,2026-01-31,4,1278.64
193,9,15,2026-01-31,3,355.14
194,9,4,2026-01-31,3,1098.66
195,9,37,2026-01-31,2,929.8
196,9,7,2026-01-31,5,1768.8
197,9,21,2026-01-31,5,2247.1
198,10,11,2026-01-31,1,180.26
199,10,23,2026-01-31,2,99.67
200,10,21,2026-01-31,3,1343.77
201,10,28,2026-01-31,1,341.31
202,10,9,2026-01-31,5,2162.32
203,10,31,2026-01-31,1,484.46
204,10,15,2026-01-31,3,353.96
205,10,12,2026-01-31,5,1527.49
206,10,36,2026-01-31,4,1201.9
207,10,15,2026-01-31,4,471.94
208,10,12,2026-01-31,2,611.0
209,10,34,2026-01-31,1,80.39
210,10,6,2026-01-31,5,2209.11
211,10,8,2026-01-31,2,770.61
212,11,7,2026-01-31,3,1061.28
213,11,27,2026-01-31,5,2155.45
214,11,16,2026-01-31,1,203.58
215,11,12,2026-01-31,5,1532.6
216,12,4,2026-01-31,1,366.22
217,12,17,2026-01-31,3,1316.4
218,12,27,2026-01-31,5,2155.45
219,12,10,2026-01-31,4,1278.64
220,12,21,2026-01-31,3,1348.26
221,12,33,2026-01-31,1,420.46
222,12,38,2026-01-31,5,617.65
223,12,35,2026-01-31,3,1430.94
224,12,6,2026-01-31,1,443.3
225,12,15,2026-01-31,4,473.52
226,12,27,2026-01-31,4,1724.36
227,12,26,2026-01-31,1,498.08
228,12,1,2026-01-31,4,570.2
229,12,29,2026-01-31,3,1156.38
230,12,35,2026-01-31,4,1907.92
231,1,28,2026-02-01,2,684.9
232,1,5,2026-02-01,4,176.04
233,1,2,2026-02-01,2,111.18
234,1,26,2026-02-01,5,2490.4
235,1,31,2026-02-01,3,1458.24
236,1,24,2026-02-01,5,403.3
237,1,15,2026-02-01,5,591.9
238,1,21,2026-02-01,4,1797.68
239,1,21,2026-02-01,4,1797.68
240,1,27,2026-02-01,4,1724.36
241,1,35,2026-02-01,5,2384.9
242,1,17,2026-02-01,3,1316.4
243,1,5,2026-02-01,3,132.03
244,1,29,2026-02-01,2,770.92
245,2,23,2026-02-01,3,150.0
246,2,21,2026-02-01,4,1797.68
247,2,4,2026-02-01,2,732.44
248,2,29,2026-02-01,4,1541.84
249,3,30,2026-02-01,5,1101.05
250,3,28,2026-02-01,4,1369.8
251,3,22,2026-02-01,3,1496.04
252,3,11,2026-02-01,1,180.86
253,3,2,2026-02-01,4,222.36
254,3,34,2026-02-01,3,241.98
255,3,28,2026-02-01,2,684.9
256,3,29,2026-02-01,4,1541.84
257,3,14,2026-02-01,2,227.42
258,3,4,2026-02-01,3,1098.66
259,3,39,2026-02-01,3,1421.22
260,3,33,2026-02-01,3,1257.86
261,4,38,2026-02-01,5,617.65
262,4,16,2026-02-01,3,610.74
263,4,36,2026-02-01,5,1507.4
264,4,35,2026-02-01,1,476.98
265,4,31,2026-02-01,5,2430.4
266,4,30,2026-02-01,2,440.42
267,4,36,2026-02-01,1,301.48
268,5,18,2026-02-01,4,803.36
269,5,34,2026-02-01,4,322.64
270,5,32,2026-02-01,5,2283.75
271,5,32,2026-02-01,2,913.5
272,5,8,2026-02-01,4,1542.07
273,5,25,2026-02-01,4,1194.21
274,6,37,2026-02-01,1,464.9
275,6,33,2026-02-01,1,419.29
276,6,7,2026-02-01,3,1061.28
277,6,27,2026-02-01,2,862.18
278,6,29,2026-02-01,4,1541.84
279,6,26,2026-02-01,2,996.16
280,6,31,2026-02-01,3,1458.24
281,6,2,2026-02-01,5,277.95
282,6,21,2026-02-01,3,1348.26
283,6,15,2026-02-01,4,473.52
284,7,4,2026-02-01,5,1818.89
285,7,17,2026-02-01,3,1307.62
286,7,13,2026-02-01,4,341.23
287,7,26,2026-02-01,5,2473.8
288,7,19,2026-02-01,3,225.65
289,7,33,2026-02-01,3,1249.48
290,7,9,2026-02-01,4,1724.07
291,7,18,2026-02-01,3,598.5
292,7,36,2026-02-01,3,898.41
293,7,11,2026-02-01,3,538.96
294,7,22,2026-02-01,2,990.71
295,8,13,2026-02-01,2,171.76
296,8,40,2026-02-01,3,1226.79
297,8,26,2026-02-01,1,498.08
298,8,21,2026-02-01,5,2247.1
299,9,38,2026-02-01,2,247.06
300,9,9,2026-02-01,2,867.82
301,9,36,2026-02-01,2,602.96
302,9,18,2026-02-01,4,803.36
303,9,37,2026-02-01,3,1394.7
304,9,21,2026-02-01,5,2247.1
305,9,32,2026-02-01,5,2283.75
306,9,39,2026-02-01,5,2368.7
307,9,13,2026-02-01,3,257.64
308,9,7,2026-02-01,1,353.76
309,9,26,2026-02-01,2,996.16
310,9,30,2026-02-01,3,660.63
311,9,2,2026-02-01,2,111.18
312,9,2,2026-02-01,3,166.77
313,9,8,2026-02-01,2,771.03
314,10,37,2026-02-01,1,461.8
315,10,23,2026-02-01,5,248.33
316,10,5,2026-02-01,2,87.43
317,10,32,2026-02-01,3,1361.12
318,10,6,2026-02-01,1,440.34
319,10,23,2026-02-01,1,49.67
320,10,18,2026-02-01,5,997.51
321,11,14,2026-02-01,2,227.42
322,11,17,2026-02-01,4,1755.2
323,11,1,2026-02-01,1,142.55
324,11,38,2026-02-01,1,123.53
325,11,35,2026-02-01,5,2384.9
326,11,26,2026-02-01,3,1494.24
327,11,3,2026-02-01,4,1698.04
328,12,29,2026-02-01,4,1541.84
329,12,21,2026-02-01,3,1348.26
330,12,37,2026-02-01,2,929.8
331,12,19,2026-02-01,1,75.72
332,12,9,2026-02-01,3,1301.73
333,12,22,2026-02-01,4,1994.72
334,12,32,2026-02-01,1,456.75
335,12,23,2026-02-01,1,50.0
336,12,23,2026-02-01,4,200.0
337,12,29,2026-02-01,4,1541.84
338,1,18,2026-02-02,5,1004.2
339,1,7,2026-02-02,1,353.76
340,1,12,2026-02-02,2,613.04
341,1,13,2026-02-02,2,171.76
342,2,6,2026-02-02,5,2216.5
343,2,2,2026-02-02,3,166.77
344,2,23,2026-02-02,1,50.0
345,2,11,2026-02-02,2,361.72
346,2,19,2026-02-02,1,75.72
347,2,29,2026-02-02,5,1927.3
348,2,6,2026-02-02,4,1773.2
349,2,24,2026-02-02,5,403.3
350,2,34,2026-02-02,5,403.3
351,2,37,2026-02-02,5,2324.5
352,2,4,2026-02-02,2,732.44
353,2,17,2026-02-02,5,2194.0
354,2,34,2026-02-02,4,322.64
355,2,19,2026-02-02,4,302.88
356,2,28,2026-02-02,4,1369.8
357,3,24,2026-02-02,5,403.3
358,3,23,2026-02-02,4,200.0
359,3,26,2026-02-02,3,1494.24
360,3,15,2026-02-02,5,591.9
361,3,5,2026-02-02,5,220.05
362,3,14,2026-02-02,1,113.71
363,3,4,2026-02-02,5,1831.1
364,4,27,2026-02-02,1,431.09
365,4,13,2026-02-02,2,171.76
366,4,34,2026-02-02,2,161.32
367,4,14,2026-02-02,3,341.13
368,4,37,2026-02-02,1,464.9
369,4,5,2026-02-02,2,88.02
370,4,33,2026-02-02,2,836.23
371,4,40,2026-02-02,2,817.86
372,4,40,2026-02-02,5,2044.65
373,4,25,2026-02-02,1,297.72
374,4,17,2026-02-02,2,877.6
375,4,23,2026-02-02,1,50.0
376,4,33,2026-02-02,4,1672.47
377,4,3,2026-02-02,4,1698.04
378,5,40,2026-02-02,5,2044.65
379,5,31,2026-02-02,4,1944.32
380,5,8,2026-02-02,3,1153.32
381,5,10,2026-02-02,1,319.66
382,5,10,2026-02-02,2,639.32
383,5,6,2026-02-02,3,1329.9
384,5,23,2026-02-02,3,150.0
385,5,28,2026-02-02,4,1369.8
386,5,16,2026-02-02,1,203.58
387,5,26,2026-02-02,2,996.16
388,5,26,2026-02-02,3,1494.24
389,5,35,2026-02-02,5,2384.9
390,5,13,2026-02-02,2,171.76
391,5,24,2026-02-02,4,322.64
392,6,2,2026-02-02,5,277.95
393,6,39,2026-02-02,2,947.48
394,6,23,2026-02-02,2,100.0
395,6,7,2026-02-02,3,1061.28
396,7,26,2026-02-02,1,493.1
397,7,30,2026-02-02,1,218.01
398,7,1,2026-02-02,2,282.25
399,7,27,2026-02-02,3,1280.34
400,7,7,2026-02-02,5,1751.11
401,8,16,2026-02-02,5,1017.9
402,8,14,2026-02-02,3,341.13
403,8,4,2026-02-02,4,1464.88
404,8,8,2026-02-02,1,384.44
405,8,2,2026-02-02,4,222.36
406,8,22,2026-02-02,3,1496.04
407,8,24,2026-02-02,4,322.64
408,8,25,2026-02-02,3,893.15
409,8,40,2026-02-02,5,2044.65
410,8,2,2026-02-02,5,277.95
411,8,2,2026-02-02,4,222.36
412,8,29,2026-02-02,4,1541.84
413,8,4,2026-02-02,1,366.22
414,8,2,2026-02-02,5,277.95
415,9,7,2026-02-02,4,1415.04
416,9,27,2026-02-02,3,1293.27
417,9,34,2026-02-02,5,403.3
418,10,21,2026-02-02,1,444.93
419,10,24,2026-02-02,1,79.85
420,10,39,2026-02-02,2,938.01
421,10,3,2026-02-02,5,2101.32
422,10,24,2026-02-02,5,399.27
423,10,19,2026-02-02,1,74.96
424,10,16,2026-02-02,3,604.63
425,11,22,2026-02-02,1,498.68
426,11,29,2026-02-02,2,770.92
427,11,5,2026-02-02,4,176.04
428,11,9,2026-02-02,5,2169.55
429,11,24,2026-02-02,4,322.64
430,11,28,2026-02-02,3,1027.35
431,11,22,2026-02-02,2,997.36
432,11,15,2026-02-02,5,591.9
433,11,17,2026-02-02,4,1755.2
434,11,14,2026-02-02,4,454.84
435,11,33,2026-02-02,1,418.12
436,11,38,2026-02-02,4,494.12
437,12,20,2026-02-02,4,1087.16
438,12,30,2026-02-02,3,660.63
439,12,13,2026-02-02,3,257.64
440,12,37,2026-02-02,1,464.9
441,12,21,2026-02-02,2,898.84
442,12,16,2026-02-02,3,610.74
443,12,27,2026-02-02,4,1724.36
444,12,28,2026-02-02,4,1369.8
445,1,16,2026-02-03,4,814.32
446,1,12,2026-02-03,5,1532.6
447,1,27,2026-02-03,1,431.09
448,1,27,2026-02-03,4,1724.36
449,1,16,2026-02-03,1,203.58
450,1,6,2026-02-03,3,1329.9
451,1,15,2026-02-03,3,355.14
452,2,23,2026-02-03,1,50.0
453,2,31,2026-02-03,4,1944.32
454,2,36,2026-02-03,5,1507.4
455,2,16,2026-02-03,1,203.58
456,2,38,2026-02-03,5,617.65
457,2,31,2026-02-03,4,1944.32
458,2,37,2026-02-03,4,1859.6
459,2,1,2026-02-03,1,142.55
460,3,26,2026-02-03,5,2490.4
461,3,23,2026-02-03,3,150.0
462,3,38,2026-02-03,5,617.65
463,3,25,2026-02-03,4,1187.54
464,3,27,2026-02-03,4,1724.36
465,3,19,2026-02-03,1,75.72
466,4,26,2026-02-03,3,1494.24
467,4,12,2026-02-03,5,1532.6
468,4,25,2026-02-03,2,593.77
469,4,38,2026-02-03,3,370.59
470,4,5,2026-02-03,4,176.04
471,4,4,2026-02-03,4,1464.88
472,5,36,2026-02-03,1,301.48
473,5,13,2026-02-03,5,429.4
474,5,5,2026-02-03,2,88.02
475,5,1,2026-02-03,2,285.1
476,6,30,2026-02-03,5,1101.05
477,6,12,2026-02-03,1,306.52
478,6,26,2026-02-03,5,2490.4
479,6,22,2026-02-03,4,1994.72
480,6,26,2026-02-03,1,498.08
481,6,30,2026-02-03,2,440.42
482,6,22,2026-02-03,1,498.68
483,7,33,2026-02-03,1,411.39
484,7,22,2026-02-03,2,984.06
485,7,4,2026-02-03,4,1445.35
486,7,20,2026-02-03,3,804.5
487,7,31,2026-02-03,5,2397.99
488,7,3,2026-02-03,3,1256.55
489,7,5,2026-02-03,4,173.69
490,7,18,2026-02-03,4,792.65
491,7,36,2026-02-03,4,1189.84
492,7,15,2026-02-03,2,233.6
493,8,10,2026-02-03,5,1598.3
494,8,23,2026-02-03,2,100.0
495,8,16,2026-02-03,4,814.32
496,8,13,2026-02-03,2,171.76
497,8,13,2026-02-03,5,429.4
498,8,27,2026-02-03,5,2155.45
499,8,40,2026-02-03,2,817.86
500,8,13,2026-02-03,1,85.88
501,8,34,2026-02-03,3,241.98
502,8,25,2026-02-03,4,1187.54
503,9,19,2026-02-03,5,378.6
504,9,20,2026-02-03,3,815.37
505,9,6,2026-02-03,1,443.3
506,9,24,2026-02-03,3,241.98
507,9,33,2026-02-03,3,1250.84
508,9,35,2026-02-03,5,2384.9
509,9,3,2026-02-03,5,2122.55
510,9,25,2026-02-03,4,1187.54
511,10,21,2026-02-03,4,1773.71
512,10,4,2026-02-03,5,1806.69
513,10,12,2026-02-03,4,1209.73
514,10,25,2026-02-03,3,878.78
515,10,15,2026-02-03,3,350.4
516,11,30,2026-02-03,5,1101.05
517,11,12,2026-02-03,4,1226.08
518,11,9,2026-02-03,4,1735.64
519,11,10,2026-02-03,3,958.98
520,11,20,2026-02-03,2,543.58
521,11,16,2026-02-03,2,407.16
522,11,23,2026-02-03,5,250.0
523,11,9,2026-02-03,4,1735.64
524,11,20,2026-02-03,2,543.58
525,11,21,2026-02-03,4,1797.68
526,11,1,2026-02-03,1,142.55
527,12,11,2026-02-03,4,723.44
528,12,36,2026-02-03,4,1205.92
529,12,13,2026-02-03,4,343.52
530,12,4,2026-02-03,2,732.44
531,12,11,2026-02-03,4,723.44
532,12,26,2026-02-03,1,498.08
533,12,39,2026-02-03,2,947.48
534,12,1,2026-02-03,5,712.75
535,1,12,2026-02-04,3,919.56
536,1,11,2026-02-04,1,180.86
537,1,4,2026-02-04,4,1464.88
538,1,3,2026-02-04,1,424.51
539,1,26,2026-02-04,5,2490.4
540,1,34,2026-02-04,4,322.64
541,1,30,2026-02-04,1,220.21
542,1,34,2026-02-04,2,161.32
543,1,27,2026-02-04,4,1724.36
544,1,16,2026-02-04,2,407.16
545,1,31,2026-02-04,1,486.08
546,1,10,2026-02-04,4,1278.64
547,2,17,2026-02-04,3,1316.4
548,2,13,2026-02-04,3,257.64
549,2,18,2026-02-04,5,1004.2
550,2,31,2026-02-04,4,1944.32
551,2,16,2026-02-04,1,203.58
552,2,33,2026-02-04,3,1247.32
553,2,13,2026-02-04,5,429.4
554,2,21,2026-02-04,4,1797.68
555,2,2,2026-02-04,3,166.77
556,2,38,2026-02-04,4,494.12
557,2,8,2026-02-04,5,1911.43
558,2,3,2026-02-04,1,424.51
559,2,8,2026-02-04,5,1911.43
560,2,31,2026-02-04,1,486.08
561,2,12,2026-02-04,2,613.04
562,3,26,2026-02-04,3,1494.24
563,3,12,2026-02-04,2,613.04
564,3,36,2026-02-04,1,301.48
565,3,29,2026-02-04,4,1541.84
566,3,11,2026-02-04,1,180.86
567,3,34,2026-02-04,1,80.66
568,3,37,2026-02-04,4,1859.6
569,3,28,2026-02-04,2,684.9
570,3,3,2026-02-04,3,1273.53
571,3,33,2026-02-04,1,415.77
572,3,23,2026-02-04,1,50.0
573,3,5,2026-02-04,3,132.03
574,3,26,2026-02-04,1,498.08
575,4,7,2026-02-04,3,1061.28
576,4,40,2026-02-04,3,1226.79
577,4,36,2026-02-04,4,1205.92
578,4,23,2026-02-04,2,100.0
579,4,6,2026-02-04,2,886.6
580,4,22,2026-02-04,5,2493.4
581,4,26,2026-02-04,4,1992.32
582,5,26,2026-02-04,2,996.16
583,5,9,2026-02-04,2,867.82
584,5,39,2026-02-04,2,947.48
585,5,25,2026-02-04,1,296.05
586,5,21,2026-02-04,5,2247.1
587,5,7,2026-02-04,4,1415.04
588,5,38,2026-02-04,5,617.65
589,5,5,2026-02-04,2,88.02
590,5,1,2026-02-04,4,570.2
591,5,10,2026-02-04,5,1598.3
592,5,29,2026-02-04,2,770.92
593,5,15,2026-02-04,2,236.76
594,6,34,2026-02-04,3,241.98
595,6,26,2026-02-04,4,1992.32
596,6,15,2026-02-04,3,355.14
597,6,31,2026-02-04,1,486.08
598,6,29,2026-02-04,4,1541.84
599,6,16,2026-02-04,3,610.74
600,6,19,2026-02-04,5,378.6
601,6,7,2026-02-04,2,707.52
602,6,9,2026-02-04,1,433.91
603,6,5,2026-02-04,4,176.04
604,7,18,2026-02-04,5,987.46
605,7,21,2026-02-04,3,1325.79
606,7,19,2026-02-04,4,297.83
607,7,37,2026-02-04,3,1371.45
608,7,6,2026-02-04,4,1743.65
609,7,30,2026-02-04,3,649.62
610,7,13,2026-02-04,2,168.9
611,7,1,2026-02-04,4,560.7
612,8,20,2026-02-04,1,271.79
613,8,20,2026-02-04,2,543.58
614,8,31,2026-02-04,4,1944.32
615,8,7,2026-02-04,5,1768.8
616,8,32,2026-02-04,3,1370.25
617,8,30,2026-02-04,5,1101.05
618,8,39,2026-02-04,3,1421.22
619,8,20,2026-02-04,3,815.37
620,8,1,2026-02-04,1,142.55
621,8,17,2026-02-04,4,1755.2
622,9,25,2026-02-04,1,296.05
623,9,15,2026-02-04,5,591.9
624,9,19,2026-02-04,1,75.72
625,9,7,2026-02-04,5,1768.8
626,9,2,2026-02-04,4,222.36
627,9,37,2026-02-04,3,1394.7
628,9,30,2026-02-04,2,440.42
629,10,29,2026-02-04,3,1137.11
630,10,34,2026-02-04,2,158.63
631,10,22,2026-02-04,2,980.74
632,10,4,2026-02-04,5,1800.58
633,10,13,2026-02-04,3,253.35
634,10,26,2026-02-04,2,979.56
635,10,32,2026-02-04,1,449.14
636,10,1,2026-02-04,1,140.17
637,10,25,2026-02-04,3,873.35
638,10,18,2026-02-04,4,789.97
639,10,5,2026-02-04,1,43.28
640,10,9,2026-02-04,5,2133.39
641,11,8,2026-02-04,2,764.57
642,11,37,2026-02-04,1,464.9
643,11,14,2026-02-04,3,341.13
644,11,36,2026-02-04,3,904.44
645,11,20,2026-02-04,4,1087.16
646,11,33,2026-02-04,2,831.55
647,11,32,2026-02-04,2,913.5
648,11,29,2026-02-04,2,770.92
649,12,24,2026-02-04,5,403.3
650,12,2,2026-02-04,3,166.77
651,12,16,2026-02-04,5,1017.9
652,12,19,2026-02-04,5,378.6
653,12,30,2026-02-04,3,660.63
654,12,36,2026-02-04,2,602.96
655,12,25,2026-02-04,3,888.15
656,12,9,2026-02-04,4,1735.64
657,12,35,2026-02-04,3,1430.94
658,12,17,2026-02-04,3,1316.4
659,12,1,2026-02-04,1,142.55
660,12,32,2026-02-04,4,1827.0
661,12,35,2026-02-04,1,476.98
662,12,10,2026-02-04,2,639.32
663,12,22,2026-02-04,2,997.36
664,1,34,2026-02-05,4,322.64
665,1,35,2026-02-05,5,2384.9
666,1,9,2026-02-05,3,1301.73
667,1,38,2026-02-05,1,123.53
668,1,28,2026-02-05,4,1369.8
669,1,30,2026-02-05,1,220.21
670,1,10,2026-02-05,3,958.98
671,1,21,2026-02-05,5,2247.1
672,1,17,2026-02-05,1,438.8
673,1,3,2026-02-05,4,1698.04
674,1,27,2026-02-05,3,1293.27
675,1,14,2026-02-05,3,341.13
676,1,29,2026-02-05,5,1927.3
677,2,6,2026-02-05,3,1329.9
678,2,34,2026-02-05,1,80.66
679,2,6,2026-02-05,2,886.6
680,2,37,2026-02-05,4,1859.6
681,2,21,2026-02-05,1,449.42
682,2,38,2026-02-05,5,617.65
683,2,17,2026-02-05,5,2194.0
684,2,39,2026-02-05,3,1421.22
685,2,30,2026-02-05,5,1101.05
686,3,29,2026-02-05,1,385.46
687,3,1,2026-02-05,4,570.2
688,3,33,2026-02-05,3,1243.81
689,3,25,2026-02-05,4,1180.87
690,3,17,2026-02-05,1,438.8
691,3,36,2026-02-05,2,602.96
692,4,35,2026-02-05,1,476.98
693,4,25,2026-02-05,3,885.65
694,4,34,2026-02-05,4,322.64
695,5,40,2026-02-05,1,408.93
696,5,11,2026-02-05,2,361.72
697,5,32,2026-02-05,5,2283.75
698,5,9,2026-02-05,2,867.82
699,6,25,2026-02-05,4,1180.87
700,6,2,2026-02-05,3,166.77
701,6,9,2026-02-05,5,2169.55
702,6,16,2026-02-05,4,814.32
703,6,9,2026-02-05,5,2169.55
704,6,35,2026-02-05,2,953.96
705,6,10,2026-02-05,4,1278.64
706,6,23,2026-02-05,1,50.0
707,6,21,2026-02-05,4,1797.68
708,7,20,2026-02-05,4,1065.42
709,7,15,2026-02-05,3,348.04
710,7,6,2026-02-05,1,434.43
711,7,14,2026-02-05,3,334.31
712,7,19,2026-02-05,2,148.41
713,7,27,2026-02-05,4,1689.87
714,7,1,2026-02-05,4,558.8
715,7,18,2026-02-05,2,393.65
716,7,34,2026-02-05,3,237.14
717,7,35,2026-02-05,1,467.44
718,7,37,2026-02-05,3,1366.81
719,7,13,2026-02-05,5,420.81
720,8,10,2026-02-05,3,958.98
721,8,2,2026-02-05,1,55.59
722,8,38,2026-02-05,4,494.12
723,8,34,2026-02-05,3,241.98
724,8,14,2026-02-05,2,227.42
725,8,36,2026-02-05,1,301.48
726,8,23,2026-02-05,4,200.0
727,8,33,2026-02-05,1,414.6
728,8,37,2026-02-05,2,929.8
729,8,8,2026-02-05,5,1906.04
730,8,37,2026-02-05,1,464.9
731,8,39,2026-02-05,1,473.74
732,8,26,2026-02-05,3,1494.24
733,9,29,2026-02-05,2,770.92
734,9,38,2026-02-05,5,617.65
735,9,17,2026-02-05,2,877.6
736,9,11,2026-02-05,1,180.86
737,9,14,2026-02-05,5,568.55
738,9,16,2026-02-05,2,407.16
739,10,17,2026-02-05,2,860.05
740,10,3,2026-02-05,2,832.04
741,10,33,2026-02-05,3,1218.93
742,10,13,2026-02-05,2,168.32
743,10,10,2026-02-05,5,1566.33
744,10,12,2026-02-05,1,300.39
745,10,8,2026-02-05,3,1120.75
746,10,18,2026-02-05,2,393.65
747,10,23,2026-02-05,2,98.0
748,10,32,2026-02-05,5,2238.07
749,10,34,2026-02-05,3,237.14
750,10,35,2026-02-05,2,934.88
751,11,19,2026-02-05,1,75.72
752,11,28,2026-02-05,2,684.9
753,11,13,2026-02-05,1,85.88
754,11,15,2026-02-05,3,355.14
755,12,18,2026-02-05,2,401.68
756,12,6,2026-02-05,5,2216.5
757,12,34,2026-02-05,3,241.98
758,12,37,2026-02-05,1,464.9
759,12,39,2026-02-05,2,947.48
760,12,19,2026-02-05,3,227.16
761,12,10,2026-02-05,1,319.66
762,12,26,2026-02-05,2,996.16
763,12,11,2026-02-05,4,723.44
764,12,11,2026-02-05,5,904.3
765,12,19,2026-02-05,1,75.72
766,12,31,2026-02-05,1,486.08
767,12,39,2026-02-05,4,1894.96
768,12,30,2026-02-05,4,880.84
769,12,26,2026-02-05,3,1494.24
770,1,29,2026-02-06,5,1927.3
771,1,3,2026-02-06,1,424.51
772,1,10,2026-02-06,4,1278.64
773,1,34,2026-02-06,5,403.3
774,1,5,2026-02-06,2,88.02
775,1,24,2026-02-06,5,403.3
776,1,5,2026-02-06,1,44.01
777,1,21,2026-02-06,5,2247.1
778,1,23,2026-02-06,3,150.0
779,1,1,2026-02-06,4,570.2
780,1,37,2026-02-06,1,464.9
781,2,24,2026-02-06,4,322.64
782,2,17,2026-02-06,4,1755.2
783,2,12,2026-02-06,4,1226.08
784,3,27,2026-02-06,1,431.09
785,3,32,2026-02-06,4,1827.0
786,3,7,2026-02-06,4,1415.04
787,3,12,2026-02-06,1,306.52
788,3,31,2026-02-06,1,486.08
789,3,11,2026-02-06,3,542.58
790,3,13,2026-02-06,5,429.4
791,3,29,2026-02-06,2,770.92
792,3,27,2026-02-06,1,431.09
793,3,2,2026-02-06,2,111.18
794,3,27,2026-02-06,3,1293.27
795,3,18,2026-02-06,5,1004.2
796,3,12,2026-02-06,5,1532.6
797,4,24,2026-02-06,3,241.98
798,4,24,2026-02-06,4,322.64
799,4,32,2026-02-06,5,2283.75
800,4,10,2026-02-06,5,1598.3
801,4,22,2026-02-06,3,1496.04
802,4,8,2026-02-06,4,1520.53
803,4,38,2026-02-06,5,617.65
804,4,25,2026-02-06,5,1471.91
805,4,18,2026-02-06,4,803.36
806,4,32,2026-02-06,1,456.75
807,4,37,2026-02-06,1,464.9
808,5,4,2026-02-06,5,1831.1
809,5,38,2026-02-06,2,247.06
810,5,19,2026-02-06,4,302.88
811,5,22,2026-02-06,4,1994.72
812,5,36,2026-02-06,2,602.96
813,5,2,2026-02-06,4,222.36
814,5,3,2026-02-06,3,1273.53
815,5,40,2026-02-06,4,1635.72
816,5,7,2026-02-06,4,1415.04
817,5,19,2026-02-06,4,302.88
818,5,7,2026-02-06,1,353.76
819,5,12,2026-02-06,3,919.56
820,5,2,2026-02-06,4,222.36
821,6,1,2026-02-06,3,427.65
822,6,26,2026-02-06,3,1494.24
823,6,31,2026-02-06,2,972.16
824,6,26,2026-02-06,4,1992.32
825,6,12,2026-02-06,1,306.52
826,6,39,2026-02-06,1,473.74
827,6,36,2026-02-06,1,301.48
828,6,27,2026-02-06,1,431.09
829,7,28,2026-02-06,1,334.46
830,7,12,2026-02-06,3,898.1
831,7,19,2026-02-06,2,147.91
832,7,24,2026-02-06,5,393.89
833,7,4,2026-02-06,1,357.67
834,7,5,2026-02-06,5,214.92
835,7,31,2026-02-06,5,2373.69
836,7,12,2026-02-06,5,1496.84
837,7,26,2026-02-06,3,1459.37
838,8,4,2026-02-06,1,366.22
839,8,24,2026-02-06,4,322.64
840,8,4,2026-02-06,3,1098.66
841,8,37,2026-02-06,4,1859.6
842,8,36,2026-02-06,1,301.48
843,8,3,2026-02-06,3,1273.53
844,8,26,2026-02-06,5,2490.4
845,8,23,2026-02-06,3,150.0
846,8,28,2026-02-06,3,1027.35
847,8,35,2026-02-06,1,476.98
848,8,23,2026-02-06,5,250.0
849,8,33,2026-02-06,5,2067.16
850,8,29,2026-02-06,2,770.92
851,9,37,2026-02-06,4,1859.6
852,9,21,2026-02-06,2,898.84
853,9,39,2026-02-06,1,473.74
854,9,31,2026-02-06,3,1458.24
855,9,22,2026-02-06,5,2493.4
856,10,29,2026-02-06,1,376.47
857,10,20,2026-02-06,3,796.34
858,10,29,2026-02-06,5,1882.33
859,10,17,2026-02-06,2,857.12
860,10,8,2026-02-06,4,1485.05
861,10,20,2026-02-06,5,1327.24
862,10,26,2026-02-06,5,2432.29
863,10,11,2026-02-06,5,883.2
864,11,18,2026-02-06,5,1004.2
865,11,25,2026-02-06,1,294.38
866,11,33,2026-02-06,5,2067.16
867,11,28,2026-02-06,3,1027.35
868,11,2,2026-02-06,1,55.59
869,11,1,2026-02-06,2,285.1
870,11,7,2026-02-06,3,1061.28
871,11,27,2026-02-06,3,1293.27
872,11,20,2026-02-06,3,815.37
873,11,14,2026-02-06,3,341.13
874,11,15,2026-02-06,1,118.38
875,11,4,2026-02-06,2,732.44
876,11,25,2026-02-06,2,588.76
877,12,40,2026-02-06,4,1635.72
878,12,13,2026-02-06,1,85.88
879,12,15,2026-02-06,2,236.76
880,12,8,2026-02-06,1,380.13
881,12,12,2026-02-06,1,306.52
882,12,24,2026-02-06,5,403.3
883,12,17,2026-02-06,2,877.6
884,12,7,2026-02-06,4,1415.04
885,12,20,2026-02-06,4,1087.16
886,12,1,2026-02-06,4,570.2
887,12,39,2026-02-06,3,1421.22
888,12,23,2026-02-06,2,100.0
889,1,4,2026-02-07,3,1098.66
890,1,14,2026-02-07,3,341.13
891,1,12,2026-02-07,5,1532.6
892,1,11,2026-02-07,5,904.3
893,1,5,2026-02-07,1,44.01
894,1,12,2026-02-07,1,306.52
895,1,27,2026-02-07,2,862.18
896,1,28,2026-02-07,2,684.9
897,2,5,2026-02-07,5,220.05
898,2,9,2026-02-07,1,433.91
899,2,1,2026-02-07,1,142.55
900,2,17,2026-02-07,3,1316.4
901,2,40,2026-02-07,4,1635.72
902,2,39,2026-02-07,4,1894.96
903,2,16,2026-02-07,4,814.32
904,2,29,2026-02-07,5,1927.3
905,2,34,2026-02-07,4,322.64
906,2,14,2026-02-07,4,454.84
907,2,15,2026-02-07,3,355.14
908,2,22,2026-02-07,2,997.36
909,2,20,2026-02-07,5,1358.95
910,2,1,2026-02-07,1,142.55
911,2,34,2026-02-07,3,241.98
912,3,28,2026-02-07,1,342.45
913,3,39,2026-02-07,3,1421.22
914,3,2,2026-02-07,5,277.95
915,3,33,2026-02-07,4,1649.04
916,3,9,2026-02-07,5,2169.55
917,3,17,2026-02-07,3,1316.4
918,3,39,2026-02-07,1,473.74
919,3,30,2026-02-07,2,440.42
920,3,39,2026-02-07,4,1894.96
921,4,2,2026-02-07,1,55.59
922,4,8,2026-02-07,1,379.06
923,4,29,2026-02-07,2,770.92
924,4,2,2026-02-07,3,166.77
925,4,14,2026-02-07,2,227.42
926,4,36,2026-02-07,2,602.96
927,4,10,2026-02-07,3,958.98
928,4,26,2026-02-07,3,1494.24
929,4,39,2026-02-07,3,1421.22
930,4,39,2026-02-07,1,473.74
931,4,12,2026-02-07,1,306.52
932,4,26,2026-02-07,4,1992.32
933,5,40,2026-02-07,4,1635.72
934,5,28,2026-02-07,2,684.9
935,5,13,2026-02-07,2,171.76
936,5,31,2026-02-07,4,1944.32
937,5,28,2026-02-07,5,1712.25
938,5,11,2026-02-07,2,361.72
939,5,4,2026-02-07,5,1831.1
940,5,6,2026-02-07,5,2216.5
941,5,37,2026-02-07,3,1394.7
942,5,40,2026-02-07,1,408.93
943,5,36,2026-02-07,4,1205.92
944,5,7,2026-02-07,1,353.76
945,5,36,2026-02-07,4,1205.92
946,5,13,2026-02-07,1,85.88
947,6,2,2026-02-07,1,55.59
948,6,13,2026-02-07,3,257.64
949,6,9,2026-02-07,5,2169.55
950,6,7,2026-02-07,4,1415.04
951,6,37,2026-02-07,5,2324.5
952,6,16,2026-02-07,4,814.32
953,6,36,2026-02-07,4,1205.92
954,6,23,2026-02-07,3,150.0
955,6,2,2026-02-07,1,55.59
956,6,37,2026-02-07,4,1859.6
957,7,25,2026-02-07,3,857.16
958,7,9,2026-02-07,2,844.68
959,7,28,2026-02-07,5,1666.59
960,8,14,2026-02-07,3,341.13
961,8,16,2026-02-07,1,203.58
962,8,8,2026-02-07,4,1516.22
963,8,36,2026-02-07,1,301.48
964,8,18,2026-02-07,2,401.68
965,8,22,2026-02-07,4,1994.72
966,8,34,2026-02-07,5,403.3
967,8,35,2026-02-07,4,1907.92
968,8,27,2026-02-07,5,2155.45
969,8,36,2026-02-07,1,301.48
970,9,21,2026-02-07,3,1348.26
971,9,20,2026-02-07,3,815.37
972,9,20,2026-02-07,2,543.58
973,9,23,2026-02-07,3,150.0
974,9,2,2026-02-07,2,111.18
975,9,5,2026-02-07,1,44.01
976,9,31,2026-02-07,5,2430.4
977,9,5,2026-02-07,1,44.01
978,9,12,2026-02-07,5,1532.6
979,10,28,2026-02-07,2,666.64
980,10,13,2026-02-07,3,250.77
981,10,39,2026-02-07,3,1383.32
982,10,3,2026-02-07,2,826.38
983,10,5,2026-02-07,2,85.67
984,10,6,2026-02-07,1,431.48
985,10,23,2026-02-07,2,97.33
986,10,22,2026-02-07,3,1456.15
987,10,17,2026-02-07,2,854.2
988,10,5,2026-02-07,2,85.67
989,10,17,2026-02-07,5,2135.49
990,11,8,2026-02-07,1,379.06
991,11,9,2026-02-07,2,867.82
992,11,22,2026-02-07,4,1994.72
993,11,18,2026-02-07,4,803.36
994,11,33,2026-02-07,5,2061.3
995,12,5,2026-02-07,5,220.05
996,12,5,2026-02-07,4,176.04
997,12,31,2026-02-07,5,2430.4
998,12,7,2026-02-07,5,1768.8
999,12,15,2026-02-07,3,355.14
1000,12,24,2026-02-07,3,241.98
1001,12,26,2026-02-07,2,996.16
1002,12,6,2026-02-07,4,1773.2
1003,12,20,2026-02-07,1,271.79
1004,12,38,2026-02-07,4,494.12
1005,12,15,2026-02-07,4,473.52
1006,12,34,2026-02-07,3,241.98
1007,12,3,2026-02-07,3,1273.53
1008,12,11,2026-02-07,5,904.3
1009,12,17,2026-02-07,1,438.8
1010,1,21,2026-02-08,5,2247.1
1011,1,21,2026-02-08,1,449.42
1012,1,36,2026-02-08,3,904.44
1013,1,40,2026-02-08,4,1635.72
1014,1,21,2026-02-08,4,1797.68
1015,1,40,2026-02-08,1,408.93
1016,1,28,2026-02-08,1,342.45
1017,1,30,2026-02-08,3,660.63
1018,2,33,2026-02-08,1,411.09
1019,2,17,2026-02-08,1,438.8
1020,2,33,2026-02-08,5,2055.45
1021,2,1,2026-02-08,5,712.75
1022,2,23,2026-02-08,5,250.0
1023,2,9,2026-02-08,4,1735.64
1024,2,30,2026-02-08,4,880.84
1025,3,8,2026-02-08,5,1889.89
1026,3,20,2026-02-08,1,271.79
1027,3,20,2026-02-08,4,1087.16
1028,3,38,2026-02-08,5,617.65
1029,3,24,2026-02-08,2,161.32
1030,3,6,2026-02-08,3,1329.9
1031,3,26,2026-02-08,5,2490.4
1032,3,34,2026-02-08,4,322.64
1033,3,21,2026-02-08,5,2247.1
1034,3,25,2026-02-08,2,585.43
1035,3,30,2026-02-08,1,220.21
1036,3,22,2026-02-08,4,1994.72
1037,4,30,2026-02-08,3,660.63
1038,4,21,2026-02-08,1,449.42
1039,4,1,2026-02-08,5,712.75
1040,4,21,2026-02-08,2,898.84
1041,5,11,2026-02-08,2,361.72
1042,5,7,2026-02-08,4,1415.04
1043,5,34,2026-02-08,4,322.64
1044,6,19,2026-02-08,5,378.6
1045,6,35,2026-02-08,5,2384.9
1046,6,21,2026-02-08,2,898.84
1047,6,6,2026-02-08,3,1329.9
1048,6,22,2026-02-08,3,1496.04
1049,6,24,2026-02-08,3,241.98
1050,6,37,2026-02-08,4,1859.6
1051,6,1,2026-02-08,4,570.2
1052,6,15,2026-02-08,3,355.14
1053,6,39,2026-02-08,5,2368.7
1054,6,26,2026-02-08,1,498.08
1055,7,38,2026-02-08,3,359.47
1056,7,17,2026-02-08,1,425.64
1057,7,21,2026-02-08,3,1307.81
1058,7,10,2026-02-08,1,310.07
1059,7,22,2026-02-08,5,2418.6
1060,7,25,2026-02-08,4,1135.73
1061,7,14,2026-02-08,3,330.9
1062,7,23,2026-02-08,3,145.5
1063,7,18,2026-02-08,5,974.07
1064,7,13,2026-02-08,2,166.61
1065,7,19,2026-02-08,3,220.35
1066,7,16,2026-02-08,1,197.47
1067,7,23,2026-02-08,5,242.5
1068,7,6,2026-02-08,2,860.0
1069,7,35,2026-02-08,3,1388.01
1070,8,32,2026-02-08,4,1827.0
1071,8,27,2026-02-08,2,862.18
1072,8,27,2026-02-08,5,2155.45
1073,8,12,2026-02-08,1,306.52
1074,8,27,2026-02-08,3,1293.27
1075,8,3,2026-02-08,5,2122.55
1076,8,19,2026-02-08,4,302.88
1077,9,19,2026-02-08,3,227.16
1078,9,30,2026-02-08,2,440.42
1079,9,4,2026-02-08,5,1831.1
1080,9,38,2026-02-08,1,123.53
1081,9,10,2026-02-08,4,1278.64
1082,9,1,2026-02-08,5,712.75
1083,9,36,2026-02-08,3,904.44
1084,9,4,2026-02-08,1,366.22
1085,9,23,2026-02-08,3,150.0
1086,9,21,2026-02-08,3,1348.26
1087,9,26,2026-02-08,2,996.16
1088,9,3,2026-02-08,2,849.02
1089,9,22,2026-02-08,3,1496.04
1090,10,11,2026-02-08,4,701.74
1091,10,15,2026-02-08,2,229.66
1092,10,10,2026-02-08,2,620.14
1093,10,40,2026-02-08,2,793.32
1094,10,20,2026-02-08,2,527.27
1095,10,9,2026-02-08,1,420.89
1096,10,10,2026-02-08,3,930.21
1097,10,13,2026-02-08,1,83.3
1098,10,8,2026-02-08,5,1833.19
1099,10,11,2026-02-08,5,877.17
1100,10,12,2026-02-08,5,1486.62
1101,10,22,2026-02-08,1,483.72
1102,10,15,2026-02-08,3,344.49
1103,10,10,2026-02-08,5,1550.35
1104,10,15,2026-02-08,2,229.66
1105,11,22,2026-02-08,4,1994.72
1106,11,1,2026-02-08,2,285.1
1107,11,19,2026-02-08,2,151.44
1108,11,3,2026-02-08,2,849.02
1109,11,2,2026-02-08,5,277.95
1110,11,33,2026-02-08,2,822.18
1111,11,2,2026-02-08,4,222.36
1112,11,8,2026-02-08,1,377.98
1113,11,12,2026-02-08,4,1226.08
1114,11,39,2026-02-08,3,1421.22
1115,11,8,2026-02-08,2,755.96
1116,11,22,2026-02-08,4,1994.72
1117,12,6,2026-02-08,3,1329.9
1118,12,10,2026-02-08,4,1278.64
1119,12,26,2026-02-08,2,996.16
1120,12,4,2026-02-08,5,1831.1
1121,12,36,2026-02-08,2,602.96
1122,12,5,2026-02-08,3,132.03
1123,12,14,2026-02-08,4,454.84
1124,12,20,2026-02-08,2,543.58
1125,12,12,2026-02-08,3,919.56
1126,12,18,2026-02-08,5,1004.2
1127,12,24,2026-02-08,4,322.64
1128,12,11,2026-02-08,4,723.44
1129,1,39,2026-02-09,3,1421.22
1130,1,16,2026-02-09,4,814.32
1131,1,18,2026-02-09,5,1004.2
1132,1,21,2026-02-09,5,2247.1
1133,1,26,2026-02-09,4,1992.32
1134,1,20,2026-02-09,2,543.58
1135,1,1,2026-02-09,2,285.1
1136,1,14,2026-02-09,5,568.55
1137,1,11,2026-02-09,2,361.72
1138,1,20,2026-02-09,3,815.37
1139,1,14,2026-02-09,1,113.71
1140,1,33,2026-02-09,4,1639.67
1141,1,38,2026-02-09,3,370.59
1142,1,30,2026-02-09,5,1101.05
1143,1,31,2026-02-09,1,486.08
1144,2,1,2026-02-09,5,712.75
1145,2,5,2026-02-09,1,44.01
1146,2,32,2026-02-09,3,1370.25
1147,2,23,2026-02-09,1,50.0
1148,2,7,2026-02-09,2,707.52
1149,2,40,2026-02-09,3,1226.79
1150,2,16,2026-02-09,4,814.32
1151,2,8,2026-02-09,5,1884.51
1152,2,38,2026-02-09,2,247.06
1153,2,27,2026-02-09,4,1724.36
1154,2,39,2026-02-09,1,473.74
1155,2,8,2026-02-09,2,753.8
1156,2,9,2026-02-09,4,1735.64
1157,2,1,2026-02-09,3,427.65
1158,3,14,2026-02-09,4,454.84
1159,3,17,2026-02-09,1,438.8
1160,3,22,2026-02-09,4,1994.72
1161,4,29,2026-02-09,3,1156.38
1162,4,6,2026-02-09,2,886.6
1163,4,29,2026-02-09,4,1541.84
1164,4,11,2026-02-09,1,180.86
1165,4,37,2026-02-09,3,1394.7
1166,4,38,2026-02-09,2,247.06
1167,4,22,2026-02-09,1,498.68
1168,4,21,2026-02-09,3,1348.26
1169,4,7,2026-02-09,1,353.76
1170,4,33,2026-02-09,3,1229.75
1171,4,39,2026-02-09,2,947.48
1172,5,25,2026-02-09,1,291.88
1173,5,4,2026-02-09,3,1098.66
1174,5,10,2026-02-09,4,1278.64
1175,5,31,2026-02-09,2,972.16
1176,5,20,2026-02-09,4,1087.16
1177,6,2,2026-02-09,5,277.95
1178,6,24,2026-02-09,1,80.66
1179,6,29,2026-02-09,1,385.46
1180,6,37,2026-02-09,1,464.9
1181,6,40,2026-02-09,3,1226.79
1182,6,30,2026-02-09,2,440.42
1183,6,27,2026-02-09,2,862.18
1184,6,24,2026-02-09,5,403.3
1185,6,3,2026-02-09,5,2122.55
1186,6,16,2026-02-09,5,1017.9
1187,7,33,2026-02-09,1,396.25
1188,7,25,2026-02-09,3,846.45
1189,7,14,2026-02-09,2,219.84
1190,7,37,2026-02-09,3,1348.21
1191,7,3,2026-02-09,1,410.36
1192,7,23,2026-02-09,1,48.33
1193,7,21,2026-02-09,2,868.88
1194,7,32,2026-02-09,4,1766.1
1195,7,40,2026-02-09,5,1976.5
1196,8,37,2026-02-09,1,464.9
1197,8,7,2026-02-09,1,353.76
1198,8,36,2026-02-09,4,1205.92
1199,8,40,2026-02-09,5,2044.65
1200,8,37,2026-02-09,5,2324.5
1201,8,38,2026-02-09,1,123.53
1202,8,39,2026-02-09,5,2368.7
1203,8,18,2026-02-09,5,1004.2
1204,8,31,2026-02-09,2,972.16
1205,8,10,2026-02-09,2,639.32
1206,9,10,2026-02-09,4,1278.64
1207,9,8,2026-02-09,1,376.9
1208,9,29,2026-02-09,5,1927.3
1209,9,17,2026-02-09,3,1316.4
1210,9,1,2026-02-09,2,285.1
1211,9,1,2026-02-09,5,712.75
1212,9,35,2026-02-09,4,1907.92
1213,10,7,2026-02-09,1,341.97
1214,10,32,2026-02-09,5,2207.62
1215,10,25,2026-02-09,3,846.45
1216,10,15,2026-02-09,1,114.43
1217,10,35,2026-02-09,5,2305.4
1218,11,29,2026-02-09,5,1927.3
1219,11,3,2026-02-09,5,2122.55
1220,11,15,2026-02-09,5,591.9
1221,11,25,2026-02-09,1,291.88
1222,11,32,2026-02-09,4,1827.0
1223,11,11,2026-02-09,4,723.44
1224,11,1,2026-02-09,1,142.55
1225,11,17,2026-02-09,4,1755.2
1226,11,15,2026-02-09,3,355.14
1227,11,36,2026-02-09,3,904.44
1228,11,17,2026-02-09,1,438.8
1229,12,29,2026-02-09,1,385.46
1230,12,2,2026-02-09,3,166.77
1231,12,37,2026-02-09,2,929.8
1232,12,6,2026-02-09,1,443.3
1233,12,38,2026-02-09,5,617.65
1234,12,32,2026-02-09,3,1370.25
1235,12,24,2026-02-09,2,161.32
1236,12,14,2026-02-09,1,113.71
1237,1,38,2026-02-10,5,617.65
1238,1,9,2026-02-10,3,1301.73
1239,1,35,2026-02-10,2,953.96
1240,1,11,2026-02-10,4,723.44
1241,1,12,2026-02-10,4,1226.08
1242,1,12,2026-02-10,2,613.04
1243,1,13,2026-02-10,2,171.76
1244,1,22,2026-02-10,1,498.68
1245,2,30,2026-02-10,4,880.84
1246,2,37,2026-02-10,1,464.9
1247,2,24,2026-02-10,3,241.98
1248,2,36,2026-02-10,2,602.96
1249,2,33,2026-02-10,1,408.75
1250,2,8,2026-02-10,2,751.65
1251,2,14,2026-02-10,1,113.71
1252,2,23,2026-02-10,3,150.0
1253,2,26,2026-02-10,3,1494.24
1254,2,22,2026-02-10,5,2493.4
1255,2,5,2026-02-10,4,176.04
1256,2,32,2026-02-10,5,2283.75
1257,2,20,2026-02-10,4,1087.16
1258,2,13,2026-02-10,3,257.64
1259,3,13,2026-02-10,2,171.76
1260,3,15,2026-02-10,3,355.14
1261,3,33,2026-02-10,3,1226.24
1262,4,13,2026-02-10,1,85.88
1263,4,5,2026-02-10,3,132.03
1264,4,25,2026-02-10,3,873.14
1265,4,33,2026-02-10,1,408.75
1266,4,36,2026-02-10,3,904.44
1267,4,30,2026-02-10,4,880.84
1268,4,19,2026-02-10,4,302.88
1269,4,9,2026-02-10,4,1735.64
1270,4,21,2026-02-10,4,1797.68
1271,4,24,2026-02-10,3,241.98
1272,4,13,2026-02-10,2,171.76
1273,4,9,2026-02-10,4,1735.64
1274,4,38,2026-02-10,4,494.12
1275,4,34,2026-02-10,3,241.98
1276,4,17,2026-02-10,5,2194.0
1277,5,37,2026-02-10,1,464.9
1278,5,30,2026-02-10,4,880.84
1279,5,31,2026-02-10,1,486.08
1280,5,25,2026-02-10,4,1164.19
1281,5,8,2026-02-10,5,1879.12
1282,5,33,2026-02-10,2,817.49
1283,5,36,2026-02-10,5,1507.4
1284,6,20,2026-02-10,3,815.37
1285,6,24,2026-02-10,1,80.66
1286,6,14,2026-02-10,1,113.71
1287,6,4,2026-02-10,3,1098.66
1288,6,12,2026-02-10,3,919.56
1289,6,16,2026-02-10,3,610.74
1290,6,11,2026-02-10,4,723.44
1291,7,11,2026-02-10,4,696.91
1292,7,5,2026-02-10,2,84.79
1293,7,18,2026-02-10,4,773.9
1294,7,36,2026-02-10,3,871.28
1295,7,35,2026-02-10,4,1837.96
1296,7,9,2026-02-10,1,418.0
1297,7,28,2026-02-10,3,989.68
1298,7,32,2026-02-10,5,2200.01
1299,7,20,2026-02-10,4,1047.3
1300,7,34,2026-02-10,3,233.11
1301,7,19,2026-02-10,1,72.94
1302,7,11,2026-02-10,1,174.23
1303,8,19,2026-02-10,4,302.88
1304,8,27,2026-02-10,3,1293.27
1305,8,20,2026-02-10,5,1358.95
1306,8,19,2026-02-10,2,151.44
1307,8,20,2026-02-10,1,271.79
1308,8,40,2026-02-10,2,817.86
1309,8,36,2026-02-10,5,1507.4
1310,8,20,2026-02-10,4,1087.16
1311,8,14,2026-02-10,1,113.71
1312,8,23,2026-02-10,2,100.0
1313,8,9,2026-02-10,1,433.91
1314,8,22,2026-02-10,2,997.36
1315,8,21,2026-02-10,3,1348.26
1316,9,31,2026-02-10,4,1944.32
1317,9,35,2026-02-10,5,2384.9
1318,9,22,2026-02-10,1,498.68
1319,9,4,2026-02-10,5,1831.1
1320,9,21,2026-02-10,2,898.84
1321,9,36,2026-02-10,4,1205.92
1322,9,10,2026-02-10,3,958.98
1323,9,27,2026-02-10,3,1293.27
1324,10,25,2026-02-10,1,280.37
1325,10,7,2026-02-10,5,1703.94
1326,10,36,2026-02-10,2,580.85
1327,10,19,2026-02-10,5,364.72
1328,10,9,2026-02-10,3,1254.0
1329,10,27,2026-02-10,4,1661.13
1330,10,23,2026-02-10,3,144.5
1331,10,12,2026-02-10,3,885.84
1332,10,16,2026-02-10,2,392.23
1333,10,32,2026-02-10,1,440.0
1334,11,20,2026-02-10,2,543.58
1335,11,2,2026-02-10,4,222.36
1336,11,17,2026-02-10,5,2194.0
1337,12,34,2026-02-10,5,403.3
1338,12,35,2026-02-10,1,476.98
1339,12,8,2026-02-10,3,1127.47
1340,12,35,2026-02-10,3,1430.94
1341,12,33,2026-02-10,4,1634.99
1342,12,23,2026-02-10,2,100.0
1343,12,23,2026-02-10,5,250.0
1344,12,21,2026-02-10,3,1348.26
1345,12,1,2026-02-10,4,570.2
1346,1,11,2026-02-11,1,180.86
1347,1,13,2026-02-11,2,171.76
1348,1,19,2026-02-11,1,75.72
1349,1,8,2026-02-11,4,1498.99
1350,1,35,2026-02-11,2,953.96
1351,1,7,2026-02-11,4,1415.04
1352,2,39,2026-02-11,3,1421.22
1353,2,35,2026-02-11,3,1430.94
1354,2,28,2026-02-11,1,342.45
1355,2,13,2026-02-11,5,429.4
1356,3,10,2026-02-11,3,958.98
1357,3,6,2026-02-11,3,1329.9
1358,3,15,2026-02-11,2,236.76
1359,3,38,2026-02-11,2,247.06
1360,3,1,2026-02-11,3,427.65
1361,3,9,2026-02-11,5,2169.55
1362,3,4,2026-02-11,2,732.44
1363,3,13,2026-02-11,1,85.88
1364,3,15,2026-02-11,2,236.76
1365,3,22,2026-02-11,2,997.36
1366,3,38,2026-02-11,2,247.06
1367,4,33,2026-02-11,4,1630.3
1368,4,15,2026-02-11,1,118.38
1369,4,14,2026-02-11,3,341.13
1370,4,25,2026-02-11,5,1451.06
1371,4,35,2026-02-11,5,2384.9
1372,4,36,2026-02-11,3,904.44
1373,4,37,2026-02-11,4,1859.6
1374,4,6,2026-02-11,5,2216.5
1375,4,22,2026-02-11,2,997.36
1376,4,11,2026-02-11,5,904.3
1377,4,1,2026-02-11,1,142.55
1378,4,40,2026-02-11,1,408.93
1379,4,27,2026-02-11,3,1293.27
1380,4,11,2026-02-11,4,723.44
1381,4,35,2026-02-11,4,1907.92
1382,5,36,2026-02-11,4,1205.92
1383,5,22,2026-02-11,4,1994.72
1384,5,20,2026-02-11,5,1358.95
1385,5,19,2026-02-11,1,75.72
1386,5,2,2026-02-11,2,111.18
1387,5,33,2026-02-11,3,1222.73
1388,5,39,2026-02-11,1,473.74
1389,5,22,2026-02-11,4,1994.72
1390,5,1,2026-02-11,4,570.2
1391,5,39,2026-02-11,5,2368.7
1392,5,30,2026-02-11,3,660.63
1393,6,38,2026-02-11,5,617.65
1394,6,7,2026-02-11,5,1768.8
1395,6,29,2026-02-11,2,770.92
1396,6,28,2026-02-11,2,684.9
1397,6,37,2026-02-11,4,1859.6
1398,7,31,2026-02-11,1,466.64
1399,7,26,2026-02-11,1,478.16
1400,7,12,2026-02-11,5,1471.3
1401,7,21,2026-02-11,2,862.89
1402,7,6,2026-02-11,3,1276.7
1403,7,30,2026-02-11,2,422.8
1404,7,33,2026-02-11,2,782.55
1405,7,38,2026-02-11,3,355.77
1406,7,14,2026-02-11,2,218.32
1407,7,7,2026-02-11,3,1018.83
1408,7,30,2026-02-11,5,1057.01
1409,8,27,2026-02-11,1,431.09
1410,8,19,2026-02-11,3,227.16
1411,8,16,2026-02-11,2,407.16
1412,8,2,2026-02-11,5,277.95
1413,8,32,2026-02-11,3,1370.25
1414,8,26,2026-02-11,2,996.16
1415,8,39,2026-02-11,3,1421.22
1416,9,36,2026-02-11,5,1507.4
1417,9,19,2026-02-11,1,75.72
1418,9,24,2026-02-11,5,403.3
1419,9,27,2026-02-11,2,862.18
1420,9,16,2026-02-11,5,1017.9
1421,9,12,2026-02-11,5,1532.6
1422,9,3,2026-02-11,2,849.02
1423,9,26,2026-02-11,2,996.16
1424,9,20,2026-02-11,5,1358.95
1425,9,13,2026-02-11,5,429.4
1426,9,36,2026-02-11,3,904.44
1427,9,3,2026-02-11,5,2122.55
1428,10,4,2026-02-11,1,351.57
1429,10,33,2026-02-11,1,391.27
1430,10,17,2026-02-11,1,421.25
1431,11,25,2026-02-11,5,1451.06
1432,11,17,2026-02-11,3,1316.4
1433,11,2,2026-02-11,2,111.18
1434,11,37,2026-02-11,5,2324.5
1435,11,19,2026-02-11,4,302.88
1436,11,3,2026-02-11,5,2122.55
1437,11,31,2026-02-11,1,486.08
1438,11,11,2026-02-11,4,723.44
1439,11,36,2026-02-11,5,1507.4
1440,11,25,2026-02-11,3,870.64
1441,11,26,2026-02-11,3,1494.24
1442,11,40,2026-02-11,4,1635.72
1443,11,9,2026-02-11,2,867.82
1444,12,7,2026-02-11,4,1415.04
1445,12,26,2026-02-11,3,1494.24
1446,12,20,2026-02-11,4,1087.16
1447,12,15,2026-02-11,1,118.38
1448,12,25,2026-02-11,1,290.21
1449,12,34,2026-02-11,2,161.32
1450,12,11,2026-02-11,4,723.44
1451,12,15,2026-02-11,4,473.52
1452,12,11,2026-02-11,4,723.44
1453,12,28,2026-02-11,4,1369.8
1454,12,33,2026-02-11,2,815.15
1455,12,16,2026-02-11,3,610.74
1456,12,4,2026-02-11,5,1831.1
1457,12,31,2026-02-11,2,972.16
1458,12,19,2026-02-11,3,227.16
1459,1,12,2026-02-12,3,919.56
1460,1,4,2026-02-12,3,1098.66
1461,1,18,2026-02-12,4,803.36
1462,1,21,2026-02-12,2,898.84
1463,1,17,2026-02-12,3,1316.4
1464,1,9,2026-02-12,5,2169.55
1465,1,34,2026-02-12,5,403.3
1466,1,40,2026-02-12,1,408.93
1467,1,30,2026-02-12,3,660.63
1468,1,25,2026-02-12,2,578.76
1469,1,11,2026-02-12,4,723.44
1470,1,1,2026-02-12,1,142.55
1471,1,2,2026-02-12,3,166.77
1472,1,23,2026-02-12,4,200.0
1473,2,37,2026-02-12,2,929.8
1474,2,14,2026-02-12,1,113.71
1475,2,7,2026-02-12,1,353.76
1476,2,18,2026-02-12,3,602.52
1477,2,5,2026-02-12,4,176.04
1478,2,2,2026-02-12,5,277.95
1479,3,5,2026-02-12,2,88.02
1480,3,4,2026-02-12,2,732.44
1481,3,38,2026-02-12,3,370.59
1482,3,35,2026-02-12,5,2384.9
1483,3,4,2026-02-12,3,1098.66
1484,3,4,2026-02-12,2,732.44
1485,3,13,2026-02-12,2,171.76
1486,3,35,2026-02-12,4,1907.92
1487,3,37,2026-02-12,5,2324.5
1488,4,29,2026-02-12,4,1541.84
1489,4,25,2026-02-12,3,868.14
1490,4,32,2026-02-12,4,1827.0
1491,4,22,2026-02-12,1,498.68
1492,4,14,2026-02-12,1,113.71
1493,4,37,2026-02-12,4,1859.6
1494,4,5,2026-02-12,5,220.05
1495,4,26,2026-02-12,4,1992.32
1496,4,29,2026-02-12,2,770.92
1497,4,19,2026-02-12,2,151.44
1498,5,17,2026-02-12,3,1316.4
1499,5,6,2026-02-12,1,443.3
1500,5,27,2026-02-12,1,431.09
1501,5,1,2026-02-12,3,427.65
1502,5,13,2026-02-12,4,343.52
1503,5,6,2026-02-12,5,2216.5
1504,5,24,2026-02-12,4,322.64
1505,5,17,2026-02-12,3,1316.4
1506,5,30,2026-02-12,5,1101.05
1507,5,5,2026-02-12,1,44.01
1508,5,40,2026-02-12,1,408.93
1509,5,20,2026-02-12,4,1087.16
1510,6,7,2026-02-12,3,1061.28
1511,6,19,2026-02-12,3,227.16
1512,6,31,2026-02-12,4,1944.32
1513,6,30,2026-02-12,3,660.63
1514,6,32,2026-02-12,1,456.75
1515,7,4,2026-02-12,1,350.35
1516,7,6,2026-02-12,5,2120.45
1517,7,32,2026-02-12,5,2184.79
1518,7,20,2026-02-12,2,520.02
1519,7,39,2026-02-12,3,1359.63
1520,7,34,2026-02-12,5,385.82
1521,7,34,2026-02-12,3,231.49
1522,7,18,2026-02-12,1,192.14
1523,7,18,2026-02-12,4,768.55
1524,8,11,2026-02-12,4,723.44
1525,8,28,2026-02-12,5,1712.25
1526,8,37,2026-02-12,3,1394.7
1527,8,6,2026-02-12,5,2216.5
1528,8,20,2026-02-12,5,1358.95
1529,8,25,2026-02-12,1,289.38
1530,8,10,2026-02-12,2,639.32
1531,8,31,2026-02-12,1,486.08
1532,8,23,2026-02-12,4,200.0
1533,8,4,2026-02-12,3,1098.66
1534,8,15,2026-02-12,3,355.14
1535,9,26,2026-02-12,3,1494.24
1536,9,39,2026-02-12,2,947.48
1537,9,17,2026-02-12,2,877.6
1538,9,31,2026-02-12,5,2430.4
1539,9,14,2026-02-12,5,568.55
1540,9,35,2026-02-12,4,1907.92
1541,9,12,2026-02-12,5,1532.6
1542,9,24,2026-02-12,1,80.66
1543,9,5,2026-02-12,1,44.01
1544,9,7,2026-02-12,1,353.76
1545,9,30,2026-02-12,2,440.42
1546,10,25,2026-02-12,3,830.52
1547,10,21,2026-02-12,4,1719.78
1548,10,17,2026-02-12,5,2098.93
1549,10,6,2026-02-12,4,1696.36
1550,10,30,2026-02-12,2,421.34
1551,10,20,2026-02-12,5,1300.06
1552,10,36,2026-02-12,5,1442.08
1553,10,37,2026-02-12,2,889.51
1554,10,1,2026-02-12,3,409.12
1555,10,8,2026-02-12,5,1787.39
1556,10,35,2026-02-12,3,1368.93
1557,10,30,2026-02-12,2,421.34
1558,10,7,2026-02-12,4,1353.72
1559,10,16,2026-02-12,5,973.79
1560,11,7,2026-02-12,3,1061.28
1561,11,33,2026-02-12,5,2032.02
1562,11,14,2026-02-12,3,341.13
1563,11,27,2026-02-12,5,2155.45
1564,11,23,2026-02-12,5,250.0
1565,11,29,2026-02-12,5,1927.3
1566,11,5,2026-02-12,4,176.04
1567,11,16,2026-02-12,5,1017.9
1568,11,3,2026-02-12,3,1273.53
1569,11,29,2026-02-12,4,1541.84
1570,11,26,2026-02-12,1,498.08
1571,11,1,2026-02-12,3,427.65
1572,11,6,2026-02-12,3,1329.9
1573,11,24,2026-02-12,1,80.66
1574,12,38,2026-02-12,5,617.65
1575,12,33,2026-02-12,3,1219.21
1576,12,35,2026-02-12,1,476.98
1577,12,30,2026-02-12,5,1101.05
1578,12,20,2026-02-12,4,1087.16
1579,12,5,2026-02-12,3,132.03
1580,12,15,2026-02-12,5,591.9
1581,12,27,2026-02-12,5,2155.45
1582,12,24,2026-02-12,2,161.32
1583,1,32,2026-02-13,1,456.75
1584,1,31,2026-02-13,5,2430.4
1585,1,30,2026-02-13,4,880.84
1586,1,37,2026-02-13,2,929.8
1587,1,4,2026-02-13,5,1831.1
1588,1,33,2026-02-13,5,2026.17
1589,1,2,2026-02-13,4,222.36
1590,1,7,2026-02-13,2,707.52
1591,1,12,2026-02-13,2,613.04
1592,1,28,2026-02-13,1,342.45
1593,1,37,2026-02-13,5,2324.5
1594,1,11,2026-02-13,1,180.86
1595,1,29,2026-02-13,2,770.92
1596,1,36,2026-02-13,1,301.48
1597,2,32,2026-02-13,3,1370.25
1598,2,27,2026-02-13,4,1724.36
1599,2,20,2026-02-13,2,543.58
1600,2,15,2026-02-13,4,473.52
1601,2,30,2026-02-13,2,440.42
1602,2,20,2026-02-13,4,1087.16
1603,2,37,2026-02-13,5,2324.5
1604,2,37,2026-02-13,5,2324.5
1605,2,28,2026-02-13,4,1369.8
1606,2,36,2026-02-13,1,301.48
1607,3,24,2026-02-13,2,161.32
1608,3,16,2026-02-13,5,1017.9
1609,3,14,2026-02-13,2,227.42
1610,3,9,2026-02-13,5,2169.55
1611,3,9,2026-02-13,3,1301.73
1612,3,23,2026-02-13,4,200.0
1613,3,1,2026-02-13,5,712.75
1614,3,31,2026-02-13,4,1944.32
1615,3,23,2026-02-13,3,150.0
1616,3,18,2026-02-13,2,401.68
1617,3,32,2026-02-13,4,1827.0
1618,3,11,2026-02-13,5,904.3
1619,3,16,2026-02-13,3,610.74
1620,3,40,2026-02-13,5,2044.65
1621,4,40,2026-02-13,3,1226.79
1622,4,23,2026-02-13,5,250.0
1623,4,38,2026-02-13,4,494.12
1624,4,19,2026-02-13,2,151.44
1625,4,2,2026-02-13,2,111.18
1626,4,30,2026-02-13,3,660.63
1627,4,3,2026-02-13,5,2122.55
1628,4,1,2026-02-13,3,427.65
1629,5,22,2026-02-13,3,1496.04
1630,5,33,2026-02-13,3,1215.7
1631,5,30,2026-02-13,2,440.42
1632,5,38,2026-02-13,4,494.12
1633,5,39,2026-02-13,3,1421.22
1634,5,9,2026-02-13,4,1735.64
1635,6,37,2026-02-13,5,2324.5
1636,6,8,2026-02-13,3,1117.78
1637,6,8,2026-02-13,3,1117.78
1638,6,7,2026-02-13,1,353.76
1639,6,31,2026-02-13,5,2430.4
1640,6,8,2026-02-13,5,1862.97
1641,6,6,2026-02-13,4,1773.2
1642,6,27,2026-02-13,4,1724.36
1643,7,9,2026-02-13,2,827.32
1644,7,3,2026-02-13,3,1214.1
1645,7,14,2026-02-13,1,108.4
1646,7,27,2026-02-13,3,1232.92
1647,7,20,2026-02-13,1,259.11
1648,7,3,2026-02-13,3,1214.1
1649,7,12,2026-02-13,4,1168.86
1650,7,40,2026-02-13,3,1169.54
1651,8,34,2026-02-13,4,322.64
1652,8,37,2026-02-13,2,929.8
1653,8,23,2026-02-13,2,100.0
1654,8,23,2026-02-13,5,250.0
1655,8,7,2026-02-13,3,1061.28
1656,8,20,2026-02-13,5,1358.95
1657,8,17,2026-02-13,3,1316.4
1658,8,13,2026-02-13,2,171.76
1659,8,1,2026-02-13,1,142.55
1660,8,30,2026-02-13,5,1101.05
1661,8,30,2026-02-13,5,1101.05
1662,8,37,2026-02-13,2,929.8
1663,8,29,2026-02-13,2,770.92
1664,8,37,2026-02-13,1,464.9
1665,9,3,2026-02-13,5,2122.55
1666,9,37,2026-02-13,2,929.8
1667,9,4,2026-02-13,2,732.44
1668,9,8,2026-02-13,1,372.59
1669,9,18,2026-02-13,1,200.84
1670,9,3,2026-02-13,4,1698.04
1671,9,2,2026-02-13,3,166.77
1672,9,28,2026-02-13,4,1369.8
1673,9,37,2026-02-13,1,464.9
1674,9,22,2026-02-13,2,997.36
1675,9,23,2026-02-13,1,50.0
1676,9,18,2026-02-13,5,1004.2
1677,9,23,2026-02-13,2,100.0
1678,10,7,2026-02-13,4,1349.0
1679,10,1,2026-02-13,4,543.59
1680,10,28,2026-02-13,2,652.94
1681,10,20,2026-02-13,3,777.32
1682,10,7,2026-02-13,3,1011.75
1683,10,29,2026-02-13,3,1102.42
1684,10,38,2026-02-13,1,117.77
1685,10,19,2026-02-13,1,72.19
1686,10,1,2026-02-13,5,679.49
1687,11,3,2026-02-13,5,2122.55
1688,11,11,2026-02-13,1,180.86
1689,11,32,2026-02-13,2,913.5
1690,11,24,2026-02-13,4,322.64
1691,11,17,2026-02-13,2,877.6
1692,11,1,2026-02-13,1,142.55
1693,12,38,2026-02-13,4,494.12
1694,12,1,2026-02-13,2,285.1
1695,12,16,2026-02-13,3,610.74
1696,12,16,2026-02-13,1,203.58
1697,12,4,2026-02-13,1,366.22
1698,12,39,2026-02-13,3,1421.22
1699,12,9,2026-02-13,5,2169.55
1700,12,20,2026-02-13,5,1358.95
1701,12,5,2026-02-13,1,44.01
1702,1,33,2026-02-14,3,1212.19
1703,1,20,2026-02-14,4,1087.16
1704,1,33,2026-02-14,5,2020.31
1705,1,32,2026-02-14,5,2283.75
1706,1,35,2026-02-14,4,1907.92
1707,1,37,2026-02-14,2,929.8
1708,1,40,2026-02-14,5,2044.65
1709,1,38,2026-02-14,4,494.12
1710,2,23,2026-02-14,2,100.0
1711,2,20,2026-02-14,1,271.79
1712,2,38,2026-02-14,3,370.59
1713,2,31,2026-02-14,2,972.16
1714,2,6,2026-02-14,4,1773.2
1715,2,31,2026-02-14,3,1458.24
1716,2,16,2026-02-14,2,407.16
1717,3,18,2026-02-14,3,602.52
1718,3,15,2026-02-14,3,355.14
1719,3,12,2026-02-14,5,1532.6
1720,4,8,2026-02-14,2,743.03
1721,4,36,2026-02-14,2,602.96
1722,4,8,2026-02-14,5,1857.59
1723,4,15,2026-02-14,4,473.52
1724,4,23,2026-02-14,4,200.0
1725,4,33,2026-02-14,5,2020.31
1726,4,36,2026-02-14,3,904.44
1727,4,21,2026-02-14,1,449.42
1728,4,4,2026-02-14,4,1464.88
1729,4,15,2026-02-14,1,118.38
1730,4,8,2026-02-14,2,743.03
1731,4,2,2026-02-14,2,111.18
1732,4,33,2026-02-14,4,1616.25
1733,5,3,2026-02-14,2,849.02
1734,5,5,2026-02-14,1,44.01
1735,5,12,2026-02-14,3,919.56
1736,5,37,2026-02-14,4,1859.6
1737,5,9,2026-02-14,2,867.82
1738,5,27,2026-02-14,4,1724.36
1739,5,5,2026-02-14,3,132.03
1740,5,23,2026-02-14,3,150.0
1741,6,5,2026-02-14,5,220.05
1742,6,14,2026-02-14,5,568.55
1743,6,30,2026-02-14,1,220.21
1744,6,3,2026-02-14,3,1273.53
1745,6,24,2026-02-14,3,241.98
1746,6,4,2026-02-14,2,732.44
1747,6,4,2026-02-14,1,366.22
1748,7,24,2026-02-14,1,76.63
1749,7,25,2026-02-14,4,1093.3
1750,7,29,2026-02-14,3,1098.56
1751,7,15,2026-02-14,2,224.92
1752,7,26,2026-02-14,4,1892.7
1753,7,26,2026-02-14,5,2365.88
1754,7,35,2026-02-14,3,1359.39
1755,7,22,2026-02-14,1,473.75
1756,7,3,2026-02-14,3,1209.85
1757,7,20,2026-02-14,3,774.6
1758,7,24,2026-02-14,5,383.13
1759,7,33,2026-02-14,2,767.72
1760,7,27,2026-02-14,2,819.07
1761,8,27,2026-02-14,4,1724.36
1762,8,20,2026-02-14,2,543.58
1763,8,34,2026-02-14,4,322.64
1764,8,28,2026-02-14,5,1712.25
1765,8,33,2026-02-14,3,1212.19
1766,9,11,2026-02-14,5,904.3
1767,9,11,2026-02-14,4,723.44
1768,9,21,2026-02-14,5,2247.1
1769,9,17,2026-02-14,2,877.6
1770,9,5,2026-02-14,2,88.02
1771,9,34,2026-02-14,5,403.3
1772,9,18,2026-02-14,1,200.84
1773,9,19,2026-02-14,5,378.6
1774,9,28,2026-02-14,4,1369.8
1775,10,13,2026-02-14,3,244.76
1776,10,24,2026-02-14,1,76.63
1777,10,15,2026-02-14,5,562.3
1778,10,6,2026-02-14,1,421.14
1779,10,5,2026-02-14,1,41.81
1780,10,8,2026-02-14,5,1764.71
1781,10,10,2026-02-14,5,1518.38
1782,10,27,2026-02-14,2,819.07
1783,10,34,2026-02-14,5,383.13
1784,10,38,2026-02-14,5,586.77
1785,10,1,2026-02-14,2,270.85
1786,11,21,2026-02-14,3,1348.26
1787,11,12,2026-02-14,5,1532.6
1788,11,30,2026-02-14,4,880.84
1789,11,15,2026-02-14,1,118.38
1790,11,39,2026-02-14,2,947.48
1791,12,26,2026-02-14,5,2490.4
1792,12,17,2026-02-14,4,1755.2
1793,12,9,2026-02-14,1,433.91
1794,12,37,2026-02-14,5,2324.5
1795,12,35,2026-02-14,4,1907.92
1796,12,14,2026-02-14,1,113.71
1797,12,2,2026-02-14,4,222.36
1798,12,40,2026-02-14,2,817.86
1799,12,13,2026-02-14,5,429.4
1800,12,15,2026-02-14,4,473.52
1801,12,30,2026-02-14,4,880.84
1802,12,31,2026-02-14,5,2430.4
1803,12,38,2026-02-14,1,123.53
1804,12,24,2026-02-14,5,403.3
1805,1,16,2026-02-15,3,610.74
1806,1,30,2026-02-15,1,220.21
1807,1,7,2026-02-15,4,1415.04
1808,1,25,2026-02-15,3,860.63
1809,1,10,2026-02-15,1,319.66
1810,1,33,2026-02-15,2,805.78
1811,1,7,2026-02-15,5,1768.8
1812,1,30,2026-02-15,1,220.21
1813,1,32,2026-02-15,1,456.75
1814,1,40,2026-02-15,4,1635.72
1815,2,28,2026-02-15,1,342.45
1816,2,1,2026-02-15,5,712.75
1817,2,8,2026-02-15,1,370.44
1818,2,35,2026-02-15,1,476.98
1819,2,19,2026-02-15,4,302.88
1820,2,17,2026-02-15,1,438.8
1821,2,15,2026-02-15,3,355.14
1822,2,23,2026-02-15,4,200.0
1823,3,9,2026-02-15,2,867.82
1824,3,6,2026-02-15,4,1773.2
1825,3,8,2026-02-15,3,1111.32
1826,3,37,2026-02-15,4,1859.6
1827,3,21,2026-02-15,4,1797.68
1828,4,35,2026-02-15,4,1907.92
1829,4,10,2026-02-15,1,319.66
1830,4,3,2026-02-15,5,2122.55
1831,4,18,2026-02-15,2,401.68
1832,4,10,2026-02-15,3,958.98
1833,4,37,2026-02-15,1,464.9
1834,4,37,2026-02-15,2,929.8
1835,4,18,2026-02-15,5,1004.2
1836,4,21,2026-02-15,4,1797.68
1837,5,30,2026-02-15,2,440.42
1838,5,7,2026-02-15,2,707.52
1839,5,18,2026-02-15,1,200.84
1840,5,26,2026-02-15,1,498.08
1841,5,1,2026-02-15,3,427.65
1842,5,37,2026-02-15,4,1859.6
1843,5,34,2026-02-15,5,403.3
1844,5,30,2026-02-15,4,880.84
1845,5,16,2026-02-15,5,1017.9
1846,5,6,2026-02-15,4,1773.2
1847,5,19,2026-02-15,2,151.44
1848,6,5,2026-02-15,4,176.04
1849,6,22,2026-02-15,3,1496.04
1850,6,7,2026-02-15,2,707.52
1851,6,8,2026-02-15,3,1111.32
1852,6,25,2026-02-15,2,573.75
1853,6,33,2026-02-15,1,402.89
1854,7,37,2026-02-15,4,1760.42
1855,7,10,2026-02-15,5,1513.06
1856,7,36,2026-02-15,1,285.4
1857,8,38,2026-02-15,2,247.06
1858,8,40,2026-02-15,1,408.93
1859,8,18,2026-02-15,1,200.84
1860,8,5,2026-02-15,5,220.05
1861,8,3,2026-02-15,1,424.51
1862,8,14,2026-02-15,4,454.84
1863,9,35,2026-02-15,1,476.98
1864,9,8,2026-02-15,2,740.88
1865,9,13,2026-02-15,1,85.88
1866,9,28,2026-02-15,4,1369.8
1867,9,19,2026-02-15,4,302.88
1868,9,7,2026-02-15,2,707.52
1869,9,30,2026-02-15,5,1101.05
1870,9,17,2026-02-15,2,877.6
1871,9,23,2026-02-15,1,50.0
1872,9,27,2026-02-15,2,862.18
1873,9,21,2026-02-15,5,2247.1
1874,9,29,2026-02-15,3,1156.38
1875,10,2,2026-02-15,5,263.13
1876,10,34,2026-02-15,3,229.07
1877,10,25,2026-02-15,5,1357.88
1878,10,30,2026-02-15,5,1042.33
1879,10,13,2026-02-15,3,243.9
1880,10,4,2026-02-15,2,693.38
1881,11,37,2026-02-15,2,929.8
1882,11,11,2026-02-15,5,904.3
1883,11,28,2026-02-15,2,684.9
1884,11,7,2026-02-15,4,1415.04
1885,11,23,2026-02-15,3,150.0
1886,11,16,2026-02-15,3,610.74
1887,11,9,2026-02-15,1,433.91
1888,12,10,2026-02-15,5,1598.3
1889,12,12,2026-02-15,2,613.04
1890,12,2,2026-02-15,4,222.36
1891,12,30,2026-02-15,5,1101.05
1892,12,28,2026-02-15,4,1369.8
1893,12,10,2026-02-15,1,319.66
1894,12,25,2026-02-15,3,860.63
1895,12,24,2026-02-15,4,322.64
1896,12,34,2026-02-15,5,403.3
1897,12,31,2026-02-15,3,1458.24
1898,12,36,2026-02-15,4,1205.92
1899,1,22,2026-02-16,2,997.36
1900,1,13,2026-02-16,3,257.64
1901,1,19,2026-02-16,4,302.88
1902,1,37,2026-02-16,2,929.8
1903,1,6,2026-02-16,5,2216.5
1904,1,37,2026-02-16,4,1859.6
1905,1,18,2026-02-16,2,401.68
1906,1,2,2026-02-16,2,111.18
1907,1,34,2026-02-16,3,241.98
1908,2,23,2026-02-16,2,100.0
1909,2,5,2026-02-16,4,176.04
1910,2,26,2026-02-16,1,498.08
1911,2,12,2026-02-16,5,1532.6
1912,2,27,2026-02-16,4,1724.36
1913,2,19,2026-02-16,4,302.88
1914,2,30,2026-02-16,5,1101.05
1915,2,18,2026-02-16,5,1004.2
1916,2,38,2026-02-16,2,247.06
1917,2,21,2026-02-16,4,1797.68
1918,2,13,2026-02-16,2,171.76
1919,2,31,2026-02-16,3,1458.24
1920,2,18,2026-02-16,2,401.68
1921,2,37,2026-02-16,3,1394.7
1922,3,23,2026-02-16,1,50.0
1923,3,1,2026-02-16,4,570.2
1924,3,25,2026-02-16,3,858.13
1925,3,27,2026-02-16,1,431.09
1926,3,16,2026-02-16,5,1017.9
1927,3,24,2026-02-16,2,161.32
1928,3,3,2026-02-16,1,424.51
1929,3,22,2026-02-16,3,1496.04
1930,3,14,2026-02-16,4,454.84
1931,3,31,2026-02-16,5,2430.4
1932,3,25,2026-02-16,5,1430.21
1933,3,13,2026-02-16,1,85.88
1934,3,22,2026-02-16,1,498.68
1935,4,12,2026-02-16,5,1532.6
1936,4,1,2026-02-16,5,712.75
1937,4,30,2026-02-16,2,440.42
1938,4,11,2026-02-16,4,723.44
1939,4,28,2026-02-16,2,684.9
1940,4,4,2026-02-16,3,1098.66
1941,5,3,2026-02-16,1,424.51
1942,5,28,2026-02-16,2,684.9
1943,5,32,2026-02-16,2,913.5
1944,5,38,2026-02-16,1,123.53
1945,5,33,2026-02-16,4,1606.88
1946,5,17,2026-02-16,2,877.6
1947,5,30,2026-02-16,5,1101.05
1948,6,39,2026-02-16,2,947.48
1949,6,19,2026-02-16,4,302.88
1950,6,31,2026-02-16,2,972.16
1951,6,11,2026-02-16,5,904.3
1952,6,5,2026-02-16,3,132.03
1953,6,33,2026-02-16,3,1205.16
1954,6,31,2026-02-16,4,1944.32
1955,6,37,2026-02-16,4,1859.6
1956,6,28,2026-02-16,5,1712.25
1957,6,3,2026-02-16,3,1273.53
1958,6,7,2026-02-16,3,1061.28
1959,6,26,2026-02-16,3,1494.24
1960,6,2,2026-02-16,3,166.77
1961,6,9,2026-02-16,5,2169.55
1962,7,9,2026-02-16,4,1637.29
1963,7,10,2026-02-16,1,301.55
1964,7,20,2026-02-16,4,1025.55
1965,7,34,2026-02-16,3,228.27
1966,7,13,2026-02-16,2,162.03
1967,7,39,2026-02-16,3,1340.68
1968,7,27,2026-02-16,3,1219.98
1969,7,21,2026-02-16,4,1695.81
1970,7,24,2026-02-16,1,76.09
1971,7,21,2026-02-16,5,2119.76
1972,8,15,2026-02-16,2,236.76
1973,8,14,2026-02-16,1,113.71
1974,8,14,2026-02-16,3,341.13
1975,8,28,2026-02-16,5,1712.25
1976,8,8,2026-02-16,5,1846.82
1977,8,22,2026-02-16,5,2493.4
1978,9,29,2026-02-16,4,1541.84
1979,9,24,2026-02-16,3,241.98
1980,9,23,2026-02-16,2,100.0
1981,9,11,2026-02-16,2,361.72
1982,9,24,2026-02-16,3,241.98
1983,9,26,2026-02-16,2,996.16
1984,9,8,2026-02-16,4,1477.45
1985,9,8,2026-02-16,5,1846.82
1986,9,28,2026-02-16,2,684.9
1987,9,18,2026-02-16,4,803.36
1988,9,25,2026-02-16,5,1430.21
1989,9,17,2026-02-16,3,1316.4
1990,9,29,2026-02-16,3,1156.38
1991,9,16,2026-02-16,4,814.32
1992,10,38,2026-02-16,4,466.12
1993,10,19,2026-02-16,4,285.72
1994,10,12,2026-02-16,2,578.3
1995,10,37,2026-02-16,3,1315.67
1996,10,14,2026-02-16,2,214.53
1997,10,2,2026-02-16,2,104.88
1998,10,8,2026-02-16,5,1742.16
1999,10,26,2026-02-16,4,1879.42
2000,10,30,2026-02-16,2,415.46
2001,10,27,2026-02-16,5,2033.31
2002,10,34,2026-02-16,1,76.09
2003,10,23,2026-02-16,5,235.83
2004,10,35,2026-02-16,1,449.95
2005,10,38,2026-02-16,1,116.53
2006,11,16,2026-02-16,1,203.58
2007,11,29,2026-02-16,1,385.46
2008,11,28,2026-02-16,4,1369.8
2009,11,40,2026-02-16,2,817.86
2010,11,2,2026-02-16,2,111.18
2011,11,16,2026-02-16,1,203.58
2012,11,3,2026-02-16,2,849.02
2013,11,25,2026-02-16,1,286.04
2014,11,10,2026-02-16,2,639.32
2015,11,23,2026-02-16,5,250.0
2016,11,19,2026-02-16,4,302.88
2017,11,5,2026-02-16,3,132.03
2018,11,10,2026-02-16,1,319.66
2019,12,4,2026-02-16,5,1831.1
2020,12,5,2026-02-16,4,176.04
2021,12,3,2026-02-16,4,1698.04
2022,12,5,2026-02-16,1,44.01
2023,12,4,2026-02-16,1,366.22
2024,12,30,2026-02-16,5,1101.05
2025,12,39,2026-02-16,5,2368.7
2026,12,25,2026-02-16,4,1144.17
2027,12,36,2026-02-16,1,301.48
2028,12,28,2026-02-16,1,342.45
2029,12,1,2026-02-16,5,712.75
2030,12,3,2026-02-16,3,1273.53
2031,1,9,2026-02-17,3,1301.73
2032,1,34,2026-02-17,1,80.66
2033,1,2,2026-02-17,5,277.95
2034,1,40,2026-02-17,4,1635.72
2035,1,24,2026-02-17,2,161.32
2036,1,29,2026-02-17,1,385.46
2037,1,28,2026-02-17,1,342.45
2038,1,16,2026-02-17,5,1017.9
2039,1,40,2026-02-17,2,817.86
2040,1,19,2026-02-17,2,151.44
2041,1,4,2026-02-17,2,732.44
2042,2,20,2026-02-17,5,1358.95
2043,2,4,2026-02-17,3,1098.66
2044,2,7,2026-02-17,3,1061.28
2045,2,15,2026-02-17,3,355.14
2046,2,26,2026-02-17,4,1992.32
2047,2,5,2026-02-17,1,44.01
2048,2,2,2026-02-17,3,166.77
2049,2,11,2026-02-17,4,723.44
2050,2,38,2026-02-17,4,494.12
2051,2,11,2026-02-17,5,904.3
2052,2,25,2026-02-17,2,570.42
2053,2,38,2026-02-17,2,247.06
2054,3,24,2026-02-17,1,80.66
2055,3,29,2026-02-17,1,385.46
2056,3,15,2026-02-17,1,118.38
2057,3,6,2026-02-17,4,1773.2
2058,3,26,2026-02-17,4,1992.32
2059,3,9,2026-02-17,4,1735.64
2060,3,40,2026-02-17,5,2044.65
2061,4,8,2026-02-17,1,368.29
2062,4,14,2026-02-17,1,113.71
2063,4,13,2026-02-17,2,171.76
2064,4,37,2026-02-17,1,464.9
2065,4,40,2026-02-17,4,1635.72
2066,4,28,2026-02-17,4,1369.8
2067,4,36,2026-02-17,3,904.44
2068,4,16,2026-02-17,5,1017.9
2069,4,12,2026-02-17,1,306.52
2070,4,5,2026-02-17,5,220.05
2071,5,21,2026-02-17,2,898.84
2072,5,19,2026-02-17,2,151.44
2073,5,18,2026-02-17,5,1004.2
2074,6,21,2026-02-17,3,1348.26
2075,6,1,2026-02-17,1,142.55
2076,6,28,2026-02-17,1,342.45
2077,6,17,2026-02-17,3,1316.4
2078,6,3,2026-02-17,5,2122.55
2079,6,23,2026-02-17,5,250.0
2080,6,37,2026-02-17,1,464.9
2081,6,32,2026-02-17,2,913.5
2082,6,11,2026-02-17,3,542.58
2083,6,24,2026-02-17,1,80.66
2084,7,18,2026-02-17,5,943.95
2085,7,7,2026-02-17,2,665.07
2086,7,29,2026-02-17,4,1449.33
2087,7,25,2026-02-17,1,268.1
2088,7,31,2026-02-17,3,1370.75
2089,7,8,2026-02-17,2,692.38
2090,8,7,2026-02-17,2,707.52
2091,8,34,2026-02-17,5,403.3
2092,8,25,2026-02-17,4,1140.84
2093,8,39,2026-02-17,5,2368.7
2094,8,32,2026-02-17,3,1370.25
2095,8,14,2026-02-17,4,454.84
2096,8,17,2026-02-17,2,877.6
2097,8,28,2026-02-17,1,342.45
2098,8,33,2026-02-17,5,2002.74
2099,8,31,2026-02-17,3,1458.24
2100,8,8,2026-02-17,1,368.29
2101,8,37,2026-02-17,1,464.9
2102,9,21,2026-02-17,2,898.84
2103,9,5,2026-02-17,1,44.01
2104,9,3,2026-02-17,3,1273.53
2105,9,37,2026-02-17,5,2324.5
2106,9,17,2026-02-17,5,2194.0
2107,9,16,2026-02-17,5,1017.9
2108,9,17,2026-02-17,4,1755.2
2109,9,29,2026-02-17,3,1156.38
2110,9,12,2026-02-17,1,306.52
2111,10,16,2026-02-17,3,574.1
2112,10,22,2026-02-17,4,1875.04
2113,10,2,2026-02-17,4,209.02
2114,10,35,2026-02-17,2,896.72
2115,10,1,2026-02-17,3,401.99
2116,10,34,2026-02-17,5,379.1
2117,10,37,2026-02-17,4,1748.02
2118,10,38,2026-02-17,4,464.47
2119,10,20,2026-02-17,2,510.97
2120,10,12,2026-02-17,5,1440.64
2121,10,11,2026-02-17,4,680.03
2122,10,27,2026-02-17,1,405.22
2123,10,30,2026-02-17,5,1034.99
2124,11,38,2026-02-17,2,247.06
2125,11,38,2026-02-17,1,123.53
2126,11,20,2026-02-17,1,271.79
2127,11,19,2026-02-17,3,227.16
2128,11,10,2026-02-17,2,639.32
2129,11,19,2026-02-17,4,302.88
2130,11,25,2026-02-17,2,570.42
2131,12,29,2026-02-17,4,1541.84
2132,12,29,2026-02-17,3,1156.38
2133,12,33,2026-02-17,3,1201.65
2134,12,14,2026-02-17,1,113.71
2135,12,24,2026-02-17,1,80.66
2136,12,37,2026-02-17,1,464.9
2137,12,3,2026-02-17,3,1273.53
2138,12,18,2026-02-17,4,803.36
2139,12,32,2026-02-17,3,1370.25
2140,12,37,2026-02-17,3,1394.7
2141,12,11,2026-02-17,1,180.86
2142,12,26,2026-02-17,2,996.16
2143,12,6,2026-02-17,1,443.3
2144,12,1,2026-02-17,2,285.1
2145,1,6,2026-02-18,4,1773.2
2146,1,36,2026-02-18,5,1507.4
2147,1,31,2026-02-18,5,2430.4
2148,1,34,2026-02-18,5,403.3
2149,1,35,2026-02-18,4,1907.92
2150,1,15,2026-02-18,1,118.38
2151,1,36,2026-02-18,1,301.48
2152,1,24,2026-02-18,1,80.66
2153,1,9,2026-02-18,3,1301.73
2154,2,38,2026-02-18,1,123.53
2155,2,1,2026-02-18,5,712.75
2156,2,38,2026-02-18,5,617.65
2157,2,1,2026-02-18,3,427.65
2158,2,34,2026-02-18,4,322.64
2159,2,14,2026-02-18,1,113.71
2160,2,40,2026-02-18,3,1226.79
2161,2,25,2026-02-18,4,1137.5
2162,2,10,2026-02-18,4,1278.64
2163,2,14,2026-02-18,1,113.71
2164,2,18,2026-02-18,5,1004.2
2165,3,8,2026-02-18,5,1836.05
2166,3,8,2026-02-18,5,1836.05
2167,3,36,2026-02-18,2,602.96
2168,3,38,2026-02-18,4,494.12
2169,3,10,2026-02-18,2,639.32
2170,3,13,2026-02-18,2,171.76
2171,4,17,2026-02-18,3,1316.4
2172,4,16,2026-02-18,3,610.74
2173,4,9,2026-02-18,4,1735.64
2174,4,15,2026-02-18,2,236.76
2175,4,19,2026-02-18,1,75.72
2176,4,24,2026-02-18,2,161.32
2177,4,3,2026-02-18,4,1698.04
2178,5,26,2026-02-18,4,1992.32
2179,5,10,2026-02-18,3,958.98
2180,5,18,2026-02-18,4,803.36
2181,5,16,2026-02-18,1,203.58
2182,5,2,2026-02-18,3,166.77
2183,5,18,2026-02-18,3,602.52
2184,5,8,2026-02-18,2,734.42
2185,6,31,2026-02-18,4,1944.32
2186,6,35,2026-02-18,5,2384.9
2187,6,34,2026-02-18,5,403.3
2188,6,36,2026-02-18,2,602.96
2189,6,20,2026-02-18,4,1087.16
2190,6,36,2026-02-18,1,301.48
2191,6,39,2026-02-18,2,947.48
2192,6,21,2026-02-18,3,1348.26
2193,6,9,2026-02-18,1,433.91
2194,6,25,2026-02-18,4,1137.5
2195,6,14,2026-02-18,3,341.13
2196,6,25,2026-02-18,5,1421.88
2197,6,34,2026-02-18,4,322.64
2198,6,32,2026-02-18,3,1370.25
2199,7,18,2026-02-18,3,564.36
2200,7,4,2026-02-18,4,1372.1
2201,7,18,2026-02-18,5,940.6
2202,7,2,2026-02-18,2,104.14
2203,7,1,2026-02-18,3,400.57
2204,7,6,2026-02-18,3,1245.67
2205,7,1,2026-02-18,5,667.61
2206,7,10,2026-02-18,2,598.83
2207,7,26,2026-02-18,4,1866.14
2208,7,21,2026-02-18,3,1262.87
2209,8,7,2026-02-18,4,1415.04
2210,8,19,2026-02-18,3,227.16
2211,8,29,2026-02-18,3,1156.38
2212,8,14,2026-02-18,4,454.84
2213,8,27,2026-02-18,5,2155.45
2214,9,3,2026-02-18,2,849.02
2215,9,32,2026-02-18,3,1370.25
2216,9,20,2026-02-18,4,1087.16
2217,9,20,2026-02-18,3,815.37
2218,9,16,2026-02-18,4,814.32
2219,9,17,2026-02-18,3,1316.4
2220,9,4,2026-02-18,1,366.22
2221,9,14,2026-02-18,5,568.55
2222,9,40,2026-02-18,2,817.86
2223,9,8,2026-02-18,5,1836.05
2224,9,40,2026-02-18,5,2044.65
2225,9,26,2026-02-18,2,996.16
2226,9,18,2026-02-18,5,1004.2
2227,9,13,2026-02-18,1,85.88
2228,9,4,2026-02-18,4,1464.88
2229,10,22,2026-02-18,2,934.19
2230,10,39,2026-02-18,4,1774.95
2231,10,18,2026-02-18,3,564.36
2232,10,12,2026-02-18,1,287.11
2233,10,15,2026-02-18,4,443.53
2234,10,30,2026-02-18,4,825.05
2235,10,6,2026-02-18,2,830.45
2236,10,27,2026-02-18,3,1211.36
2237,10,14,2026-02-18,2,213.02
2238,10,35,2026-02-18,3,1340.31
2239,10,16,2026-02-18,2,381.37
2240,10,34,2026-02-18,4,302.21
2241,10,15,2026-02-18,4,443.53
2242,10,19,2026-02-18,1,70.92
2243,11,14,2026-02-18,5,568.55
2244,11,8,2026-02-18,4,1468.84
2245,11,37,2026-02-18,5,2324.5
2246,11,27,2026-02-18,4,1724.36
2247,11,3,2026-02-18,5,2122.55
2248,11,20,2026-02-18,5,1358.95
2249,11,9,2026-02-18,4,1735.64
2250,11,40,2026-02-18,5,2044.65
2251,11,25,2026-02-18,1,284.38
2252,11,26,2026-02-18,3,1494.24
2253,12,40,2026-02-18,5,2044.65
2254,12,4,2026-02-18,5,1831.1
2255,12,38,2026-02-18,1,123.53
2256,12,15,2026-02-18,1,118.38
2257,12,38,2026-02-18,2,247.06
2258,12,19,2026-02-18,3,227.16
2259,12,30,2026-02-18,2,440.42
2260,12,11,2026-02-18,5,904.3
2261,12,26,2026-02-18,1,498.08
2262,12,25,2026-02-18,5,1421.88
2263,12,4,2026-02-18,4,1464.88
2264,12,27,2026-02-18,3,1293.27
2265,12,22,2026-02-18,4,1994.72
2266,12,21,2026-02-18,1,449.42
2267,1,36,2026-02-19,1,301.48
2268,1,21,2026-02-19,3,1348.26
2269,1,12,2026-02-19,2,613.04
2270,2,5,2026-02-19,5,220.05
2271,2,7,2026-02-19,5,1768.8
2272,2,18,2026-02-19,5,1004.2
2273,2,37,2026-02-19,5,2324.5
2274,2,32,2026-02-19,2,913.5
2275,2,32,2026-02-19,4,1827.0
2276,2,34,2026-02-19,3,241.98
2277,2,33,2026-02-19,4,1592.82
2278,2,5,2026-02-19,4,176.04
2279,2,26,2026-02-19,5,2490.4
2280,2,12,2026-02-19,5,1532.6
2281,3,3,2026-02-19,3,1273.53
2282,3,13,2026-02-19,1,85.88
2283,3,18,2026-02-19,4,803.36
2284,3,21,2026-02-19,1,449.42
2285,3,29,2026-02-19,3,1156.38
2286,4,4,2026-02-19,1,366.22
2287,4,24,2026-02-19,1,80.66
2288,4,29,2026-02-19,2,770.92
2289,4,32,2026-02-19,3,1370.25
2290,4,30,2026-02-19,3,660.63
2291,4,21,2026-02-19,3,1348.26
2292,4,15,2026-02-19,4,473.52
2293,4,14,2026-02-19,2,227.42
2294,4,10,2026-02-19,5,1598.3
2295,5,38,2026-02-19,3,370.59
2296,5,39,2026-02-19,4,1894.96
2297,5,1,2026-02-19,1,142.55
2298,5,7,2026-02-19,4,1415.04
2299,5,24,2026-02-19,4,322.64
2300,5,5,2026-02-19,3,132.03
2301,5,32,2026-02-19,1,456.75
2302,5,33,2026-02-19,3,1194.62
2303,5,6,2026-02-19,1,443.3
2304,5,5,2026-02-19,1,44.01
2305,6,2,2026-02-19,3,166.77
2306,6,38,2026-02-19,1,123.53
2307,6,16,2026-02-19,2,407.16
2308,7,34,2026-02-19,2,150.57
2309,7,37,2026-02-19,5,2169.53
2310,7,23,2026-02-19,2,93.33
2311,7,22,2026-02-19,5,2327.17
2312,7,38,2026-02-19,2,230.59
2313,7,38,2026-02-19,3,345.88
2314,7,9,2026-02-19,5,2024.91
2315,7,14,2026-02-19,4,424.52
2316,7,7,2026-02-19,4,1320.7
2317,7,5,2026-02-19,2,82.15
2318,7,10,2026-02-19,4,1193.4
2319,7,18,2026-02-19,2,374.9
2320,7,14,2026-02-19,2,212.26
2321,7,19,2026-02-19,4,282.69
2322,8,31,2026-02-19,1,486.08
2323,8,36,2026-02-19,5,1507.4
2324,8,30,2026-02-19,2,440.42
2325,8,12,2026-02-19,4,1226.08
2326,8,22,2026-02-19,5,2493.4
2327,8,14,2026-02-19,4,454.84
2328,8,21,2026-02-19,4,1797.68
2329,8,7,2026-02-19,1,353.76
2330,8,37,2026-02-19,2,929.8
2331,9,21,2026-02-19,3,1348.26
2332,9,10,2026-02-19,1,319.66
2333,9,36,2026-02-19,5,1507.4
2334,9,30,2026-02-19,1,220.21
2335,9,10,2026-02-19,5,1598.3
2336,9,22,2026-02-19,2,997.36
2337,10,38,2026-02-19,3,345.88
2338,10,3,2026-02-19,2,792.42
2339,10,5,2026-02-19,4,164.3
2340,10,14,2026-02-19,1,106.13
2341,10,30,2026-02-19,3,616.59
2342,10,7,2026-02-19,4,1320.7
2343,10,30,2026-02-19,5,1027.65
2344,10,40,2026-02-19,3,1145.0
2345,11,24,2026-02-19,4,322.64
2346,11,24,2026-02-19,5,403.3
2347,11,30,2026-02-19,4,880.84
2348,11,30,2026-02-19,5,1101.05
2349,11,9,2026-02-19,1,433.91
2350,11,14,2026-02-19,3,341.13
2351,11,22,2026-02-19,3,1496.04
2352,11,4,2026-02-19,4,1464.88
2353,11,17,2026-02-19,5,2194.0
2354,11,5,2026-02-19,2,88.02
2355,11,14,2026-02-19,3,341.13
2356,11,7,2026-02-19,5,1768.8
2357,12,33,2026-02-19,1,398.21
2358,12,28,2026-02-19,2,684.9
2359,12,8,2026-02-19,3,1098.4
2360,12,9,2026-02-19,1,433.91
2361,12,18,2026-02-19,2,401.68
2362,12,15,2026-02-19,3,355.14
2363,12,31,2026-02-19,1,486.08
2364,12,1,2026-02-19,2,285.1
2365,12,26,2026-02-19,3,1494.24
2366,12,18,2026-02-19,2,401.68
2367,12,22,2026-02-19,5,2493.4
2368,12,2,2026-02-19,4,222.36
2369,1,34,2026-02-20,5,403.3
2370,1,26,2026-02-20,2,996.16
2371,1,30,2026-02-20,5,1101.05
2372,1,2,2026-02-20,4,222.36
2373,1,34,2026-02-20,4,322.64
2374,1,14,2026-02-20,2,227.42
2375,1,34,2026-02-20,4,322.64
2376,1,28,2026-02-20,5,1712.25
2377,1,7,2026-02-20,2,707.52
2378,2,19,2026-02-20,2,151.44
2379,2,33,2026-02-20,4,1588.14
2380,2,12,2026-02-20,3,919.56
2381,2,33,2026-02-20,2,794.07
2382,2,19,2026-02-20,2,151.44
2383,2,31,2026-02-20,3,1458.24
2384,2,37,2026-02-20,4,1859.6
2385,2,35,2026-02-20,5,2384.9
2386,2,25,2026-02-20,1,282.71
2387,2,22,2026-02-20,3,1496.04
2388,2,34,2026-02-20,1,80.66
2389,3,17,2026-02-20,2,877.6
2390,3,35,2026-02-20,2,953.96
2391,3,12,2026-02-20,4,1226.08
2392,3,19,2026-02-20,5,378.6
2393,3,6,2026-02-20,5,2216.5
2394,3,38,2026-02-20,4,494.12
2395,3,24,2026-02-20,4,322.64
2396,3,28,2026-02-20,4,1369.8
2397,3,23,2026-02-20,4,200.0
2398,3,9,2026-02-20,4,1735.64
2399,4,14,2026-02-20,2,227.42
2400,4,23,2026-02-20,1,50.0
2401,4,9,2026-02-20,5,2169.55
2402,4,14,2026-02-20,1,113.71
2403,4,21,2026-02-20,2,898.84
2404,4,10,2026-02-20,3,958.98
2405,4,40,2026-02-20,1,408.93
2406,4,37,2026-02-20,3,1394.7
2407,4,21,2026-02-20,2,898.84
2408,4,26,2026-02-20,5,2490.4
2409,5,32,2026-02-20,2,913.5
2410,5,8,2026-02-20,4,1460.22
2411,5,36,2026-02-20,5,1507.4
2412,5,10,2026-02-20,4,1278.64
2413,5,6,2026-02-20,5,2216.5
2414,5,13,2026-02-20,5,429.4
2415,5,3,2026-02-20,1,424.51
2416,6,9,2026-02-20,1,433.91
2417,6,29,2026-02-20,3,1156.38
2418,6,13,2026-02-20,5,429.4
2419,6,34,2026-02-20,3,241.98
2420,6,13,2026-02-20,5,429.4
2421,6,6,2026-02-20,1,443.3
2422,6,8,2026-02-20,4,1460.22
2423,6,16,2026-02-20,5,1017.9
2424,6,24,2026-02-20,2,161.32
2425,6,17,2026-02-20,4,1755.2
2426,6,36,2026-02-20,1,301.48
2427,6,39,2026-02-20,2,947.48
2428,7,13,2026-02-20,1,79.87
2429,7,38,2026-02-20,4,459.53
2430,7,11,2026-02-20,3,504.6
2431,7,22,2026-02-20,3,1391.32
2432,7,2,2026-02-20,1,51.7
2433,7,16,2026-02-20,4,757.32
2434,7,1,2026-02-20,1,132.57
2435,8,36,2026-02-20,2,602.96
2436,8,1,2026-02-20,2,285.1
2437,8,30,2026-02-20,5,1101.05
2438,8,30,2026-02-20,3,660.63
2439,8,17,2026-02-20,5,2194.0
2440,8,10,2026-02-20,4,1278.64
2441,8,27,2026-02-20,2,862.18
2442,8,32,2026-02-20,5,2283.75
2443,8,7,2026-02-20,2,707.52
2444,8,18,2026-02-20,2,401.68
2445,8,26,2026-02-20,2,996.16
2446,8,11,2026-02-20,1,180.86
2447,8,39,2026-02-20,5,2368.7
2448,8,14,2026-02-20,3,341.13
2449,8,24,2026-02-20,5,403.3
2450,9,39,2026-02-20,5,2368.7
2451,9,20,2026-02-20,5,1358.95
2452,9,3,2026-02-20,2,849.02
2453,9,6,2026-02-20,3,1329.9
2454,9,37,2026-02-20,3,1394.7
2455,9,21,2026-02-20,3,1348.26
2456,9,7,2026-02-20,5,1768.8
2457,10,14,2026-02-20,5,528.75
2458,10,33,2026-02-20,1,369.24
2459,10,30,2026-02-20,2,409.59
2460,10,24,2026-02-20,4,300.06
2461,10,28,2026-02-20,1,318.48
2462,10,3,2026-02-20,3,1184.38
2463,10,35,2026-02-20,2,887.18
2464,11,30,2026-02-20,2,440.42
2465,11,10,2026-02-20,2,639.32
2466,11,10,2026-02-20,2,639.32
2467,11,37,2026-02-20,3,1394.7
2468,11,26,2026-02-20,2,996.16
2469,11,32,2026-02-20,4,1827.0
2470,11,31,2026-02-20,4,1944.32
2471,11,26,2026-02-20,2,996.16
2472,11,28,2026-02-20,5,1712.25
2473,11,37,2026-02-20,3,1394.7
2474,11,9,2026-02-20,4,1735.64
2475,11,21,2026-02-20,4,1797.68
2476,11,5,2026-02-20,4,176.04
2477,11,32,2026-02-20,1,456.75
2478,12,11,2026-02-20,1,180.86
2479,12,22,2026-02-20,4,1994.72
2480,12,18,2026-02-20,5,1004.2
2481,12,7,2026-02-20,3,1061.28
2482,12,8,2026-02-20,3,1095.17
2483,12,2,2026-02-20,4,222.36
2484,12,19,2026-02-20,4,302.88
2485,12,21,2026-02-20,3,1348.26
2486,12,39,2026-02-20,5,2368.7
2487,12,40,2026-02-20,1,408.93
2488,12,3,2026-02-20,1,424.51
2489,12,4,2026-02-20,4,1464.88
2490,12,30,2026-02-20,3,660.63
2491,1,5,2026-02-21,5,220.05
2492,1,14,2026-02-21,4,454.84
2493,1,28,2026-02-21,2,684.9
2494,1,38,2026-02-21,4,494.12
2495,2,27,2026-02-21,4,1724.36
2496,2,18,2026-02-21,3,602.52
2497,2,14,2026-02-21,3,341.13
2498,2,32,2026-02-21,3,1370.25
2499,2,11,2026-02-21,3,542.58
2500,2,35,2026-02-21,5,2384.9
2501,3,30,2026-02-21,2,440.42
2502,3,14,2026-02-21,5,568.55
2503,3,29,2026-02-21,4,1541.84
2504,3,34,2026-02-21,3,241.98
2505,3,19,2026-02-21,1,75.72
2506,3,22,2026-02-21,1,498.68
2507,3,34,2026-02-21,1,80.66
2508,3,25,2026-02-21,4,1127.49
2509,3,31,2026-02-21,1,486.08
2510,3,7,2026-02-21,1,353.76
2511,3,34,2026-02-21,2,161.32
2512,3,35,2026-02-21,4,1907.92
2513,4,10,2026-02-21,1,319.66
2514,4,23,2026-02-21,4,200.0
2515,4,24,2026-02-21,2,161.32
2516,4,29,2026-02-21,2,770.92
2517,4,38,2026-02-21,3,370.59
2518,4,35,2026-02-21,2,953.96
2519,4,10,2026-02-21,3,958.98
2520,4,21,2026-02-21,1,449.42
2521,4,7,2026-02-21,3,1061.28
2522,4,37,2026-02-21,3,1394.7
2523,5,1,2026-02-21,3,427.65
2524,5,36,2026-02-21,2,602.96
2525,5,29,2026-02-21,1,385.46
2526,5,21,2026-02-21,4,1797.68
2527,6,33,2026-02-21,3,1187.59
2528,6,18,2026-02-21,2,401.68
2529,6,9,2026-02-21,4,1735.64
2530,6,24,2026-02-21,1,80.66
2531,6,25,2026-02-21,1,281.87
2532,6,16,2026-02-21,1,203.58
2533,6,7,2026-02-21,2,707.52
2534,6,20,2026-02-21,4,1087.16
2535,6,14,2026-02-21,1,113.71
2536,6,3,2026-02-21,2,849.02
2537,6,19,2026-02-21,5,378.6
2538,6,24,2026-02-21,2,161.32
2539,6,15,2026-02-21,5,591.9
2540,7,32,2026-02-21,4,1693.02
2541,7,33,2026-02-21,1,366.83
2542,7,7,2026-02-21,1,327.82
2543,7,8,2026-02-21,3,1011.86
2544,7,21,2026-02-21,1,416.46
2545,7,5,2026-02-21,4,163.13
2546,7,8,2026-02-21,2,674.57
2547,7,26,2026-02-21,4,1846.22
2548,7,36,2026-02-21,1,279.37
2549,7,20,2026-02-21,2,503.72
2550,7,17,2026-02-21,4,1626.49
2551,7,22,2026-02-21,1,462.11
2552,7,3,2026-02-21,1,393.38
2553,8,31,2026-02-21,3,1458.24
2554,8,37,2026-02-21,3,1394.7
2555,8,39,2026-02-21,3,1421.22
2556,8,30,2026-02-21,2,440.42
2557,9,40,2026-02-21,2,817.86
2558,9,19,2026-02-21,2,151.44
2559,9,15,2026-02-21,1,118.38
2560,9,33,2026-02-21,5,1979.32
2561,9,8,2026-02-21,5,1819.9
2562,9,5,2026-02-21,1,44.01
2563,9,23,2026-02-21,5,250.0
2564,9,37,2026-02-21,2,929.8
2565,9,39,2026-02-21,4,1894.96
2566,10,34,2026-02-21,2,149.49
2567,10,34,2026-02-21,2,149.49
2568,10,35,2026-02-21,4,1768.01
2569,10,32,2026-02-21,5,2116.28
2570,10,14,2026-02-21,4,421.49
2571,10,23,2026-02-21,2,92.67
2572,10,29,2026-02-21,1,357.19
2573,10,2,2026-02-21,1,51.51
2574,11,28,2026-02-21,1,342.45
2575,11,8,2026-02-21,5,1819.9
2576,11,14,2026-02-21,4,454.84
2577,11,4,2026-02-21,3,1098.66
2578,11,5,2026-02-21,4,176.04
2579,12,34,2026-02-21,2,161.32
2580,12,1,2026-02-21,2,285.1
2581,12,3,2026-02-21,3,1273.53
2582,12,8,2026-02-21,1,363.98
2583,12,22,2026-02-21,2,997.36
2584,12,12,2026-02-21,5,1532.6
2585,12,20,2026-02-21,5,1358.95
2586,12,6,2026-02-21,5,2216.5
2587,1,33,2026-02-22,5,1973.46
2588,1,15,2026-02-22,3,355.14
2589,1,5,2026-02-22,1,44.01
2590,1,23,2026-02-22,3,150.0
2591,1,14,2026-02-22,2,227.42
2592,1,36,2026-02-22,5,1507.4
2593,1,15,2026-02-22,5,591.9
2594,1,37,2026-02-22,5,2324.5
2595,1,18,2026-02-22,2,401.68
2596,1,23,2026-02-22,4,200.0
2597,1,6,2026-02-22,3,1329.9
2598,1,36,2026-02-22,1,301.48
2599,1,3,2026-02-22,2,849.02
2600,1,30,2026-02-22,4,880.84
2601,2,14,2026-02-22,1,113.71
2602,2,30,2026-02-22,2,440.42
2603,2,8,2026-02-22,4,1451.61
2604,2,27,2026-02-22,5,2155.45
2605,2,17,2026-02-22,1,438.8
2606,2,10,2026-02-22,5,1598.3
2607,2,12,2026-02-22,1,306.52
2608,2,36,2026-02-22,3,904.44
2609,2,40,2026-02-22,3,1226.79
2610,3,24,2026-02-22,4,322.64
2611,3,23,2026-02-22,5,250.0
2612,3,4,2026-02-22,4,1464.88
2613,3,31,2026-02-22,3,1458.24
2614,3,5,2026-02-22,5,220.05
2615,4,32,2026-02-22,2,913.5
2616,4,18,2026-02-22,4,803.36
2617,4,12,2026-02-22,1,306.52
2618,4,10,2026-02-22,1,319.66
2619,4,13,2026-02-22,5,429.4
2620,4,14,2026-02-22,1,113.71
2621,4,16,2026-02-22,1,203.58
2622,4,19,2026-02-22,3,227.16
2623,4,17,2026-02-22,2,877.6
2624,4,29,2026-02-22,1,385.46
2625,4,13,2026-02-22,1,85.88
2626,4,25,2026-02-22,4,1124.16
2627,4,30,2026-02-22,5,1101.05
2628,5,37,2026-02-22,5,2324.5
2629,5,17,2026-02-22,4,1755.2
2630,5,5,2026-02-22,4,176.04
2631,5,16,2026-02-22,4,814.32
2632,5,3,2026-02-22,1,424.51
2633,5,19,2026-02-22,5,378.6
2634,5,9,2026-02-22,5,2169.55
2635,6,14,2026-02-22,2,227.42
2636,6,8,2026-02-22,3,1088.71
2637,6,13,2026-02-22,1,85.88
2638,6,2,2026-02-22,3,166.77
2639,6,29,2026-02-22,1,385.46
2640,6,39,2026-02-22,5,2368.7
2641,6,3,2026-02-22,2,849.02
2642,6,9,2026-02-22,2,867.82
2643,6,7,2026-02-22,5,1768.8
2644,6,15,2026-02-22,3,355.14
2645,6,31,2026-02-22,4,1944.32
2646,6,16,2026-02-22,5,1017.9
2647,7,18,2026-02-22,1,185.44
2648,7,16,2026-02-22,3,563.92
2649,7,13,2026-02-22,4,317.18
2650,7,2,2026-02-22,2,102.66
2651,7,27,2026-02-22,1,398.04
2652,7,3,2026-02-22,2,783.93
2653,7,12,2026-02-22,1,283.02
2654,7,2,2026-02-22,4,205.31
2655,7,34,2026-02-22,1,74.48
2656,7,36,2026-02-22,4,1113.47
2657,7,38,2026-02-22,5,570.3
2658,7,12,2026-02-22,5,1415.1
2659,7,34,2026-02-22,1,74.48
2660,8,30,2026-02-22,2,440.42
2661,8,37,2026-02-22,1,464.9
2662,8,12,2026-02-22,1,306.52
2663,8,23,2026-02-22,2,100.0
2664,8,4,2026-02-22,1,366.22
2665,8,4,2026-02-22,2,732.44
2666,8,37,2026-02-22,4,1859.6
2667,9,35,2026-02-22,5,2384.9
2668,9,12,2026-02-22,5,1532.6
2669,9,32,2026-02-22,3,1370.25
2670,9,7,2026-02-22,2,707.52
2671,9,9,2026-02-22,3,1301.73
2672,9,15,2026-02-22,2,236.76
2673,9,9,2026-02-22,3,1301.73
2674,9,13,2026-02-22,1,85.88
2675,10,33,2026-02-22,1,364.43
2676,10,5,2026-02-22,3,121.91
2677,10,4,2026-02-22,4,1352.57
2678,10,13,2026-02-22,3,237.89
2679,10,26,2026-02-22,5,2299.47
2680,10,20,2026-02-22,1,250.95
2681,10,28,2026-02-22,3,948.59
2682,10,18,2026-02-22,5,927.21
2683,10,10,2026-02-22,1,295.15
2684,10,36,2026-02-22,4,1113.47
2685,10,34,2026-02-22,4,297.9
2686,10,36,2026-02-22,5,1391.83
2687,10,30,2026-02-22,3,609.98
2688,10,18,2026-02-22,1,185.44
2689,10,32,2026-02-22,4,1686.93
2690,11,37,2026-02-22,2,929.8
2691,11,23,2026-02-22,3,150.0
2692,11,17,2026-02-22,2,877.6
2693,11,16,2026-02-22,3,610.74
2694,11,16,2026-02-22,1,203.58
2695,11,20,2026-02-22,5,1358.95
2696,11,38,2026-02-22,1,123.53
2697,11,21,2026-02-22,2,898.84
2698,11,34,2026-02-22,5,403.3
2699,11,4,2026-02-22,1,366.22
2700,11,2,2026-02-22,1,55.59
2701,11,36,2026-02-22,1,301.48
2702,12,25,2026-02-22,1,281.04
2703,12,22,2026-02-22,4,1994.72
2704,12,7,2026-02-22,3,1061.28
2705,12,2,2026-02-22,4,222.36
2706,12,17,2026-02-22,2,877.6
2707,12,33,2026-02-22,2,789.39
2708,1,3,2026-02-23,5,2122.55
2709,1,1,2026-02-23,4,570.2
2710,1,12,2026-02-23,2,613.04
2711,2,36,2026-02-23,2,602.96
2712,2,5,2026-02-23,4,176.04
2713,2,26,2026-02-23,3,1494.24
2714,2,38,2026-02-23,3,370.59
2715,2,36,2026-02-23,1,301.48
2716,2,2,2026-02-23,5,277.95
2717,2,30,2026-02-23,3,660.63
2718,2,10,2026-02-23,1,319.66
2719,3,24,2026-02-23,1,80.66
2720,3,24,2026-02-23,2,161.32
2721,3,4,2026-02-23,2,732.44
2722,3,12,2026-02-23,5,1532.6
2723,3,9,2026-02-23,1,433.91
2724,3,35,2026-02-23,4,1907.92
2725,3,4,2026-02-23,1,366.22
2726,3,25,2026-02-23,4,1120.82
2727,3,15,2026-02-23,3,355.14
2728,3,34,2026-02-23,3,241.98
2729,3,20,2026-02-23,3,815.37
2730,4,6,2026-02-23,5,2216.5
2731,4,39,2026-02-23,4,1894.96
2732,4,6,2026-02-23,1,443.3
2733,4,22,2026-02-23,3,1496.04
2734,5,8,2026-02-23,3,1085.48
2735,5,28,2026-02-23,5,1712.25
2736,5,28,2026-02-23,3,1027.35
2737,5,15,2026-02-23,5,591.9
2738,5,2,2026-02-23,2,111.18
2739,5,28,2026-02-23,4,1369.8
2740,6,8,2026-02-23,5,1809.13
2741,6,4,2026-02-23,4,1464.88
2742,6,33,2026-02-23,2,787.04
2743,6,10,2026-02-23,5,1598.3
2744,6,6,2026-02-23,2,886.6
2745,6,29,2026-02-23,2,770.92
2746,6,35,2026-02-23,1,476.98
2747,6,35,2026-02-23,4,1907.92
2748,7,24,2026-02-23,2,148.41
2749,7,25,2026-02-23,5,1288.94
2750,7,15,2026-02-23,3,326.73
2751,8,13,2026-02-23,1,85.88
2752,8,21,2026-02-23,3,1348.26
2753,8,30,2026-02-23,1,220.21
2754,8,2,2026-02-23,4,222.36
2755,8,6,2026-02-23,3,1329.9
2756,8,32,2026-02-23,1,456.75
2757,8,17,2026-02-23,2,877.6
2758,8,16,2026-02-23,5,1017.9
2759,8,29,2026-02-23,2,770.92
2760,8,18,2026-02-23,4,803.36
2761,8,12,2026-02-23,4,1226.08
2762,8,2,2026-02-23,1,55.59
2763,8,19,2026-02-23,2,151.44
2764,9,12,2026-02-23,3,919.56
2765,9,5,2026-02-23,1,44.01
2766,9,11,2026-02-23,1,180.86
2767,9,6,2026-02-23,2,886.6
2768,9,27,2026-02-23,5,2155.45
2769,9,35,2026-02-23,4,1907.92
2770,9,21,2026-02-23,3,1348.26
2771,9,38,2026-02-23,4,494.12
2772,9,14,2026-02-23,1,113.71
2773,9,33,2026-02-23,5,1967.61
2774,9,25,2026-02-23,1,280.21
2775,9,25,2026-02-23,5,1401.03
2776,9,32,2026-02-23,2,913.5
2777,9,5,2026-02-23,4,176.04
2778,10,21,2026-02-23,5,2067.33
2779,10,11,2026-02-23,5,831.96
2780,10,4,2026-02-23,1,336.92
2781,10,38,2026-02-23,4,454.59
2782,11,31,2026-02-23,2,972.16
2783,11,10,2026-02-23,2,639.32
2784,11,18,2026-02-23,3,602.52
2785,11,16,2026-02-23,3,610.74
2786,11,9,2026-02-23,3,1301.73
2787,11,12,2026-02-23,4,1226.08
2788,11,15,2026-02-23,3,355.14
2789,11,29,2026-02-23,3,1156.38
2790,11,12,2026-02-23,4,1226.08
2791,11,38,2026-02-23,3,370.59
2792,11,2,2026-02-23,2,111.18
2793,11,12,2026-02-23,1,306.52
2794,11,15,2026-02-23,2,236.76
2795,12,31,2026-02-23,5,2430.4
2796,12,27,2026-02-23,1,431.09
2797,12,23,2026-02-23,2,100.0
2798,12,2,2026-02-23,1,55.59
2799,12,33,2026-02-23,2,787.04
2800,1,5,2026-02-24,4,176.04
2801,1,32,2026-02-24,3,1370.25
2802,1,29,2026-02-24,4,1541.84
2803,1,32,2026-02-24,1,456.75
2804,1,3,2026-02-24,5,2122.55
2805,1,39,2026-02-24,3,1421.22
2806,1,27,2026-02-24,2,862.18
2807,1,18,2026-02-24,4,803.36
2808,1,24,2026-02-24,3,241.98
2809,1,12,2026-02-24,4,1226.08
2810,2,23,2026-02-24,1,50.0
2811,2,28,2026-02-24,1,342.45
2812,2,10,2026-02-24,2,639.32
2813,2,9,2026-02-24,3,1301.73
2814,2,5,2026-02-24,5,220.05
2815,2,1,2026-02-24,1,142.55
2816,2,11,2026-02-24,2,361.72
2817,3,13,2026-02-24,2,171.76
2818,3,7,2026-02-24,1,353.76
2819,3,20,2026-02-24,2,543.58
2820,3,22,2026-02-24,3,1496.04
2821,3,24,2026-02-24,4,322.64
2822,3,2,2026-02-24,5,277.95
2823,3,31,2026-02-24,1,486.08
2824,3,12,2026-02-24,3,919.56
2825,4,24,2026-02-24,2,161.32
2826,4,13,2026-02-24,1,85.88
2827,4,12,2026-02-24,4,1226.08
2828,4,33,2026-02-24,4,1569.4
2829,4,27,2026-02-24,5,2155.45
2830,4,12,2026-02-24,5,1532.6
2831,4,17,2026-02-24,2,877.6
2832,5,31,2026-02-24,4,1944.32
2833,5,4,2026-02-24,1,366.22
2834,5,38,2026-02-24,2,247.06
2835,5,13,2026-02-24,1,85.88
2836,6,20,2026-02-24,1,271.79
2837,6,14,2026-02-24,2,227.42
2838,6,30,2026-02-24,2,440.42
2839,7,7,2026-02-24,4,1297.12
2840,7,20,2026-02-24,3,747.42
2841,7,20,2026-02-24,1,249.14
2842,7,20,2026-02-24,5,1245.7
2843,7,9,2026-02-24,5,1988.75
2844,7,28,2026-02-24,3,941.74
2845,8,31,2026-02-24,1,486.08
2846,8,18,2026-02-24,1,200.84
2847,8,18,2026-02-24,2,401.68
2848,8,19,2026-02-24,4,302.88
2849,9,37,2026-02-24,2,929.8
2850,9,25,2026-02-24,1,279.37
2851,9,33,2026-02-24,3,1177.05
2852,9,10,2026-02-24,1,319.66
2853,9,7,2026-02-24,1,353.76
2854,9,23,2026-02-24,4,200.0
2855,9,37,2026-02-24,1,464.9
2856,9,28,2026-02-24,2,684.9
2857,9,30,2026-02-24,5,1101.05
2858,9,19,2026-02-24,4,302.88
2859,9,9,2026-02-24,4,1735.64
2860,9,18,2026-02-24,4,803.36
2861,9,15,2026-02-24,1,118.38
2862,9,25,2026-02-24,4,1117.49
2863,9,35,2026-02-24,4,1907.92
2864,10,35,2026-02-24,3,1311.7
2865,10,18,2026-02-24,2,368.21
2866,10,26,2026-02-24,2,913.15
2867,10,33,2026-02-24,3,1078.96
2868,10,27,2026-02-24,3,1185.5
2869,11,30,2026-02-24,2,440.42
2870,11,37,2026-02-24,1,464.9
2871,11,6,2026-02-24,5,2216.5
2872,11,16,2026-02-24,5,1017.9
2873,11,10,2026-02-24,5,1598.3
2874,11,5,2026-02-24,2,88.02
2875,11,40,2026-02-24,3,1226.79
2876,11,24,2026-02-24,4,322.64
2877,11,8,2026-02-24,4,1442.99
2878,11,10,2026-02-24,5,1598.3
2879,12,11,2026-02-24,1,180.86
2880,12,33,2026-02-24,1,392.35
2881,12,33,2026-02-24,3,1177.05
2882,12,21,2026-02-24,4,1797.68
2883,12,21,2026-02-24,2,898.84
2884,12,36,2026-02-24,4,1205.92
2885,12,29,2026-02-24,2,770.92
2886,12,37,2026-02-24,5,2324.5
2887,12,40,2026-02-24,2,817.86
2888,12,17,2026-02-24,5,2194.0
2889,1,20,2026-02-25,1,271.79
2890,1,9,2026-02-25,4,1735.64
2891,1,31,2026-02-25,3,1458.24
2892,1,9,2026-02-25,4,1735.64
2893,1,25,2026-02-25,5,1392.69
2894,1,18,2026-02-25,4,803.36
2895,1,4,2026-02-25,3,1098.66
2896,1,6,2026-02-25,5,2216.5
2897,1,37,2026-02-25,5,2324.5
2898,1,15,2026-02-25,3,355.14
2899,1,35,2026-02-25,4,1907.92
2900,1,18,2026-02-25,3,602.52
2901,1,3,2026-02-25,2,849.02
2902,1,20,2026-02-25,1,271.79
2903,1,17,2026-02-25,3,1316.4
2904,2,3,2026-02-25,2,849.02
2905,2,4,2026-02-25,1,366.22
2906,2,38,2026-02-25,3,370.59
2907,2,17,2026-02-25,1,438.8
2908,2,30,2026-02-25,4,880.84
2909,2,33,2026-02-25,5,1955.89
2910,2,35,2026-02-25,3,1430.94
2911,2,34,2026-02-25,5,403.3
2912,2,17,2026-02-25,2,877.6
2913,2,28,2026-02-25,2,684.9
2914,2,15,2026-02-25,1,118.38
2915,2,12,2026-02-25,2,613.04
2916,3,27,2026-02-25,2,862.18
2917,3,14,2026-02-25,3,341.13
2918,3,12,2026-02-25,5,1532.6
2919,3,36,2026-02-25,1,301.48
2920,3,31,2026-02-25,2,972.16
2921,3,37,2026-02-25,5,2324.5
2922,3,17,2026-02-25,4,1755.2
2923,3,5,2026-02-25,3,132.03
2924,3,11,2026-02-25,2,361.72
2925,3,34,2026-02-25,2,161.32
2926,3,22,2026-02-25,2,997.36
2927,3,33,2026-02-25,5,1955.89
2928,3,36,2026-02-25,3,904.44
2929,4,17,2026-02-25,3,1316.4
2930,4,14,2026-02-25,5,568.55
2931,4,26,2026-02-25,1,498.08
2932,4,16,2026-02-25,3,610.74
2933,4,16,2026-02-25,5,1017.9
2934,4,22,2026-02-25,5,2493.4
2935,4,34,2026-02-25,2,161.32
2936,4,5,2026-02-25,5,220.05
2937,4,6,2026-02-25,2,886.6
2938,4,22,2026-02-25,4,1994.72
2939,4,37,2026-02-25,5,2324.5
2940,4,10,2026-02-25,3,958.98
2941,4,22,2026-02-25,2,997.36
2942,4,27,2026-02-25,4,1724.36
2943,4,17,2026-02-25,1,438.8
2944,5,37,2026-02-25,1,464.9
2945,5,10,2026-02-25,2,639.32
2946,5,31,2026-02-25,5,2430.4
2947,5,21,2026-02-25,2,898.84
2948,6,11,2026-02-25,5,904.3
2949,6,11,2026-02-25,4,723.44
2950,6,18,2026-02-25,1,200.84
2951,7,6,2026-02-25,5,2024.4
2952,7,21,2026-02-25,2,820.94
2953,7,24,2026-02-25,2,147.34
2954,7,36,2026-02-25,3,826.06
2955,7,28,2026-02-25,2,625.54
2956,7,18,2026-02-25,3,550.3
2957,7,13,2026-02-25,1,78.44
2958,7,29,2026-02-25,1,352.05
2959,8,2,2026-02-25,5,277.95
2960,8,17,2026-02-25,2,877.6
2961,8,9,2026-02-25,1,433.91
2962,8,1,2026-02-25,5,712.75
2963,8,8,2026-02-25,3,1079.01
2964,9,38,2026-02-25,3,370.59
2965,9,2,2026-02-25,4,222.36
2966,9,8,2026-02-25,5,1798.36
2967,9,16,2026-02-25,1,203.58
2968,10,3,2026-02-25,3,1163.16
2969,10,31,2026-02-25,3,1331.86
2970,10,28,2026-02-25,2,625.54
2971,10,33,2026-02-25,2,714.55
2972,10,33,2026-02-25,4,1429.11
2973,10,26,2026-02-25,4,1819.65
2974,10,25,2026-02-25,3,763.19
2975,10,12,2026-02-25,2,559.91
2976,11,2,2026-02-25,5,277.95
2977,11,19,2026-02-25,5,378.6
2978,11,27,2026-02-25,3,1293.27
2979,11,37,2026-02-25,2,929.8
2980,11,11,2026-02-25,5,904.3
2981,11,25,2026-02-25,2,557.07
2982,11,38,2026-02-25,4,494.12
2983,11,27,2026-02-25,3,1293.27
2984,11,40,2026-02-25,3,1226.79
2985,11,25,2026-02-25,2,557.07
2986,11,21,2026-02-25,2,898.84
2987,11,20,2026-02-25,1,271.79
2988,11,17,2026-02-25,5,2194.0
2989,11,32,2026-02-25,4,1827.0
2990,12,13,2026-02-25,5,429.4
2991,12,19,2026-02-25,1,75.72
2992,12,38,2026-02-25,2,247.06
2993,12,21,2026-02-25,5,2247.1
2994,12,8,2026-02-25,3,1079.01
2995,12,26,2026-02-25,5,2490.4
2996,12,20,2026-02-25,2,543.58
2997,12,24,2026-02-25,5,403.3
2998,12,9,2026-02-25,1,433.91
2999,12,30,2026-02-25,4,880.84
3000,12,9,2026-02-25,2,867.82
3001,12,22,2026-02-25,3,1496.04
3002,12,30,2026-02-25,1,220.21
3003,12,37,2026-02-25,2,929.8
3004,12,23,2026-02-25,3,150.0
3005,1,10,2026-02-26,2,639.32
3006,1,3,2026-02-26,1,424.51
3007,1,40,2026-02-26,3,1226.79
3008,1,10,2026-02-26,4,1278.64
3009,1,24,2026-02-26,1,80.66
3010,1,16,2026-02-26,3,610.74
3011,1,24,2026-02-26,2,161.32
3012,1,14,2026-02-26,2,227.42
3013,2,26,2026-02-26,1,498.08
3014,2,20,2026-02-26,3,815.37
3015,2,23,2026-02-26,3,150.0
3016,2,11,2026-02-26,1,180.86
3017,2,28,2026-02-26,1,342.45
3018,2,19,2026-02-26,1,75.72
3019,2,40,2026-02-26,4,1635.72
3020,2,31,2026-02-26,4,1944.32
3021,2,32,2026-02-26,4,1827.0
3022,2,28,2026-02-26,2,684.9
3023,2,14,2026-02-26,4,454.84
3024,2,1,2026-02-26,4,570.2
3025,2,14,2026-02-26,4,454.84
3026,2,37,2026-02-26,3,1394.7
3027,3,35,2026-02-26,4,1907.92
3028,3,18,2026-02-26,1,200.84
3029,3,16,2026-02-26,4,814.32
3030,3,33,2026-02-26,5,1950.04
3031,3,11,2026-02-26,2,361.72
3032,3,13,2026-02-26,2,171.76
3033,3,5,2026-02-26,4,176.04
3034,3,17,2026-02-26,1,438.8
3035,3,6,2026-02-26,1,443.3
3036,3,17,2026-02-26,3,1316.4
3037,3,25,2026-02-26,1,277.7
3038,4,19,2026-02-26,3,227.16
3039,4,21,2026-02-26,1,449.42
3040,4,6,2026-02-26,1,443.3
3041,4,35,2026-02-26,3,1430.94
3042,4,27,2026-02-26,2,862.18
3043,4,37,2026-02-26,4,1859.6
3044,4,32,2026-02-26,2,913.5
3045,4,3,2026-02-26,1,424.51
3046,5,18,2026-02-26,1,200.84
3047,5,2,2026-02-26,3,166.77
3048,5,33,2026-02-26,5,1950.04
3049,5,23,2026-02-26,5,250.0
3050,5,21,2026-02-26,4,1797.68
3051,5,28,2026-02-26,1,342.45
3052,5,38,2026-02-26,4,494.12
3053,5,38,2026-02-26,2,247.06
3054,5,39,2026-02-26,5,2368.7
3055,5,38,2026-02-26,4,494.12
3056,5,9,2026-02-26,2,867.82
3057,6,32,2026-02-26,1,456.75
3058,6,34,2026-02-26,3,241.98
3059,6,3,2026-02-26,2,849.02
3060,7,37,2026-02-26,4,1692.24
3061,7,38,2026-02-26,5,562.06
3062,7,38,2026-02-26,5,562.06
3063,7,34,2026-02-26,3,220.2
3064,7,22,2026-02-26,3,1361.4
3065,7,4,2026-02-26,3,999.78
3066,8,8,2026-02-26,1,358.59
3067,8,8,2026-02-26,1,358.59
3068,8,24,2026-02-26,4,322.64
3069,8,5,2026-02-26,5,220.05
3070,8,1,2026-02-26,5,712.75
3071,8,22,2026-02-26,4,1994.72
3072,9,35,2026-02-26,1,476.98
3073,9,4,2026-02-26,3,1098.66
3074,9,11,2026-02-26,1,180.86
3075,9,6,2026-02-26,4,1773.2
3076,9,23,2026-02-26,1,50.0
3077,10,18,2026-02-26,5,913.82
3078,10,13,2026-02-26,4,312.6
3079,10,36,2026-02-26,2,548.69
3080,10,6,2026-02-26,1,403.4
3081,10,37,2026-02-26,1,423.06
3082,10,9,2026-02-26,2,789.72
3083,10,6,2026-02-26,2,806.81
3084,11,22,2026-02-26,3,1496.04
3085,11,11,2026-02-26,1,180.86
3086,11,9,2026-02-26,4,1735.64
3087,11,30,2026-02-26,1,220.21
3088,11,4,2026-02-26,3,1098.66
3089,11,32,2026-02-26,4,1827.0
3090,11,33,2026-02-26,4,1560.03
3091,11,15,2026-02-26,4,473.52
3092,11,33,2026-02-26,3,1170.02
3093,11,37,2026-02-26,1,464.9
3094,11,27,2026-02-26,5,2155.45
3095,11,9,2026-02-26,4,1735.64
3096,11,20,2026-02-26,2,543.58
3097,12,1,2026-02-26,4,570.2
3098,12,13,2026-02-26,3,257.64
3099,12,17,2026-02-26,2,877.6
3100,12,39,2026-02-26,4,1894.96
3101,12,17,2026-02-26,1,438.8
3102,12,38,2026-02-26,3,370.59
3103,12,12,2026-02-26,4,1226.08
3104,12,23,2026-02-26,4,200.0
3105,1,29,2026-02-27,2,770.92
3106,1,8,2026-02-27,3,1072.55
3107,1,16,2026-02-27,5,1017.9
3108,1,9,2026-02-27,1,433.91
3109,1,23,2026-02-27,2,100.0
3110,1,21,2026-02-27,1,449.42
3111,1,19,2026-02-27,1,75.72
3112,2,33,2026-02-27,3,1166.51
3113,2,7,2026-02-27,5,1768.8
3114,2,29,2026-02-27,4,1541.84
3115,2,1,2026-02-27,5,712.75
3116,2,31,2026-02-27,2,972.16
3117,2,6,2026-02-27,5,2216.5
3118,2,11,2026-02-27,1,180.86
3119,2,39,2026-02-27,4,1894.96
3120,2,24,2026-02-27,5,403.3
3121,2,10,2026-02-27,4,1278.64
3122,2,31,2026-02-27,5,2430.4
3123,2,30,2026-02-27,4,880.84
3124,2,30,2026-02-27,5,1101.05
3125,3,28,2026-02-27,4,1369.8
3126,3,20,2026-02-27,3,815.37
3127,3,12,2026-02-27,1,306.52
3128,3,5,2026-02-27,4,176.04
3129,3,22,2026-02-27,1,498.68
3130,3,15,2026-02-27,5,591.9
3131,4,22,2026-02-27,5,2493.4
3132,4,28,2026-02-27,5,1712.25
3133,4,7,2026-02-27,5,1768.8
3134,4,1,2026-02-27,2,285.1
3135,4,4,2026-02-27,1,366.22
3136,4,21,2026-02-27,4,1797.68
3137,4,17,2026-02-27,2,877.6
3138,4,3,2026-02-27,2,849.02
3139,4,8,2026-02-27,2,715.04
3140,4,15,2026-02-27,2,236.76
3141,4,26,2026-02-27,2,996.16
3142,4,13,2026-02-27,1,85.88
3143,5,25,2026-02-27,1,276.87
3144,5,30,2026-02-27,4,880.84
3145,5,31,2026-02-27,2,972.16
3146,5,38,2026-02-27,2,247.06
3147,5,40,2026-02-27,5,2044.65
3148,5,23,2026-02-27,3,150.0
3149,5,30,2026-02-27,3,660.63
3150,5,17,2026-02-27,1,438.8
3151,5,33,2026-02-27,1,388.84
3152,6,18,2026-02-27,5,1004.2
3153,6,16,2026-02-27,4,814.32
3154,6,19,2026-02-27,5,378.6
3155,6,19,2026-02-27,3,227.16
3156,6,40,2026-02-27,3,1226.79
3157,6,39,2026-02-27,5,2368.7
3158,6,19,2026-02-27,4,302.88
3159,6,40,2026-02-27,1,408.93
3160,6,8,2026-02-27,5,1787.59
3161,7,10,2026-02-27,5,1449.13
3162,7,19,2026-02-27,4,274.61
3163,7,32,2026-02-27,1,414.12
3164,7,3,2026-02-27,4,1539.56
3165,7,6,2026-02-27,2,803.85
3166,7,7,2026-02-27,2,641.48
3167,7,27,2026-02-27,5,1954.27
3168,7,40,2026-02-27,5,1853.82
3169,7,19,2026-02-27,5,343.26
3170,7,36,2026-02-27,1,273.34
3171,7,21,2026-02-27,1,407.47
3172,7,37,2026-02-27,5,2107.55
3173,8,27,2026-02-27,1,431.09
3174,8,18,2026-02-27,3,602.52
3175,8,14,2026-02-27,5,568.55
3176,8,6,2026-02-27,3,1329.9
3177,8,20,2026-02-27,4,1087.16
3178,8,17,2026-02-27,3,1316.4
3179,8,20,2026-02-27,4,1087.16
3180,8,32,2026-02-27,4,1827.0
3181,8,9,2026-02-27,5,2169.55
3182,8,14,2026-02-27,5,568.55
3183,8,33,2026-02-27,4,1555.35
3184,8,8,2026-02-27,1,357.52
3185,8,8,2026-02-27,2,715.04
3186,8,4,2026-02-27,3,1098.66
3187,8,39,2026-02-27,4,1894.96
3188,9,40,2026-02-27,5,2044.65
3189,9,28,2026-02-27,5,1712.25
3190,9,23,2026-02-27,4,200.0
3191,9,24,2026-02-27,1,80.66
3192,9,3,2026-02-27,4,1698.04
3193,10,34,2026-02-27,2,146.26
3194,10,9,2026-02-27,1,393.41
3195,10,39,2026-02-27,4,1718.1
3196,10,33,2026-02-27,3,1057.64
3197,10,5,2026-02-27,3,119.71
3198,10,37,2026-02-27,1,421.51
3199,10,11,2026-02-27,3,491.94
3200,10,5,2026-02-27,3,119.71
3201,11,22,2026-02-27,3,1496.04
3202,11,17,2026-02-27,4,1755.2
3203,11,30,2026-02-27,1,220.21
3204,11,27,2026-02-27,2,862.18
3205,11,20,2026-02-27,2,543.58
3206,11,16,2026-02-27,3,610.74
3207,11,15,2026-02-27,4,473.52
3208,12,7,2026-02-27,3,1061.28
3209,12,8,2026-02-27,3,1072.55
3210,12,15,2026-02-27,4,473.52
3211,12,22,2026-02-27,5,2493.4
3212,12,39,2026-02-27,1,473.74
3213,12,33,2026-02-27,2,777.67
3214,12,34,2026-02-27,4,322.64
3215,12,2,2026-02-27,2,111.18
3216,12,38,2026-02-27,4,494.12
3217,12,4,2026-02-27,4,1464.88
3218,12,35,2026-02-27,5,2384.9
3219,12,1,2026-02-27,3,427.65
3220,12,26,2026-02-27,1,498.08
3221,12,1,2026-02-27,5,712.75
3222,12,32,2026-02-27,2,913.5
3223,1,30,2026-02-28,3,660.63
3224,1,16,2026-02-28,5,1017.9
3225,1,35,2026-02-28,4,1907.92
3226,1,9,2026-02-28,2,867.82
3227,2,1,2026-02-28,5,712.75
3228,2,14,2026-02-28,5,568.55
3229,2,13,2026-02-28,1,85.88
3230,2,1,2026-02-28,2,285.1
3231,2,20,2026-02-28,2,543.58
3232,2,21,2026-02-28,2,898.84
3233,2,7,2026-02-28,1,353.76
3234,2,20,2026-02-28,2,543.58
3235,2,15,2026-02-28,1,118.38
3236,2,35,2026-02-28,4,1907.92
3237,2,20,2026-02-28,1,271.79
3238,2,34,2026-02-28,3,241.98
3239,2,22,2026-02-28,2,997.36
3240,2,6,2026-02-28,3,1329.9
3241,2,9,2026-02-28,3,1301.73
3242,3,12,2026-02-28,5,1532.6
3243,3,23,2026-02-28,4,200.0
3244,3,23,2026-02-28,1,50.0
3245,3,2,2026-02-28,1,55.59
3246,3,38,2026-02-28,2,247.06
3247,3,6,2026-02-28,3,1329.9
3248,3,2,2026-02-28,4,222.36
3249,3,38,2026-02-28,5,617.65
3250,3,1,2026-02-28,4,570.2
3251,3,15,2026-02-28,2,236.76
3252,4,7,2026-02-28,5,1768.8
3253,4,40,2026-02-28,5,2044.65
3254,4,29,2026-02-28,3,1156.38
3255,4,32,2026-02-28,3,1370.25
3256,4,5,2026-02-28,2,88.02
3257,4,34,2026-02-28,3,241.98
3258,4,24,2026-02-28,1,80.66
3259,4,36,2026-02-28,3,904.44
3260,4,29,2026-02-28,1,385.46
3261,4,39,2026-02-28,4,1894.96
3262,5,34,2026-02-28,2,161.32
3263,5,8,2026-02-28,5,1782.21
3264,5,39,2026-02-28,2,947.48
3265,6,26,2026-02-28,2,996.16
3266,6,35,2026-02-28,2,953.96
3267,6,30,2026-02-28,3,660.63
3268,6,40,2026-02-28,4,1635.72
3269,6,18,2026-02-28,5,1004.2
3270,6,38,2026-02-28,1,123.53
3271,7,6,2026-02-28,1,400.45
3272,7,39,2026-02-28,4,1711.78
3273,7,2,2026-02-28,2,100.43
3274,7,1,2026-02-28,2,257.54
3275,7,21,2026-02-28,5,2029.88
3276,7,21,2026-02-28,1,405.98
3277,7,32,2026-02-28,2,825.2
3278,7,28,2026-02-28,3,928.04
3279,7,28,2026-02-28,5,1546.73
3280,7,13,2026-02-28,3,232.73
3281,7,7,2026-02-28,3,958.69
3282,7,13,2026-02-28,4,310.31
3283,7,17,2026-02-28,4,1585.53
3284,7,18,2026-02-28,3,544.28
3285,7,1,2026-02-28,4,515.08
3286,8,37,2026-02-28,2,929.8
3287,8,23,2026-02-28,4,200.0
3288,8,7,2026-02-28,3,1061.28
3289,8,13,2026-02-28,5,429.4
3290,8,19,2026-02-28,5,378.6
3291,8,34,2026-02-28,4,322.64
3292,8,2,2026-02-28,5,277.95
3293,9,17,2026-02-28,1,438.8
3294,9,3,2026-02-28,5,2122.55
3295,9,9,2026-02-28,3,1301.73
3296,9,38,2026-02-28,5,617.65
3297,10,30,2026-02-28,5,994.62
3298,10,17,2026-02-28,5,1981.91
3299,10,35,2026-02-28,3,1292.62
3300,10,35,2026-02-28,3,1292.62
3301,10,7,2026-02-28,1,319.56
3302,10,30,2026-02-28,4,795.69
3303,10,13,2026-02-28,1,77.58
3304,10,19,2026-02-28,3,205.2
3305,10,21,2026-02-28,3,1217.93
3306,10,24,2026-02-28,3,218.59
3307,10,2,2026-02-28,3,150.65
3308,10,16,2026-02-28,3,551.7
3309,10,1,2026-02-28,3,386.31
3310,11,6,2026-02-28,2,886.6
3311,11,16,2026-02-28,5,1017.9
3312,11,30,2026-02-28,2,440.42
3313,11,21,2026-02-28,1,449.42
3314,11,10,2026-02-28,5,1598.3
3315,11,24,2026-02-28,4,322.64
3316,12,12,2026-02-28,3,919.56
3317,12,34,2026-02-28,2,161.32
3318,12,35,2026-02-28,1,476.98
3319,12,38,2026-02-28,4,494.12
3320,12,31,2026-02-28,3,1458.24
3321,12,15,2026-02-28,3,355.14
3322,12,29,2026-02-28,4,1541.84
3323,12,34,2026-02-28,4,322.64
3324,12,16,2026-02-28,4,814.32
3325,12,25,2026-02-28,1,276.04
3326,12,39,2026-02-28,5,2368.7
3327,12,24,2026-02-28,5,403.3
3328,12,15,2026-02-28,2,236.76
3329,1,2,2026-03-01,2,111.18
3330,1,26,2026-03-01,5,2490.4
3331,1,38,2026-03-01,4,494.12
3332,1,27,2026-03-01,3,1293.27
3333,1,35,2026-03-01,5,2384.9
3334,1,14,2026-03-01,3,341.13
3335,1,17,2026-03-01,2,877.6
3336,1,30,2026-03-01,5,1101.05
3337,2,23,2026-03-01,3,150.0
3338,2,12,2026-03-01,1,306.52
3339,2,10,2026-03-01,4,1278.64
3340,2,36,2026-03-01,2,602.96
3341,2,38,2026-03-01,3,370.59
3342,3,30,2026-03-01,5,1101.05
3343,3,26,2026-03-01,2,996.16
3344,3,17,2026-03-01,3,1316.4
3345,3,40,2026-03-01,1,408.93
3346,3,27,2026-03-01,2,862.18
3347,3,24,2026-03-01,3,241.98
3348,3,30,2026-03-01,2,440.42
3349,3,5,2026-03-01,3,132.03
3350,3,33,2026-03-01,4,1545.98
3351,3,37,2026-03-01,3,1394.7
3352,3,28,2026-03-01,3,1027.35
3353,3,21,2026-03-01,3,1348.26
3354,3,40,2026-03-01,5,2044.65
3355,3,1,2026-03-01,3,427.65
3356,4,3,2026-03-01,1,424.51
3357,4,40,2026-03-01,4,1635.72
3358,4,18,2026-03-01,1,200.84
3359,4,36,2026-03-01,5,1507.4
3360,4,18,2026-03-01,5,1004.2
3361,4,37,2026-03-01,5,2324.5
3362,4,15,2026-03-01,1,118.38
3363,4,7,2026-03-01,4,1415.04
3364,4,21,2026-03-01,2,898.84
3365,4,19,2026-03-01,5,378.6
3366,5,25,2026-03-01,4,1100.81
3367,5,17,2026-03-01,5,2194.0
3368,5,12,2026-03-01,3,919.56
3369,5,5,2026-03-01,4,176.04
3370,6,22,2026-03-01,2,997.36
3371,6,19,2026-03-01,2,151.44
3372,6,5,2026-03-01,2,88.02
3373,7,13,2026-03-01,4,309.17
3374,7,9,2026-03-01,5,1952.6
3375,7,9,2026-03-01,4,1562.08
3376,7,8,2026-03-01,2,639.66
3377,7,13,2026-03-01,3,231.88
3378,7,7,2026-03-01,2,636.77
3379,7,1,2026-03-01,1,128.3
3380,7,7,2026-03-01,4,1273.54
3381,8,33,2026-03-01,2,772.99
3382,8,29,2026-03-01,3,1156.38
3383,8,1,2026-03-01,1,142.55
3384,8,9,2026-03-01,1,433.91
3385,8,26,2026-03-01,4,1992.32
3386,8,22,2026-03-01,3,1496.04
3387,8,30,2026-03-01,2,440.42
3388,8,9,2026-03-01,2,867.82
3389,9,36,2026-03-01,2,602.96
3390,9,22,2026-03-01,4,1994.72
3391,9,2,2026-03-01,1,55.59
3392,9,32,2026-03-01,2,913.5
3393,9,3,2026-03-01,5,2122.55
3394,9,34,2026-03-01,4,322.64
3395,9,29,2026-03-01,4,1541.84
3396,9,16,2026-03-01,4,814.32
3397,9,32,2026-03-01,4,1827.0
3398,9,27,2026-03-01,4,1724.36
3399,9,19,2026-03-01,4,302.88
3400,9,30,2026-03-01,1,220.21
3401,10,34,2026-03-01,5,362.97
3402,10,24,2026-03-01,2,145.19
3403,10,33,2026-03-01,3,1043.53
3404,11,28,2026-03-01,3,1027.35
3405,11,40,2026-03-01,5,2044.65
3406,11,40,2026-03-01,2,817.86
3407,12,14,2026-03-01,1,113.71
3408,12,34,2026-03-01,2,161.32
3409,12,17,2026-03-01,2,877.6
3410,1,34,2026-03-02,3,241.98
3411,1,3,2026-03-02,3,1273.53
3412,1,20,2026-03-02,2,543.58
3413,1,13,2026-03-02,1,85.88
3414,1,9,2026-03-02,4,1735.64
3415,1,21,2026-03-02,5,2247.1
3416,1,39,2026-03-02,5,2368.7
3417,1,9,2026-03-02,3,1301.73
3418,1,12,2026-03-02,2,613.04
3419,1,19,2026-03-02,1,75.72
3420,1,14,2026-03-02,1,113.71
3421,1,4,2026-03-02,3,1098.66
3422,1,15,2026-03-02,3,355.14
3423,1,15,2026-03-02,4,473.52
3424,2,23,2026-03-02,5,250.0
3425,2,39,2026-03-02,5,2368.7
3426,2,23,2026-03-02,5,250.0
3427,2,14,2026-03-02,3,341.13
3428,2,11,2026-03-02,4,723.44
3429,2,19,2026-03-02,2,151.44
3430,2,34,2026-03-02,3,241.98
3431,2,38,2026-03-02,4,494.12
3432,2,29,2026-03-02,3,1156.38
3433,2,21,2026-03-02,2,898.84
3434,2,28,2026-03-02,2,684.9
3435,2,30,2026-03-02,4,880.84
3436,2,39,2026-03-02,1,473.74
3437,2,7,2026-03-02,2,707.52
3438,3,3,2026-03-02,2,849.02
3439,3,19,2026-03-02,2,151.44
3440,3,2,2026-03-02,1,55.59
3441,3,14,2026-03-02,5,568.55
3442,3,15,2026-03-02,5,591.9
3443,3,23,2026-03-02,2,100.0
3444,4,39,2026-03-02,3,1421.22
3445,4,39,2026-03-02,1,473.74
3446,4,14,2026-03-02,4,454.84
3447,4,17,2026-03-02,3,1316.4
3448,5,14,2026-03-02,5,568.55
3449,5,16,2026-03-02,5,1017.9
3450,5,27,2026-03-02,1,431.09
3451,5,7,2026-03-02,5,1768.8
3452,5,39,2026-03-02,1,473.74
3453,5,4,2026-03-02,1,366.22
3454,5,27,2026-03-02,1,431.09
3455,5,14,2026-03-02,1,113.71
3456,5,32,2026-03-02,1,456.75
3457,5,32,2026-03-02,4,1827.0
3458,5,1,2026-03-02,4,570.2
3459,5,24,2026-03-02,4,322.64
3460,5,8,2026-03-02,1,354.29
3461,5,11,2026-03-02,5,904.3
3462,5,34,2026-03-02,3,241.98
3463,6,28,2026-03-02,2,684.9
3464,6,38,2026-03-02,2,247.06
3465,6,1,2026-03-02,1,142.55
3466,6,25,2026-03-02,3,823.1
3467,6,21,2026-03-02,4,1797.68
3468,6,5,2026-03-02,1,44.01
3469,6,32,2026-03-02,5,2283.75
3470,6,4,2026-03-02,3,1098.66
3471,6,18,2026-03-02,5,1004.2
3472,6,6,2026-03-02,5,2216.5
3473,7,10,2026-03-02,2,573.26
3474,7,31,2026-03-02,4,1743.41
3475,7,30,2026-03-02,1,197.45
3476,7,14,2026-03-02,5,509.8
3477,7,3,2026-03-02,5,1903.22
3478,7,10,2026-03-02,1,286.63
3479,7,6,2026-03-02,3,1192.48
3480,7,26,2026-03-02,1,446.61
3481,7,16,2026-03-02,1,182.54
3482,7,25,2026-03-02,4,984.07
3483,7,27,2026-03-02,2,773.09
3484,7,30,2026-03-02,5,987.27
3485,7,27,2026-03-02,2,773.09
3486,7,38,2026-03-02,3,332.3
3487,8,6,2026-03-02,2,886.6
3488,8,18,2026-03-02,3,602.52
3489,8,39,2026-03-02,4,1894.96
3490,8,18,2026-03-02,3,602.52
3491,8,21,2026-03-02,2,898.84
3492,8,4,2026-03-02,1,366.22
3493,8,19,2026-03-02,5,378.6
3494,8,19,2026-03-02,4,302.88
3495,8,4,2026-03-02,2,732.44
3496,8,19,2026-03-02,4,302.88
3497,8,5,2026-03-02,3,132.03
3498,9,2,2026-03-02,1,55.59
3499,9,36,2026-03-02,1,301.48
3500,9,36,2026-03-02,1,301.48
3501,9,1,2026-03-02,1,142.55
3502,9,27,2026-03-02,5,2155.45
3503,9,27,2026-03-02,4,1724.36
3504,10,11,2026-03-02,1,162.17
3505,10,16,2026-03-02,5,912.72
3506,10,36,2026-03-02,1,270.33
3507,10,2,2026-03-02,1,49.85
3508,10,39,2026-03-02,3,1274.36
3509,11,29,2026-03-02,2,770.92
3510,11,21,2026-03-02,4,1797.68
3511,11,32,2026-03-02,3,1370.25
3512,11,36,2026-03-02,3,904.44
3513,11,22,2026-03-02,4,1994.72
3514,11,6,2026-03-02,1,443.3
3515,11,26,2026-03-02,1,498.08
3516,11,18,2026-03-02,2,401.68
3517,11,3,2026-03-02,1,424.51
3518,11,34,2026-03-02,3,241.98
3519,11,34,2026-03-02,3,241.98
3520,11,27,2026-03-02,3,1293.27
3521,11,28,2026-03-02,4,1369.8
3522,12,37,2026-03-02,1,464.9
3523,12,17,2026-03-02,1,438.8
3524,12,33,2026-03-02,1,385.32
3525,12,33,2026-03-02,1,385.32
3526,12,8,2026-03-02,2,708.57
3527,12,35,2026-03-02,2,953.96
3528,12,10,2026-03-02,3,958.98
3529,12,33,2026-03-02,3,1155.97
3530,12,38,2026-03-02,4,494.12
3531,12,8,2026-03-02,5,1771.44
3532,12,16,2026-03-02,3,610.74
3533,12,26,2026-03-02,1,498.08
3534,12,8,2026-03-02,3,1062.86
3535,12,26,2026-03-02,3,1494.24
3536,1,20,2026-03-03,1,271.79
3537,1,26,2026-03-03,4,1992.32
3538,1,38,2026-03-03,4,494.12
3539,1,29,2026-03-03,4,1541.84
3540,1,9,2026-03-03,3,1301.73
3541,2,24,2026-03-03,4,322.64
3542,2,20,2026-03-03,4,1087.16
3543,2,2,2026-03-03,2,111.18
3544,2,1,2026-03-03,1,142.55
3545,2,4,2026-03-03,2,732.44
3546,2,6,2026-03-03,1,443.3
3547,2,11,2026-03-03,2,361.72
3548,2,33,2026-03-03,1,384.15
3549,2,32,2026-03-03,4,1827.0
3550,3,35,2026-03-03,4,1907.92
3551,3,24,2026-03-03,5,403.3
3552,3,23,2026-03-03,4,200.0
3553,3,16,2026-03-03,2,407.16
3554,3,5,2026-03-03,5,220.05
3555,3,21,2026-03-03,4,1797.68
3556,3,15,2026-03-03,3,355.14
3557,3,4,2026-03-03,5,1831.1
3558,3,6,2026-03-03,1,443.3
3559,3,15,2026-03-03,2,236.76
3560,3,21,2026-03-03,4,1797.68
3561,3,4,2026-03-03,4,1464.88
3562,4,40,2026-03-03,4,1635.72
3563,4,25,2026-03-03,4,1094.14
3564,4,34,2026-03-03,1,80.66
3565,4,40,2026-03-03,1,408.93
3566,5,6,2026-03-03,3,1329.9
3567,5,26,2026-03-03,1,498.08
3568,5,40,2026-03-03,5,2044.65
3569,5,15,2026-03-03,5,591.9
3570,5,7,2026-03-03,5,1768.8
3571,5,31,2026-03-03,2,972.16
3572,5,8,2026-03-03,3,1059.63
3573,6,20,2026-03-03,5,1358.95
3574,6,24,2026-03-03,5,403.3
3575,6,2,2026-03-03,1,55.59
3576,6,31,2026-03-03,4,1944.32
3577,6,15,2026-03-03,2,236.76
3578,6,3,2026-03-03,4,1698.04
3579,6,2,2026-03-03,3,166.77
3580,6,11,2026-03-03,4,723.44
3581,6,36,2026-03-03,2,602.96
3582,6,16,2026-03-03,5,1017.9
3583,6,5,2026-03-03,5,220.05
3584,7,38,2026-03-03,1,110.35
3585,7,5,2026-03-03,2,78.63
3586,7,10,2026-03-03,5,1427.81
3587,8,28,2026-03-03,4,1369.8
3588,8,12,2026-03-03,2,613.04
3589,8,1,2026-03-03,1,142.55
3590,8,10,2026-03-03,4,1278.64
3591,8,34,2026-03-03,3,241.98
3592,8,39,2026-03-03,2,947.48
3593,8,20,2026-03-03,3,815.37
3594,8,39,2026-03-03,3,1421.22
3595,8,2,2026-03-03,1,55.59
3596,8,20,2026-03-03,5,1358.95
3597,9,38,2026-03-03,5,617.65
3598,9,4,2026-03-03,4,1464.88
3599,9,23,2026-03-03,4,200.0
3600,9,14,2026-03-03,2,227.42
3601,9,37,2026-03-03,1,464.9
3602,9,18,2026-03-03,4,803.36
3603,10,3,2026-03-03,5,1896.14
3604,10,16,2026-03-03,4,727.46
3605,10,13,2026-03-03,1,76.72
3606,10,19,2026-03-03,4,270.57
3607,10,4,2026-03-03,4,1308.63
3608,10,3,2026-03-03,3,1137.69
3609,10,24,2026-03-03,1,72.06
3610,10,28,2026-03-03,4,1223.69
3611,10,9,2026-03-03,1,387.63
3612,10,7,2026-03-03,1,316.03
3613,11,38,2026-03-03,4,494.12
3614,11,26,2026-03-03,1,498.08
3615,11,4,2026-03-03,5,1831.1
3616,11,28,2026-03-03,5,1712.25
3617,11,21,2026-03-03,1,449.42
3618,11,3,2026-03-03,1,424.51
3619,11,6,2026-03-03,5,2216.5
3620,11,13,2026-03-03,5,429.4
3621,11,19,2026-03-03,3,227.16
3622,12,6,2026-03-03,5,2216.5
3623,12,32,2026-03-03,2,913.5
3624,12,24,2026-03-03,4,322.64
3625,12,38,2026-03-03,3,370.59
3626,12,31,2026-03-03,3,1458.24
3627,12,36,2026-03-03,1,301.48
3628,12,7,2026-03-03,2,707.52
3629,12,6,2026-03-03,4,1773.2
3630,12,32,2026-03-03,3,1370.25
3631,12,16,2026-03-03,5,1017.9
3632,12,23,2026-03-03,5,250.0
3633,1,31,2026-03-04,4,1944.32
3634,1,10,2026-03-04,3,958.98
3635,1,37,2026-03-04,4,1859.6
3636,1,40,2026-03-04,1,408.93
3637,1,40,2026-03-04,1,408.93
3638,1,29,2026-03-04,2,770.92
3639,1,28,2026-03-04,1,342.45
3640,1,27,2026-03-04,3,1293.27
3641,1,8,2026-03-04,3,1056.4
3642,1,4,2026-03-04,3,1098.66
3643,1,20,2026-03-04,5,1358.95
3644,1,35,2026-03-04,5,2384.9
3645,2,24,2026-03-04,1,80.66
3646,2,11,2026-03-04,1,180.86
3647,2,36,2026-03-04,2,602.96
3648,2,25,2026-03-04,4,1090.8
3649,2,33,2026-03-04,2,765.96
3650,2,13,2026-03-04,4,343.52
3651,2,26,2026-03-04,1,498.08
3652,2,34,2026-03-04,3,241.98
3653,3,29,2026-03-04,2,770.92
3654,3,38,2026-03-04,2,247.06
3655,3,35,2026-03-04,1,476.98
3656,3,12,2026-03-04,4,1226.08
3657,3,15,2026-03-04,2,236.76
3658,3,4,2026-03-04,4,1464.88
3659,3,38,2026-03-04,2,247.06
3660,3,19,2026-03-04,3,227.16
3661,3,17,2026-03-04,1,438.8
3662,3,25,2026-03-04,4,1090.8
3663,3,8,2026-03-04,1,352.13
3664,3,6,2026-03-04,5,2216.5
3665,4,31,2026-03-04,4,1944.32
3666,4,17,2026-03-04,4,1755.2
3667,4,29,2026-03-04,5,1927.3
3668,4,11,2026-03-04,5,904.3
3669,5,11,2026-03-04,4,723.44
3670,5,2,2026-03-04,1,55.59
3671,5,2,2026-03-04,5,277.95
3672,5,4,2026-03-04,1,366.22
3673,5,4,2026-03-04,5,1831.1
3674,6,24,2026-03-04,5,403.3
3675,6,25,2026-03-04,4,1090.8
3676,6,11,2026-03-04,5,904.3
3677,6,14,2026-03-04,2,227.42
3678,6,39,2026-03-04,5,2368.7
3679,6,25,2026-03-04,2,545.4
3680,6,17,2026-03-04,2,877.6
3681,6,18,2026-03-04,1,200.84
3682,6,30,2026-03-04,4,880.84
3683,7,18,2026-03-04,5,893.74
3684,7,31,2026-03-04,5,2163.06
3685,7,14,2026-03-04,3,303.61
3686,7,35,2026-03-04,5,2122.56
3687,7,28,2026-03-04,4,1219.12
3688,7,17,2026-03-04,4,1562.13
3689,7,1,2026-03-04,5,634.35
3690,7,7,2026-03-04,2,629.69
3691,7,40,2026-03-04,3,1091.84
3692,7,4,2026-03-04,4,1303.74
3693,7,13,2026-03-04,3,229.3
3694,7,40,2026-03-04,3,1091.84
3695,7,23,2026-03-04,4,178.0
3696,8,2,2026-03-04,2,111.18
3697,8,23,2026-03-04,2,100.0
3698,8,21,2026-03-04,4,1797.68
3699,8,25,2026-03-04,5,1363.5
3700,8,28,2026-03-04,5,1712.25
3701,8,9,2026-03-04,3,1301.73
3702,8,38,2026-03-04,5,617.65
3703,8,9,2026-03-04,3,1301.73
3704,8,34,2026-03-04,5,403.3
3705,8,8,2026-03-04,2,704.27
3706,8,36,2026-03-04,2,602.96
3707,8,11,2026-03-04,2,361.72
3708,8,19,2026-03-04,5,378.6
3709,8,19,2026-03-04,3,227.16
3710,8,18,2026-03-04,3,602.52
3711,9,24,2026-03-04,2,161.32
3712,9,23,2026-03-04,2,100.0
3713,9,26,2026-03-04,5,2490.4
3714,9,5,2026-03-04,5,220.05
3715,9,25,2026-03-04,3,818.1
3716,9,14,2026-03-04,1,113.71
3717,9,10,2026-03-04,3,958.98
3718,9,38,2026-03-04,5,617.65
3719,9,27,2026-03-04,4,1724.36
3720,9,17,2026-03-04,5,2194.0
3721,9,10,2026-03-04,5,1598.3
3722,9,5,2026-03-04,4,176.04
3723,9,35,2026-03-04,5,2384.9
3724,10,16,2026-03-04,4,724.74
3725,10,33,2026-03-04,1,340.85
3726,10,13,2026-03-04,5,382.17
3727,10,36,2026-03-04,1,268.32
3728,10,25,2026-03-04,1,242.7
3729,10,7,2026-03-04,4,1259.39
3730,10,6,2026-03-04,2,789.07
3731,11,26,2026-03-04,1,498.08
3732,11,12,2026-03-04,2,613.04
3733,11,3,2026-03-04,3,1273.53
3734,12,32,2026-03-04,2,913.5
3735,12,33,2026-03-04,3,1148.94
3736,12,26,2026-03-04,3,1494.24
3737,12,13,2026-03-04,2,171.76
3738,12,28,2026-03-04,1,342.45
3739,12,25,2026-03-04,3,818.1
3740,12,35,2026-03-04,2,953.96
3741,12,4,2026-03-04,5,1831.1
3742,12,31,2026-03-04,1,486.08
3743,12,28,2026-03-04,3,1027.35
3744,12,34,2026-03-04,4,322.64
3745,12,22,2026-03-04,1,498.68
3746,12,11,2026-03-04,5,904.3
3747,12,27,2026-03-04,5,2155.45
3748,12,40,2026-03-04,2,817.86
3749,1,35,2026-03-05,5,2384.9
3750,1,20,2026-03-05,4,1087.16
3751,1,7,2026-03-05,2,707.52
3752,1,18,2026-03-05,5,1004.2
3753,1,5,2026-03-05,3,132.03
3754,1,2,2026-03-05,1,55.59
3755,1,7,2026-03-05,4,1415.04
3756,1,9,2026-03-05,4,1735.64
3757,1,3,2026-03-05,4,1698.04
3758,1,16,2026-03-05,3,610.74
3759,1,30,2026-03-05,5,1101.05
3760,1,39,2026-03-05,1,473.74
3761,1,7,2026-03-05,1,353.76
3762,1,23,2026-03-05,3,150.0
3763,2,23,2026-03-05,5,250.0
3764,2,19,2026-03-05,4,302.88
3765,2,11,2026-03-05,2,361.72
3766,2,6,2026-03-05,3,1329.9
3767,2,23,2026-03-05,5,250.0
3768,2,8,2026-03-05,5,1755.28
3769,3,38,2026-03-05,5,617.65
3770,3,30,2026-03-05,2,440.42
3771,3,39,2026-03-05,2,947.48
3772,3,19,2026-03-05,3,227.16
3773,3,33,2026-03-05,4,1527.24
3774,3,33,2026-03-05,2,763.62
3775,3,18,2026-03-05,1,200.84
3776,3,40,2026-03-05,2,817.86
3777,3,16,2026-03-05,2,407.16
3778,3,17,2026-03-05,5,2194.0
3779,3,27,2026-03-05,1,431.09
3780,3,40,2026-03-05,4,1635.72
3781,3,28,2026-03-05,1,342.45
3782,3,11,2026-03-05,4,723.44
3783,4,11,2026-03-05,5,904.3
3784,4,26,2026-03-05,3,1494.24
3785,4,38,2026-03-05,2,247.06
3786,4,1,2026-03-05,2,285.1
3787,4,39,2026-03-05,5,2368.7
3788,4,37,2026-03-05,3,1394.7
3789,4,13,2026-03-05,1,85.88
3790,5,33,2026-03-05,4,1527.24
3791,5,8,2026-03-05,2,702.11
3792,5,14,2026-03-05,1,113.71
3793,5,21,2026-03-05,2,898.84
3794,5,7,2026-03-05,3,1061.28
3795,5,10,2026-03-05,5,1598.3
3796,5,13,2026-03-05,1,85.88
3797,5,26,2026-03-05,5,2490.4
3798,6,23,2026-03-05,3,150.0
3799,6,37,2026-03-05,4,1859.6
3800,6,32,2026-03-05,5,2283.75
3801,6,30,2026-03-05,5,1101.05
3802,6,11,2026-03-05,3,542.58
3803,6,23,2026-03-05,1,50.0
3804,6,18,2026-03-05,3,602.52
3805,6,9,2026-03-05,5,2169.55
3806,6,9,2026-03-05,2,867.82
3807,6,28,2026-03-05,2,684.9
3808,6,8,2026-03-05,5,1755.28
3809,6,30,2026-03-05,1,220.21
3810,6,20,2026-03-05,5,1358.95
3811,7,14,2026-03-05,4,403.29
3812,7,35,2026-03-05,5,2114.61
3813,7,4,2026-03-05,5,1623.58
3814,7,25,2026-03-05,4,964.22
3815,7,31,2026-03-05,1,430.99
3816,8,1,2026-03-05,2,285.1
3817,8,22,2026-03-05,2,997.36
3818,8,31,2026-03-05,3,1458.24
3819,8,23,2026-03-05,3,150.0
3820,8,6,2026-03-05,3,1329.9
3821,8,25,2026-03-05,3,815.6
3822,8,18,2026-03-05,2,401.68
3823,8,12,2026-03-05,5,1532.6
3824,9,21,2026-03-05,4,1797.68
3825,9,2,2026-03-05,5,277.95
3826,9,30,2026-03-05,1,220.21
3827,9,35,2026-03-05,1,476.98
3828,9,23,2026-03-05,3,150.0
3829,9,37,2026-03-05,4,1859.6
3830,9,22,2026-03-05,2,997.36
3831,9,4,2026-03-05,5,1831.1
3832,9,35,2026-03-05,5,2384.9
3833,9,25,2026-03-05,2,543.73
3834,9,29,2026-03-05,1,385.46
3835,10,30,2026-03-05,3,585.76
3836,10,28,2026-03-05,4,1214.56
3837,10,12,2026-03-05,1,271.78
3838,10,19,2026-03-05,4,268.55
3839,10,7,2026-03-05,3,941.0
3840,10,1,2026-03-05,5,631.97
3841,10,11,2026-03-05,3,481.09
3842,10,11,2026-03-05,1,160.36
3843,10,18,2026-03-05,5,890.39
3844,10,19,2026-03-05,3,201.42
3845,10,14,2026-03-05,5,504.11
3846,10,29,2026-03-05,5,1708.87
3847,10,6,2026-03-05,4,1572.24
3848,11,37,2026-03-05,1,464.9
3849,11,10,2026-03-05,3,958.98
3850,11,20,2026-03-05,2,543.58
3851,11,17,2026-03-05,3,1316.4
3852,11,12,2026-03-05,5,1532.6
3853,11,35,2026-03-05,1,476.98
3854,11,39,2026-03-05,1,473.74
3855,11,22,2026-03-05,2,997.36
3856,11,28,2026-03-05,5,1712.25
3857,11,6,2026-03-05,5,2216.5
3858,12,31,2026-03-05,1,486.08
3859,12,34,2026-03-05,2,161.32
3860,12,16,2026-03-05,2,407.16
3861,1,6,2026-03-06,4,1773.2
3862,1,3,2026-03-06,1,424.51
3863,1,31,2026-03-06,2,972.16
3864,1,6,2026-03-06,5,2216.5
3865,1,4,2026-03-06,4,1464.88
3866,1,19,2026-03-06,1,75.72
3867,1,29,2026-03-06,2,770.92
3868,1,15,2026-03-06,1,118.38
3869,1,21,2026-03-06,4,1797.68
3870,1,24,2026-03-06,3,241.98
3871,1,24,2026-03-06,1,80.66
3872,1,7,2026-03-06,1,353.76
3873,1,12,2026-03-06,1,306.52
3874,2,30,2026-03-06,2,440.42
3875,2,37,2026-03-06,3,1394.7
3876,2,1,2026-03-06,5,712.75
3877,3,37,2026-03-06,5,2324.5
3878,3,16,2026-03-06,2,407.16
3879,3,13,2026-03-06,3,257.64
3880,3,38,2026-03-06,4,494.12
3881,4,25,2026-03-06,4,1084.13
3882,4,21,2026-03-06,4,1797.68
3883,4,35,2026-03-06,4,1907.92
3884,4,12,2026-03-06,3,919.56
3885,4,7,2026-03-06,1,353.76
3886,4,15,2026-03-06,4,473.52
3887,4,26,2026-03-06,1,498.08
3888,4,6,2026-03-06,5,2216.5
3889,4,19,2026-03-06,1,75.72
3890,5,35,2026-03-06,5,2384.9
3891,5,33,2026-03-06,1,380.64
3892,5,19,2026-03-06,5,378.6
3893,5,6,2026-03-06,1,443.3
3894,5,4,2026-03-06,1,366.22
3895,5,7,2026-03-06,3,1061.28
3896,5,21,2026-03-06,5,2247.1
3897,5,4,2026-03-06,1,366.22
3898,5,32,2026-03-06,3,1370.25
3899,5,5,2026-03-06,3,132.03
3900,5,8,2026-03-06,5,1749.9
3901,5,38,2026-03-06,1,123.53
3902,5,26,2026-03-06,3,1494.24
3903,6,13,2026-03-06,4,343.52
3904,6,5,2026-03-06,4,176.04
3905,6,22,2026-03-06,4,1994.72
3906,6,25,2026-03-06,1,271.03
3907,6,16,2026-03-06,4,814.32
3908,6,3,2026-03-06,2,849.02
3909,6,39,2026-03-06,5,2368.7
3910,6,21,2026-03-06,2,898.84
3911,6,14,2026-03-06,2,227.42
3912,6,11,2026-03-06,4,723.44
3913,6,29,2026-03-06,5,1927.3
3914,6,1,2026-03-06,3,427.65
3915,6,24,2026-03-06,2,161.32
3916,6,12,2026-03-06,3,919.56
3917,6,9,2026-03-06,3,1301.73
3918,7,21,2026-03-06,5,1984.94
3919,7,25,2026-03-06,5,1197.06
3920,7,17,2026-03-06,2,775.21
3921,8,13,2026-03-06,1,85.88
3922,8,12,2026-03-06,1,306.52
3923,8,30,2026-03-06,5,1101.05
3924,8,12,2026-03-06,5,1532.6
3925,9,6,2026-03-06,5,2216.5
3926,9,19,2026-03-06,5,378.6
3927,9,40,2026-03-06,1,408.93
3928,9,24,2026-03-06,3,241.98
3929,9,34,2026-03-06,2,161.32
3930,9,20,2026-03-06,3,815.37
3931,9,39,2026-03-06,2,947.48
3932,9,10,2026-03-06,4,1278.64
3933,9,7,2026-03-06,5,1768.8
3934,10,37,2026-03-06,2,821.32
3935,10,21,2026-03-06,2,793.98
3936,10,28,2026-03-06,2,605.0
3937,10,28,2026-03-06,5,1512.49
3938,10,22,2026-03-06,3,1321.5
3939,11,35,2026-03-06,1,476.98
3940,11,4,2026-03-06,2,732.44
3941,11,13,2026-03-06,5,429.4
3942,11,38,2026-03-06,1,123.53
3943,11,19,2026-03-06,5,378.6
3944,11,12,2026-03-06,4,1226.08
3945,12,28,2026-03-06,5,1712.25
3946,12,9,2026-03-06,1,433.91
3947,12,18,2026-03-06,3,602.52
3948,12,4,2026-03-06,1,366.22
3949,12,10,2026-03-06,3,958.98
3950,12,24,2026-03-06,1,80.66
3951,12,27,2026-03-06,2,862.18
3952,12,17,2026-03-06,5,2194.0
3953,12,23,2026-03-06,4,200.0
3954,12,1,2026-03-06,3,427.65
3955,12,30,2026-03-06,3,660.63
3956,12,31,2026-03-06,2,972.16
3957,12,28,2026-03-06,2,684.9
3958,1,26,2026-03-07,3,1494.24
3959,1,7,2026-03-07,5,1768.8
3960,1,1,2026-03-07,1,142.55
3961,1,4,2026-03-07,2,732.44
3962,2,38,2026-03-07,4,494.12
3963,2,11,2026-03-07,4,723.44
3964,2,29,2026-03-07,3,1156.38
3965,2,17,2026-03-07,5,2194.0
3966,2,26,2026-03-07,3,1494.24
3967,2,11,2026-03-07,5,904.3
3968,2,16,2026-03-07,2,407.16
3969,2,34,2026-03-07,5,403.3
3970,3,26,2026-03-07,3,1494.24
3971,3,33,2026-03-07,3,1138.4
3972,3,40,2026-03-07,4,1635.72
3973,3,16,2026-03-07,2,407.16
3974,3,24,2026-03-07,1,80.66
3975,3,2,2026-03-07,3,166.77
3976,3,29,2026-03-07,2,770.92
3977,3,20,2026-03-07,2,543.58
3978,3,34,2026-03-07,4,322.64
3979,3,38,2026-03-07,3,370.59
3980,3,4,2026-03-07,3,1098.66
3981,3,22,2026-03-07,2,997.36
3982,4,2,2026-03-07,3,166.77
3983,4,39,2026-03-07,4,1894.96
3984,4,1,2026-03-07,4,570.2
3985,4,18,2026-03-07,4,803.36
3986,4,15,2026-03-07,3,355.14
3987,4,18,2026-03-07,3,602.52
3988,4,29,2026-03-07,4,1541.84
3989,4,35,2026-03-07,5,2384.9
3990,4,10,2026-03-07,1,319.66
3991,4,25,2026-03-07,2,540.4
3992,4,40,2026-03-07,5,2044.65
3993,4,22,2026-03-07,1,498.68
3994,4,7,2026-03-07,3,1061.28
3995,5,19,2026-03-07,5,378.6
3996,5,16,2026-03-07,2,407.16
3997,5,19,2026-03-07,3,227.16
3998,5,19,2026-03-07,1,75.72
3999,5,17,2026-03-07,1,438.8
4000,6,12,2026-03-07,5,1532.6
4001,6,24,2026-03-07,1,80.66
4002,6,32,2026-03-07,5,2283.75
4003,7,38,2026-03-07,4,434.83
4004,7,13,2026-03-07,5,377.87
4005,7,27,2026-03-07,2,758.72
4006,7,31,2026-03-07,1,427.75
4007,7,8,2026-03-07,5,1535.17
4008,7,22,2026-03-07,3,1316.52
4009,7,4,2026-03-07,5,1611.37
4010,7,18,2026-03-07,5,883.7
4011,7,15,2026-03-07,4,416.7
4012,7,24,2026-03-07,2,141.96
4013,7,37,2026-03-07,3,1227.34
4014,7,21,2026-03-07,4,1581.96
4015,8,23,2026-03-07,5,250.0
4016,8,7,2026-03-07,3,1061.28
4017,8,29,2026-03-07,2,770.92
4018,8,7,2026-03-07,4,1415.04
4019,8,14,2026-03-07,5,568.55
4020,8,38,2026-03-07,5,617.65
4021,9,7,2026-03-07,4,1415.04
4022,9,7,2026-03-07,3,1061.28
4023,9,26,2026-03-07,5,2490.4
4024,9,7,2026-03-07,1,353.76
4025,10,40,2026-03-07,2,719.72
4026,10,39,2026-03-07,5,2084.46
4027,10,20,2026-03-07,2,478.35
4028,10,32,2026-03-07,5,2009.7
4029,10,18,2026-03-07,2,353.48
4030,10,9,2026-03-07,4,1527.36
4031,10,39,2026-03-07,2,833.78
4032,10,1,2026-03-07,2,250.89
4033,10,33,2026-03-07,5,1669.65
4034,10,36,2026-03-07,5,1326.51
4035,10,9,2026-03-07,2,763.68
4036,10,37,2026-03-07,4,1636.45
4037,10,11,2026-03-07,3,477.47
4038,11,30,2026-03-07,2,440.42
4039,11,30,2026-03-07,4,880.84
4040,11,28,2026-03-07,2,684.9
4041,12,23,2026-03-07,3,150.0
4042,12,39,2026-03-07,3,1421.22
4043,12,16,2026-03-07,2,407.16
4044,12,30,2026-03-07,1,220.21
4045,1,4,2026-03-08,2,732.44
4046,1,1,2026-03-08,5,712.75
4047,1,35,2026-03-08,3,1430.94
4048,1,36,2026-03-08,4,1205.92
4049,1,12,2026-03-08,4,1226.08
4050,1,24,2026-03-08,4,322.64
4051,1,6,2026-03-08,1,443.3
4052,1,1,2026-03-08,1,142.55
4053,1,14,2026-03-08,3,341.13
4054,1,3,2026-03-08,1,424.51
4055,1,24,2026-03-08,5,403.3
4056,1,33,2026-03-08,3,1134.89
4057,1,31,2026-03-08,3,1458.24
4058,2,37,2026-03-08,5,2324.5
4059,2,2,2026-03-08,5,277.95
4060,2,21,2026-03-08,2,898.84
4061,2,1,2026-03-08,4,570.2
4062,2,35,2026-03-08,4,1907.92
4063,2,19,2026-03-08,3,227.16
4064,2,6,2026-03-08,5,2216.5
4065,2,38,2026-03-08,1,123.53
4066,2,32,2026-03-08,5,2283.75
4067,2,40,2026-03-08,3,1226.79
4068,2,29,2026-03-08,4,1541.84
4069,2,6,2026-03-08,2,886.6
4070,3,18,2026-03-08,4,803.36
4071,3,11,2026-03-08,3,542.58
4072,3,17,2026-03-08,3,1316.4
4073,3,36,2026-03-08,4,1205.92
4074,3,34,2026-03-08,4,322.64
4075,3,3,2026-03-08,5,2122.55
4076,3,38,2026-03-08,1,123.53
4077,3,30,2026-03-08,5,1101.05
4078,3,31,2026-03-08,2,972.16
4079,3,6,2026-03-08,4,1773.2
4080,3,9,2026-03-08,2,867.82
4081,4,13,2026-03-08,1,85.88
4082,4,30,2026-03-08,5,1101.05
4083,4,10,2026-03-08,3,958.98
4084,4,9,2026-03-08,2,867.82
4085,4,16,2026-03-08,2,407.16
4086,4,15,2026-03-08,2,236.76
4087,5,35,2026-03-08,3,1430.94
4088,5,16,2026-03-08,5,1017.9
4089,5,29,2026-03-08,1,385.46
4090,5,17,2026-03-08,2,877.6
4091,5,38,2026-03-08,4,494.12
4092,6,9,2026-03-08,3,1301.73
4093,6,23,2026-03-08,1,50.0
4094,6,17,2026-03-08,4,1755.2
4095,6,32,2026-03-08,4,1827.0
4096,6,7,2026-03-08,4,1415.04
4097,6,14,2026-03-08,2,227.42
4098,6,24,2026-03-08,5,403.3
4099,6,18,2026-03-08,2,401.68
4100,6,29,2026-03-08,4,1541.84
4101,6,17,2026-03-08,1,438.8
4102,6,19,2026-03-08,2,151.44
4103,6,35,2026-03-08,1,476.98
4104,6,2,2026-03-08,2,111.18
4105,6,31,2026-03-08,5,2430.4
4106,6,19,2026-03-08,5,378.6
4107,7,32,2026-03-08,2,800.84
4108,7,38,2026-03-08,5,541.47
4109,7,13,2026-03-08,1,75.29
4110,7,10,2026-03-08,5,1401.18
4111,7,27,2026-03-08,2,755.84
4112,8,30,2026-03-08,2,440.42
4113,8,11,2026-03-08,3,542.58
4114,8,9,2026-03-08,2,867.82
4115,9,16,2026-03-08,4,814.32
4116,9,2,2026-03-08,5,277.95
4117,9,36,2026-03-08,5,1507.4
4118,9,28,2026-03-08,1,342.45
4119,9,35,2026-03-08,3,1430.94
4120,9,37,2026-03-08,1,464.9
4121,9,39,2026-03-08,2,947.48
4122,9,25,2026-03-08,4,1077.46
4123,9,36,2026-03-08,5,1507.4
4124,9,38,2026-03-08,4,494.12
4125,9,3,2026-03-08,4,1698.04
4126,10,22,2026-03-08,2,874.35
4127,10,9,2026-03-08,4,1521.58
4128,10,1,2026-03-08,5,624.84
4129,10,13,2026-03-08,2,150.58
4130,10,32,2026-03-08,5,2002.09
4131,11,35,2026-03-08,2,953.96
4132,11,25,2026-03-08,5,1346.82
4133,11,32,2026-03-08,5,2283.75
4134,11,27,2026-03-08,3,1293.27
4135,11,14,2026-03-08,2,227.42
4136,11,8,2026-03-08,3,1043.48
4137,11,21,2026-03-08,4,1797.68
4138,11,28,2026-03-08,5,1712.25
4139,11,26,2026-03-08,5,2490.4
4140,11,4,2026-03-08,1,366.22
4141,11,11,2026-03-08,2,361.72
4142,11,12,2026-03-08,4,1226.08
4143,11,30,2026-03-08,4,880.84
4144,11,7,2026-03-08,2,707.52
4145,11,14,2026-03-08,1,113.71
4146,12,11,2026-03-08,2,361.72
4147,12,6,2026-03-08,5,2216.5
4148,12,19,2026-03-08,5,378.6
4149,1,33,2026-03-09,4,1508.5
4150,1,18,2026-03-09,2,401.68
4151,1,4,2026-03-09,5,1831.1
4152,1,1,2026-03-09,1,142.55
4153,1,4,2026-03-09,2,732.44
4154,1,13,2026-03-09,4,343.52
4155,1,28,2026-03-09,5,1712.25
4156,1,8,2026-03-09,5,1733.75
4157,1,5,2026-03-09,1,44.01
4158,1,23,2026-03-09,5,250.0
4159,1,16,2026-03-09,5,1017.9
4160,1,12,2026-03-09,1,306.52
4161,1,16,2026-03-09,1,203.58
4162,2,7,2026-03-09,2,707.52
4163,2,1,2026-03-09,5,712.75
4164,2,15,2026-03-09,5,591.9
4165,2,10,2026-03-09,1,319.66
4166,2,14,2026-03-09,4,454.84
4167,2,18,2026-03-09,5,1004.2
4168,2,24,2026-03-09,4,322.64
4169,2,4,2026-03-09,3,1098.66
4170,2,18,2026-03-09,1,200.84
4171,2,25,2026-03-09,5,1342.65
4172,3,2,2026-03-09,2,111.18
4173,3,25,2026-03-09,4,1074.12
4174,3,1,2026-03-09,4,570.2
4175,3,39,2026-03-09,3,1421.22
4176,3,22,2026-03-09,5,2493.4
4177,3,39,2026-03-09,5,2368.7
4178,3,23,2026-03-09,1,50.0
4179,3,27,2026-03-09,4,1724.36
4180,3,26,2026-03-09,2,996.16
4181,4,24,2026-03-09,4,322.64
4182,4,12,2026-03-09,2,613.04
4183,4,2,2026-03-09,1,55.59
4184,4,39,2026-03-09,3,1421.22
4185,4,29,2026-03-09,5,1927.3
4186,4,15,2026-03-09,5,591.9
4187,4,19,2026-03-09,4,302.88
4188,5,16,2026-03-09,2,407.16
4189,5,15,2026-03-09,1,118.38
4190,5,35,2026-03-09,1,476.98
4191,5,31,2026-03-09,5,2430.4
4192,5,23,2026-03-09,5,250.0
4193,5,38,2026-03-09,1,123.53
4194,5,38,2026-03-09,5,617.65
4195,6,29,2026-03-09,4,1541.84
4196,6,28,2026-03-09,2,684.9
4197,6,19,2026-03-09,3,227.16
4198,7,22,2026-03-09,3,1306.54
4199,7,12,2026-03-09,1,267.69
4200,7,37,2026-03-09,2,812.03
4201,7,26,2026-03-09,4,1739.96
4202,7,8,2026-03-09,5,1514.14
4203,7,29,2026-03-09,3,1009.91
4204,7,15,2026-03-09,3,310.16
4205,7,5,2026-03-09,5,192.18
4206,7,12,2026-03-09,4,1070.78
4207,8,9,2026-03-09,3,1301.73
4208,8,15,2026-03-09,5,591.9
4209,8,15,2026-03-09,3,355.14
4210,8,35,2026-03-09,4,1907.92
4211,8,31,2026-03-09,2,972.16
4212,8,6,2026-03-09,4,1773.2
4213,8,20,2026-03-09,5,1358.95
4214,8,26,2026-03-09,5,2490.4
4215,8,7,2026-03-09,4,1415.04
4216,8,10,2026-03-09,2,639.32
4217,8,10,2026-03-09,3,958.98
4218,8,2,2026-03-09,5,277.95
4219,9,1,2026-03-09,4,570.2
4220,9,30,2026-03-09,3,660.63
4221,9,36,2026-03-09,3,904.44
4222,9,22,2026-03-09,5,2493.4
4223,9,7,2026-03-09,3,1061.28
4224,9,31,2026-03-09,4,1944.32
4225,9,40,2026-03-09,2,817.86
4226,9,10,2026-03-09,1,319.66
4227,9,10,2026-03-09,2,639.32
4228,9,29,2026-03-09,4,1541.84
4229,9,15,2026-03-09,2,236.76
4230,10,37,2026-03-09,2,812.03
4231,10,29,2026-03-09,5,1683.18
4232,10,12,2026-03-09,4,1070.78
4233,10,6,2026-03-09,3,1161.45
4234,11,11,2026-03-09,5,904.3
4235,11,8,2026-03-09,5,1733.75
4236,11,4,2026-03-09,1,366.22
4237,11,32,2026-03-09,2,913.5
4238,11,24,2026-03-09,4,322.64
4239,11,3,2026-03-09,1,424.51
4240,11,40,2026-03-09,1,408.93
4241,11,28,2026-03-09,2,684.9
4242,11,20,2026-03-09,4,1087.16
4243,11,13,2026-03-09,5,429.4
4244,11,19,2026-03-09,4,302.88
4245,11,24,2026-03-09,1,80.66
4246,11,12,2026-03-09,1,306.52
4247,11,26,2026-03-09,3,1494.24
4248,11,25,2026-03-09,2,537.06
4249,12,39,2026-03-09,1,473.74
4250,12,22,2026-03-09,5,2493.4
4251,12,20,2026-03-09,1,271.79
4252,12,20,2026-03-09,4,1087.16
4253,12,16,2026-03-09,4,814.32
4254,12,4,2026-03-09,5,1831.1
4255,12,38,2026-03-09,5,617.65
4256,12,20,2026-03-09,3,815.37
4257,1,33,2026-03-10,5,1879.77
4258,1,21,2026-03-10,1,449.42
4259,1,23,2026-03-10,2,100.0
4260,1,31,2026-03-10,4,1944.32
4261,1,23,2026-03-10,4,200.0
4262,1,15,2026-03-10,1,118.38
4263,1,28,2026-03-10,2,684.9
4264,1,17,2026-03-10,5,2194.0
4265,1,9,2026-03-10,3,1301.73
4266,1,13,2026-03-10,2,171.76
4267,1,23,2026-03-10,1,50.0
4268,1,33,2026-03-10,5,1879.77
4269,1,24,2026-03-10,5,403.3
4270,1,14,2026-03-10,5,568.55
4271,2,1,2026-03-10,2,285.1
4272,2,23,2026-03-10,5,250.0
4273,2,2,2026-03-10,2,111.18
4274,2,40,2026-03-10,1,408.93
4275,2,35,2026-03-10,3,1430.94
4276,2,35,2026-03-10,2,953.96
4277,2,20,2026-03-10,1,271.79
4278,2,1,2026-03-10,2,285.1
4279,2,12,2026-03-10,1,306.52
4280,2,34,2026-03-10,3,241.98
4281,2,20,2026-03-10,4,1087.16
4282,2,26,2026-03-10,3,1494.24
4283,2,24,2026-03-10,4,322.64
4284,2,9,2026-03-10,4,1735.64
4285,3,33,2026-03-10,2,751.91
4286,3,30,2026-03-10,5,1101.05
4287,3,27,2026-03-10,1,431.09
4288,3,14,2026-03-10,1,113.71
4289,3,3,2026-03-10,1,424.51
4290,3,32,2026-03-10,5,2283.75
4291,3,25,2026-03-10,3,803.09
4292,3,33,2026-03-10,5,1879.77
4293,3,13,2026-03-10,5,429.4
4294,3,35,2026-03-10,3,1430.94
4295,3,19,2026-03-10,3,227.16
4296,3,16,2026-03-10,3,610.74
4297,4,7,2026-03-10,5,1768.8
4298,4,23,2026-03-10,2,100.0
4299,4,27,2026-03-10,4,1724.36
4300,4,31,2026-03-10,4,1944.32
4301,4,22,2026-03-10,5,2493.4
4302,4,12,2026-03-10,1,306.52
4303,5,25,2026-03-10,2,535.39
4304,5,28,2026-03-10,4,1369.8
4305,5,27,2026-03-10,5,2155.45
4306,5,1,2026-03-10,1,142.55
4307,5,31,2026-03-10,5,2430.4
4308,5,17,2026-03-10,1,438.8
4309,5,15,2026-03-10,5,591.9
4310,6,29,2026-03-10,3,1156.38
4311,6,11,2026-03-10,1,180.86
4312,6,18,2026-03-10,5,1004.2
4313,6,20,2026-03-10,3,815.37
4314,6,13,2026-03-10,5,429.4
4315,6,33,2026-03-10,5,1879.77
4316,6,22,2026-03-10,3,1496.04
4317,7,40,2026-03-10,4,1423.08
4318,7,14,2026-03-10,4,395.71
4319,7,27,2026-03-10,5,1875.24
4320,7,22,2026-03-10,4,1735.41
4321,7,38,2026-03-10,2,214.94
4322,7,5,2026-03-10,3,114.87
4323,7,6,2026-03-10,4,1542.68
4324,7,31,2026-03-10,4,1691.56
4325,7,22,2026-03-10,5,2169.26
4326,7,23,2026-03-10,1,43.5
4327,7,17,2026-03-10,4,1527.02
4328,7,24,2026-03-10,1,70.17
4329,7,14,2026-03-10,3,296.78
4330,7,38,2026-03-10,1,107.47
4331,8,15,2026-03-10,2,236.76
4332,8,6,2026-03-10,2,886.6
4333,8,21,2026-03-10,3,1348.26
4334,8,3,2026-03-10,4,1698.04
4335,8,37,2026-03-10,3,1394.7
4336,8,34,2026-03-10,5,403.3
4337,8,4,2026-03-10,5,1831.1
4338,8,6,2026-03-10,1,443.3
4339,8,23,2026-03-10,3,150.0
4340,9,22,2026-03-10,3,1496.04
4341,9,29,2026-03-10,1,385.46
4342,9,16,2026-03-10,4,814.32
4343,9,11,2026-03-10,3,542.58
4344,9,29,2026-03-10,1,385.46
4345,9,12,2026-03-10,5,1532.6
4346,10,26,2026-03-10,4,1733.32
4347,10,9,2026-03-10,3,1132.51
4348,10,39,2026-03-10,3,1236.46
4349,10,34,2026-03-10,2,140.35
4350,10,27,2026-03-10,5,1875.24
4351,11,27,2026-03-10,2,862.18
4352,11,8,2026-03-10,2,691.34
4353,11,31,2026-03-10,4,1944.32
4354,11,30,2026-03-10,2,440.42
4355,11,11,2026-03-10,2,361.72
4356,11,7,2026-03-10,2,707.52
4357,11,13,2026-03-10,3,257.64
4358,12,21,2026-03-10,2,898.84
4359,12,22,2026-03-10,2,997.36
4360,12,1,2026-03-10,2,285.1
4361,12,25,2026-03-10,5,1338.48
4362,12,37,2026-03-10,3,1394.7
4363,12,27,2026-03-10,2,862.18
4364,1,11,2026-03-11,1,180.86
4365,1,2,2026-03-11,1,55.59
4366,1,28,2026-03-11,1,342.45
4367,1,31,2026-03-11,4,1944.32
4368,1,10,2026-03-11,5,1598.3
4369,1,11,2026-03-11,1,180.86
4370,1,19,2026-03-11,5,378.6
4371,1,32,2026-03-11,1,456.75
4372,1,10,2026-03-11,4,1278.64
4373,1,23,2026-03-11,3,150.0
4374,1,7,2026-03-11,5,1768.8
4375,1,21,2026-03-11,3,1348.26
4376,1,29,2026-03-11,4,1541.84
4377,1,15,2026-03-11,5,591.9
4378,1,11,2026-03-11,3,542.58
4379,2,40,2026-03-11,2,817.86
4380,2,16,2026-03-11,5,1017.9
4381,2,32,2026-03-11,3,1370.25
4382,2,22,2026-03-11,4,1994.72
4383,2,39,2026-03-11,2,947.48
4384,2,12,2026-03-11,5,1532.6
4385,2,26,2026-03-11,2,996.16
4386,2,6,2026-03-11,1,443.3
4387,2,19,2026-03-11,5,378.6
4388,2,6,2026-03-11,4,1773.2
4389,3,1,2026-03-11,5,712.75
4390,3,30,2026-03-11,1,220.21
4391,3,35,2026-03-11,5,2384.9
4392,3,34,2026-03-11,3,241.98
4393,3,28,2026-03-11,4,1369.8
4394,3,21,2026-03-11,2,898.84
4395,3,26,2026-03-11,4,1992.32
4396,3,22,2026-03-11,1,498.68
4397,3,24,2026-03-11,5,403.3
4398,3,27,2026-03-11,4,1724.36
4399,4,5,2026-03-11,1,44.01
4400,4,8,2026-03-11,1,344.6
4401,4,9,2026-03-11,2,867.82
4402,4,37,2026-03-11,4,1859.6
4403,4,18,2026-03-11,5,1004.2
4404,4,20,2026-03-11,1,271.79
4405,4,23,2026-03-11,3,150.0
4406,4,14,2026-03-11,3,341.13
4407,5,37,2026-03-11,3,1394.7
4408,5,5,2026-03-11,2,88.02
4409,5,38,2026-03-11,5,617.65
4410,5,24,2026-03-11,3,241.98
4411,5,31,2026-03-11,2,972.16
4412,5,21,2026-03-11,3,1348.26
4413,5,33,2026-03-11,4,1499.13
4414,5,9,2026-03-11,5,2169.55
4415,5,15,2026-03-11,3,355.14
4416,5,35,2026-03-11,3,1430.94
4417,5,35,2026-03-11,2,953.96
4418,5,10,2026-03-11,4,1278.64
4419,6,3,2026-03-11,2,849.02
4420,6,38,2026-03-11,4,494.12
4421,6,37,2026-03-11,3,1394.7
4422,6,27,2026-03-11,3,1293.27
4423,6,14,2026-03-11,4,454.84
4424,6,30,2026-03-11,3,660.63
4425,6,25,2026-03-11,4,1067.45
4426,6,14,2026-03-11,2,227.42
4427,6,23,2026-03-11,5,250.0
4428,7,25,2026-03-11,5,1156.4
4429,7,15,2026-03-11,2,205.19
4430,7,19,2026-03-11,1,65.62
4431,7,27,2026-03-11,3,1120.83
4432,7,6,2026-03-11,2,768.39
4433,8,40,2026-03-11,4,1635.72
4434,8,8,2026-03-11,4,1378.38
4435,8,13,2026-03-11,2,171.76
4436,8,19,2026-03-11,2,151.44
4437,8,4,2026-03-11,2,732.44
4438,8,33,2026-03-11,4,1499.13
4439,8,11,2026-03-11,1,180.86
4440,8,12,2026-03-11,2,613.04
4441,8,18,2026-03-11,4,803.36
4442,8,14,2026-03-11,4,454.84
4443,8,6,2026-03-11,2,886.6
4444,9,21,2026-03-11,5,2247.1
4445,9,17,2026-03-11,5,2194.0
4446,9,24,2026-03-11,3,241.98
4447,9,37,2026-03-11,4,1859.6
4448,9,28,2026-03-11,3,1027.35
4449,9,21,2026-03-11,3,1348.26
4450,9,31,2026-03-11,5,2430.4
4451,9,38,2026-03-11,5,617.65
4452,9,30,2026-03-11,1,220.21
4453,9,9,2026-03-11,4,1735.64
4454,9,33,2026-03-11,1,374.78
4455,9,28,2026-03-11,2,684.9
4456,9,2,2026-03-11,1,55.59
4457,10,13,2026-03-11,3,223.29
4458,10,30,2026-03-11,4,763.39
4459,10,20,2026-03-11,1,235.55
4460,10,9,2026-03-11,4,1504.22
4461,10,7,2026-03-11,3,919.78
4462,10,23,2026-03-11,3,130.0
4463,11,16,2026-03-11,3,610.74
4464,11,14,2026-03-11,5,568.55
4465,11,32,2026-03-11,5,2283.75
4466,11,20,2026-03-11,3,815.37
4467,11,20,2026-03-11,3,815.37
4468,11,23,2026-03-11,1,50.0
4469,11,28,2026-03-11,4,1369.8
4470,11,7,2026-03-11,1,353.76
4471,12,15,2026-03-11,5,591.9
4472,12,14,2026-03-11,2,227.42
4473,12,12,2026-03-11,5,1532.6
4474,12,10,2026-03-11,5,1598.3
4475,12,29,2026-03-11,5,1927.3
4476,12,22,2026-03-11,2,997.36
4477,12,16,2026-03-11,3,610.74
4478,12,14,2026-03-11,3,341.13
4479,1,13,2026-03-12,5,429.4
4480,1,22,2026-03-12,4,1994.72
4481,1,34,2026-03-12,4,322.64
4482,1,4,2026-03-12,1,366.22
4483,1,7,2026-03-12,4,1415.04
4484,1,23,2026-03-12,5,250.0
4485,1,11,2026-03-12,3,542.58
4486,1,11,2026-03-12,4,723.44
4487,2,14,2026-03-12,2,227.42
4488,2,7,2026-03-12,2,707.52
4489,2,13,2026-03-12,3,257.64
4490,2,10,2026-03-12,4,1278.64
4491,2,31,2026-03-12,5,2430.4
4492,2,16,2026-03-12,5,1017.9
4493,2,2,2026-03-12,4,222.36
4494,2,25,2026-03-12,1,266.03
4495,2,32,2026-03-12,1,456.75
4496,2,16,2026-03-12,2,407.16
4497,2,6,2026-03-12,3,1329.9
4498,2,30,2026-03-12,2,440.42
4499,2,22,2026-03-12,3,1496.04
4500,3,30,2026-03-12,3,660.63
4501,3,21,2026-03-12,3,1348.26
4502,3,4,2026-03-12,5,1831.1
4503,3,31,2026-03-12,4,1944.32
4504,3,30,2026-03-12,3,660.63
4505,3,35,2026-03-12,4,1907.92
4506,3,23,2026-03-12,3,150.0
4507,3,25,2026-03-12,5,1330.14
4508,4,38,2026-03-12,4,494.12
4509,4,13,2026-03-12,4,343.52
4510,4,33,2026-03-12,2,747.22
4511,4,37,2026-03-12,2,929.8
4512,4,36,2026-03-12,1,301.48
4513,4,3,2026-03-12,2,849.02
4514,4,40,2026-03-12,2,817.86
4515,4,26,2026-03-12,3,1494.24
4516,4,24,2026-03-12,1,80.66
4517,4,20,2026-03-12,2,543.58
4518,4,9,2026-03-12,2,867.82
4519,5,33,2026-03-12,1,373.61
4520,5,31,2026-03-12,1,486.08
4521,5,33,2026-03-12,1,373.61
4522,5,30,2026-03-12,4,880.84
4523,5,16,2026-03-12,5,1017.9
4524,5,31,2026-03-12,1,486.08
4525,5,5,2026-03-12,1,44.01
4526,5,27,2026-03-12,4,1724.36
4527,5,12,2026-03-12,5,1532.6
4528,6,19,2026-03-12,1,75.72
4529,6,32,2026-03-12,1,456.75
4530,6,35,2026-03-12,3,1430.94
4531,6,24,2026-03-12,5,403.3
4532,6,33,2026-03-12,2,747.22
4533,6,15,2026-03-12,1,118.38
4534,6,32,2026-03-12,4,1827.0
4535,6,5,2026-03-12,3,132.03
4536,6,13,2026-03-12,2,171.76
4537,6,40,2026-03-12,2,817.86
4538,6,6,2026-03-12,3,1329.9
4539,6,19,2026-03-12,4,302.88
4540,6,18,2026-03-12,2,401.68
4541,6,31,2026-03-12,2,972.16
4542,6,7,2026-03-12,5,1768.8
4543,7,25,2026-03-12,1,229.67
4544,7,3,2026-03-12,1,366.49
4545,7,11,2026-03-12,3,468.43
4546,7,23,2026-03-12,3,129.5
4547,7,14,2026-03-12,4,392.68
4548,8,2,2026-03-12,5,277.95
4549,8,23,2026-03-12,3,150.0
4550,8,10,2026-03-12,5,1598.3
4551,8,21,2026-03-12,4,1797.68
4552,8,4,2026-03-12,2,732.44
4553,8,1,2026-03-12,5,712.75
4554,8,29,2026-03-12,2,770.92
4555,8,28,2026-03-12,5,1712.25
4556,8,7,2026-03-12,5,1768.8
4557,8,25,2026-03-12,4,1064.11
4558,9,19,2026-03-12,5,378.6
4559,9,35,2026-03-12,4,1907.92
4560,9,6,2026-03-12,5,2216.5
4561,9,26,2026-03-12,5,2490.4
4562,9,13,2026-03-12,3,257.64
4563,9,12,2026-03-12,3,919.56
4564,9,13,2026-03-12,4,343.52
4565,9,24,2026-03-12,5,403.3
4566,9,25,2026-03-12,2,532.06
4567,9,22,2026-03-12,1,498.68
4568,9,6,2026-03-12,4,1773.2
4569,9,21,2026-03-12,3,1348.26
4570,9,38,2026-03-12,3,370.59
4571,10,18,2026-03-12,3,520.18
4572,10,34,2026-03-12,2,139.27
4573,10,30,2026-03-12,3,570.34
4574,10,39,2026-03-12,1,409.0
4575,10,27,2026-03-12,1,372.17
4576,10,35,2026-03-12,5,2058.96
4577,10,27,2026-03-12,2,744.35
4578,10,34,2026-03-12,3,208.91
4579,10,10,2026-03-12,3,827.92
4580,11,10,2026-03-12,5,1598.3
4581,11,24,2026-03-12,1,80.66
4582,11,7,2026-03-12,4,1415.04
4583,11,15,2026-03-12,4,473.52
4584,11,31,2026-03-12,3,1458.24
4585,11,1,2026-03-12,1,142.55
4586,11,3,2026-03-12,4,1698.04
4587,11,29,2026-03-12,3,1156.38
4588,11,9,2026-03-12,5,2169.55
4589,11,7,2026-03-12,2,707.52
4590,12,6,2026-03-12,1,443.3
4591,12,33,2026-03-12,5,1868.06
4592,12,15,2026-03-12,3,355.14
4593,12,8,2026-03-12,2,687.04
4594,12,37,2026-03-12,4,1859.6
4595,12,21,2026-03-12,5,2247.1
4596,12,34,2026-03-12,4,322.64
4597,12,3,2026-03-12,4,1698.04
4598,12,22,2026-03-12,2,997.36
4599,12,20,2026-03-12,2,543.58
4600,12,36,2026-03-12,4,1205.92
4601,12,36,2026-03-12,4,1205.92
4602,12,37,2026-03-12,2,929.8
4603,12,2,2026-03-12,3,166.77
4604,12,10,2026-03-12,1,319.66
4605,1,37,2026-03-13,2,929.8
4606,1,26,2026-03-13,5,2490.4
4607,1,5,2026-03-13,5,220.05
4608,1,33,2026-03-13,3,1117.32
4609,1,40,2026-03-13,3,1226.79
4610,1,16,2026-03-13,5,1017.9
4611,1,21,2026-03-13,3,1348.26
4612,1,17,2026-03-13,4,1755.2
4613,1,35,2026-03-13,2,953.96
4614,2,15,2026-03-13,2,236.76
4615,2,35,2026-03-13,2,953.96
4616,2,20,2026-03-13,3,815.37
4617,2,24,2026-03-13,1,80.66
4618,3,23,2026-03-13,4,200.0
4619,3,20,2026-03-13,5,1358.95
4620,3,25,2026-03-13,4,1060.78
4621,3,17,2026-03-13,3,1316.4
4622,3,2,2026-03-13,5,277.95
4623,3,4,2026-03-13,4,1464.88
4624,3,40,2026-03-13,2,817.86
4625,3,20,2026-03-13,3,815.37
4626,3,21,2026-03-13,1,449.42
4627,3,22,2026-03-13,2,997.36
4628,3,34,2026-03-13,1,80.66
4629,3,1,2026-03-13,5,712.75
4630,3,3,2026-03-13,1,424.51
4631,4,1,2026-03-13,1,142.55
4632,4,38,2026-03-13,3,370.59
4633,4,31,2026-03-13,3,1458.24
4634,4,7,2026-03-13,2,707.52
4635,4,29,2026-03-13,4,1541.84
4636,5,8,2026-03-13,1,342.44
4637,5,16,2026-03-13,2,407.16
4638,5,23,2026-03-13,1,50.0
4639,5,27,2026-03-13,2,862.18
4640,5,31,2026-03-13,1,486.08
4641,5,3,2026-03-13,4,1698.04
4642,5,26,2026-03-13,2,996.16
4643,5,6,2026-03-13,3,1329.9
4644,5,1,2026-03-13,4,570.2
4645,5,27,2026-03-13,3,1293.27
4646,5,2,2026-03-13,4,222.36
4647,5,27,2026-03-13,3,1293.27
4648,5,24,2026-03-13,4,322.64
4649,5,26,2026-03-13,1,498.08
4650,6,14,2026-03-13,1,113.71
4651,6,11,2026-03-13,2,361.72
4652,6,17,2026-03-13,1,438.8
4653,6,22,2026-03-13,3,1496.04
4654,6,5,2026-03-13,4,176.04
4655,6,14,2026-03-13,1,113.71
4656,6,28,2026-03-13,5,1712.25
4657,6,31,2026-03-13,4,1944.32
4658,7,22,2026-03-13,2,857.73
4659,7,14,2026-03-13,3,293.37
4660,7,16,2026-03-13,4,700.32
4661,7,10,2026-03-13,1,274.91
4662,7,2,2026-03-13,1,47.81
4663,8,19,2026-03-13,2,151.44
4664,8,28,2026-03-13,4,1369.8
4665,8,24,2026-03-13,4,322.64
4666,8,35,2026-03-13,2,953.96
4667,8,22,2026-03-13,1,498.68
4668,8,38,2026-03-13,2,247.06
4669,8,9,2026-03-13,4,1735.64
4670,8,35,2026-03-13,1,476.98
4671,8,1,2026-03-13,5,712.75
4672,8,39,2026-03-13,2,947.48
4673,8,20,2026-03-13,4,1087.16
4674,8,3,2026-03-13,4,1698.04
4675,8,17,2026-03-13,3,1316.4
4676,8,17,2026-03-13,3,1316.4
4677,8,15,2026-03-13,2,236.76
4678,9,16,2026-03-13,1,203.58
4679,9,6,2026-03-13,5,2216.5
4680,9,13,2026-03-13,5,429.4
4681,9,35,2026-03-13,1,476.98
4682,9,37,2026-03-13,3,1394.7
4683,9,31,2026-03-13,4,1944.32
4684,9,18,2026-03-13,3,602.52
4685,9,19,2026-03-13,2,151.44
4686,9,29,2026-03-13,3,1156.38
4687,9,32,2026-03-13,1,456.75
4688,9,5,2026-03-13,2,88.02
4689,9,3,2026-03-13,1,424.51
4690,9,8,2026-03-13,2,684.88
4691,10,14,2026-03-13,4,391.16
4692,10,39,2026-03-13,3,1222.25
4693,10,22,2026-03-13,1,428.86
4694,10,12,2026-03-13,2,527.21
4695,10,30,2026-03-13,3,568.14
4696,10,8,2026-03-13,5,1472.5
4697,10,23,2026-03-13,1,43.0
4698,10,7,2026-03-13,4,1216.93
4699,10,39,2026-03-13,2,814.83
4700,10,11,2026-03-13,1,155.54
4701,10,6,2026-03-13,1,381.24
4702,10,10,2026-03-13,5,1374.54
4703,10,5,2026-03-13,4,151.39
4704,11,12,2026-03-13,5,1532.6
4705,11,14,2026-03-13,2,227.42
4706,11,1,2026-03-13,3,427.65
4707,11,5,2026-03-13,1,44.01
4708,11,40,2026-03-13,2,817.86
4709,11,20,2026-03-13,2,543.58
4710,11,15,2026-03-13,4,473.52
4711,11,13,2026-03-13,1,85.88
4712,11,13,2026-03-13,5,429.4
4713,11,26,2026-03-13,3,1494.24
4714,11,31,2026-03-13,1,486.08
4715,11,15,2026-03-13,1,118.38
4716,11,20,2026-03-13,3,815.37
4717,11,39,2026-03-13,2,947.48
4718,12,38,2026-03-13,5,617.65
4719,12,40,2026-03-13,1,408.93
4720,12,24,2026-03-13,2,161.32
4721,12,5,2026-03-13,4,176.04
4722,12,30,2026-03-13,2,440.42
4723,12,10,2026-03-13,3,958.98
4724,12,35,2026-03-13,5,2384.9
4725,12,36,2026-03-13,3,904.44
4726,12,36,2026-03-13,4,1205.92
4727,12,14,2026-03-13,2,227.42
4728,12,36,2026-03-13,1,301.48
4729,12,7,2026-03-13,4,1415.04
4730,12,27,2026-03-13,3,1293.27
4731,12,35,2026-03-13,2,953.96
4732,1,26,2026-03-14,1,498.08
4733,1,35,2026-03-14,4,1907.92
4734,1,38,2026-03-14,4,494.12
4735,1,23,2026-03-14,5,250.0
4736,1,2,2026-03-14,3,166.77
4737,1,36,2026-03-14,5,1507.4
4738,1,10,2026-03-14,4,1278.64
4739,2,3,2026-03-14,5,2122.55
4740,2,19,2026-03-14,2,151.44
4741,2,35,2026-03-14,5,2384.9
4742,2,37,2026-03-14,3,1394.7
4743,2,23,2026-03-14,3,150.0
4744,2,28,2026-03-14,4,1369.8
4745,3,39,2026-03-14,5,2368.7
4746,3,11,2026-03-14,5,904.3
4747,3,37,2026-03-14,2,929.8
4748,3,6,2026-03-14,1,443.3
4749,3,10,2026-03-14,5,1598.3
4750,3,17,2026-03-14,2,877.6
4751,3,40,2026-03-14,4,1635.72
4752,4,10,2026-03-14,3,958.98
4753,4,11,2026-03-14,5,904.3
4754,4,7,2026-03-14,3,1061.28
4755,4,19,2026-03-14,4,302.88
4756,4,39,2026-03-14,1,473.74
4757,4,36,2026-03-14,5,1507.4
4758,4,28,2026-03-14,4,1369.8
4759,5,11,2026-03-14,2,361.72
4760,5,36,2026-03-14,1,301.48
4761,5,36,2026-03-14,5,1507.4
4762,5,25,2026-03-14,3,793.08
4763,5,30,2026-03-14,5,1101.05
4764,5,27,2026-03-14,2,862.18
4765,5,33,2026-03-14,3,1113.81
4766,5,1,2026-03-14,1,142.55
4767,5,39,2026-03-14,5,2368.7
4768,5,5,2026-03-14,4,176.04
4769,5,40,2026-03-14,2,817.86
4770,5,8,2026-03-14,5,1706.82
4771,5,13,2026-03-14,4,343.52
4772,5,11,2026-03-14,5,904.3
4773,6,7,2026-03-14,5,1768.8
4774,6,16,2026-03-14,3,610.74
4775,6,28,2026-03-14,3,1027.35
4776,6,28,2026-03-14,4,1369.8
4777,6,6,2026-03-14,3,1329.9
4778,7,15,2026-03-14,1,101.41
4779,7,30,2026-03-14,5,943.23
4780,7,21,2026-03-14,1,385.0
4781,7,13,2026-03-14,1,73.57
4782,8,10,2026-03-14,2,639.32
4783,8,3,2026-03-14,1,424.51
4784,8,8,2026-03-14,2,682.73
4785,8,33,2026-03-14,1,371.27
4786,8,6,2026-03-14,4,1773.2
4787,9,27,2026-03-14,1,431.09
4788,9,9,2026-03-14,1,433.91
4789,9,3,2026-03-14,5,2122.55
4790,9,27,2026-03-14,4,1724.36
4791,9,39,2026-03-14,4,1894.96
4792,9,9,2026-03-14,5,2169.55
4793,10,21,2026-03-14,5,1925.02
4794,10,11,2026-03-14,3,464.81
4795,10,6,2026-03-14,1,379.76
4796,10,26,2026-03-14,3,1280.07
4797,10,36,2026-03-14,2,516.54
4798,10,37,2026-03-14,5,1991.32
4799,10,24,2026-03-14,1,69.1
4800,10,27,2026-03-14,1,369.3
4801,10,25,2026-03-14,2,452.94
4802,10,10,2026-03-14,4,1095.37
4803,10,11,2026-03-14,1,154.94
4804,10,38,2026-03-14,4,423.3
4805,11,6,2026-03-14,1,443.3
4806,11,7,2026-03-14,3,1061.28
4807,11,29,2026-03-14,5,1927.3
4808,11,9,2026-03-14,4,1735.64
4809,11,15,2026-03-14,3,355.14
4810,11,14,2026-03-14,1,113.71
4811,11,10,2026-03-14,5,1598.3
4812,11,1,2026-03-14,3,427.65
4813,11,35,2026-03-14,5,2384.9
4814,11,23,2026-03-14,1,50.0
4815,11,14,2026-03-14,1,113.71
4816,11,14,2026-03-14,3,341.13
4817,11,34,2026-03-14,1,80.66
4818,11,12,2026-03-14,2,613.04
4819,11,12,2026-03-14,5,1532.6
4820,12,4,2026-03-14,1,366.22
4821,12,39,2026-03-14,2,947.48
4822,12,2,2026-03-14,5,277.95
4823,12,2,2026-03-14,4,222.36
4824,1,1,2026-03-15,2,285.1
4825,1,39,2026-03-15,5,2368.7
4826,1,32,2026-03-15,2,913.5
4827,1,4,2026-03-15,5,1831.1
4828,1,9,2026-03-15,2,867.82
4829,1,20,2026-03-15,5,1358.95
4830,2,3,2026-03-15,5,2122.55
4831,2,31,2026-03-15,4,1944.32
4832,2,29,2026-03-15,1,385.46
4833,2,29,2026-03-15,5,1927.3
4834,2,32,2026-03-15,3,1370.25
4835,2,31,2026-03-15,4,1944.32
4836,2,30,2026-03-15,4,880.84
4837,2,8,2026-03-15,1,340.29
4838,2,2,2026-03-15,2,111.18
4839,2,2,2026-03-15,2,111.18
4840,2,40,2026-03-15,5,2044.65
4841,2,10,2026-03-15,4,1278.64
4842,2,13,2026-03-15,5,429.4
4843,2,10,2026-03-15,3,958.98
4844,3,3,2026-03-15,2,849.02
4845,3,19,2026-03-15,5,378.6
4846,3,5,2026-03-15,5,220.05
4847,3,32,2026-03-15,4,1827.0
4848,3,7,2026-03-15,3,1061.28
4849,3,18,2026-03-15,3,602.52
4850,3,22,2026-03-15,5,2493.4
4851,3,15,2026-03-15,3,355.14
4852,3,33,2026-03-15,3,1110.29
4853,3,12,2026-03-15,4,1226.08
4854,3,14,2026-03-15,4,454.84
4855,3,30,2026-03-15,3,660.63
4856,3,21,2026-03-15,5,2247.1
4857,4,9,2026-03-15,5,2169.55
4858,4,8,2026-03-15,5,1701.44
4859,4,10,2026-03-15,2,639.32
4860,4,20,2026-03-15,4,1087.16
4861,4,10,2026-03-15,5,1598.3
4862,4,7,2026-03-15,3,1061.28
4863,5,19,2026-03-15,4,302.88
4864,5,27,2026-03-15,4,1724.36
4865,5,24,2026-03-15,4,322.64
4866,5,28,2026-03-15,1,342.45
4867,5,27,2026-03-15,1,431.09
4868,5,2,2026-03-15,3,166.77
4869,5,21,2026-03-15,5,2247.1
4870,5,26,2026-03-15,1,498.08
4871,6,28,2026-03-15,2,684.9
4872,6,27,2026-03-15,3,1293.27
4873,6,27,2026-03-15,1,431.09
4874,6,5,2026-03-15,3,132.03
4875,6,33,2026-03-15,2,740.19
4876,6,22,2026-03-15,2,997.36
4877,6,16,2026-03-15,3,610.74
4878,6,20,2026-03-15,1,271.79
4879,6,37,2026-03-15,3,1394.7
4880,6,16,2026-03-15,5,1017.9
4881,6,10,2026-03-15,5,1598.3
4882,7,15,2026-03-15,5,505.09
4883,7,8,2026-03-15,5,1451.9
4884,7,2,2026-03-15,2,94.87
4885,7,19,2026-03-15,1,64.61
4886,7,5,2026-03-15,1,37.56
4887,7,39,2026-03-15,4,1617.03
4888,7,16,2026-03-15,3,521.16
4889,7,29,2026-03-15,2,657.85
4890,7,28,2026-03-15,2,584.45
4891,7,37,2026-03-15,3,1190.14
4892,7,33,2026-03-15,3,947.45
4893,8,25,2026-03-15,2,527.05
4894,8,30,2026-03-15,2,440.42
4895,8,4,2026-03-15,3,1098.66
4896,8,12,2026-03-15,3,919.56
4897,8,39,2026-03-15,1,473.74
4898,8,21,2026-03-15,5,2247.1
4899,8,1,2026-03-15,4,570.2
4900,8,21,2026-03-15,5,2247.1
4901,8,25,2026-03-15,2,527.05
4902,8,6,2026-03-15,1,443.3
4903,8,11,2026-03-15,3,542.58
4904,8,28,2026-03-15,4,1369.8
4905,9,6,2026-03-15,4,1773.2
4906,9,38,2026-03-15,5,617.65
4907,9,29,2026-03-15,1,385.46
4908,9,14,2026-03-15,5,568.55
4909,9,13,2026-03-15,3,257.64
4910,10,2,2026-03-15,5,237.18
4911,10,21,2026-03-15,4,1534.02
4912,10,10,2026-03-15,1,272.78
4913,11,39,2026-03-15,1,473.74
4914,11,9,2026-03-15,3,1301.73
4915,11,5,2026-03-15,3,132.03
4916,11,9,2026-03-15,4,1735.64
4917,11,11,2026-03-15,4,723.44
4918,11,39,2026-03-15,1,473.74
4919,11,25,2026-03-15,2,527.05
4920,11,32,2026-03-15,5,2283.75
4921,11,13,2026-03-15,1,85.88
4922,11,33,2026-03-15,4,1480.39
4923,11,23,2026-03-15,1,50.0
4924,11,6,2026-03-15,3,1329.9
4925,11,31,2026-03-15,5,2430.4
4926,11,40,2026-03-15,1,408.93
4927,11,29,2026-03-15,3,1156.38
4928,12,15,2026-03-15,5,591.9
4929,12,12,2026-03-15,2,613.04
4930,12,26,2026-03-15,3,1494.24
4931,12,35,2026-03-15,5,2384.9
4932,12,26,2026-03-15,2,996.16
4933,12,13,2026-03-15,2,171.76
4934,12,27,2026-03-15,1,431.09
4935,12,12,2026-03-15,4,1226.08
4936,12,36,2026-03-15,4,1205.92
4937,12,29,2026-03-15,5,1927.3
4938,12,37,2026-03-15,5,2324.5
4939,1,25,2026-03-16,1,262.69
4940,1,7,2026-03-16,2,707.52
4941,1,18,2026-03-16,4,803.36
4942,1,18,2026-03-16,3,602.52
4943,1,2,2026-03-16,4,222.36
4944,1,11,2026-03-16,2,361.72
4945,1,32,2026-03-16,2,913.5
4946,1,13,2026-03-16,3,257.64
4947,1,16,2026-03-16,1,203.58
4948,1,2,2026-03-16,4,222.36
4949,1,4,2026-03-16,5,1831.1
4950,2,15,2026-03-16,1,118.38
4951,2,9,2026-03-16,5,2169.55
4952,2,21,2026-03-16,4,1797.68
4953,2,36,2026-03-16,3,904.44
4954,2,9,2026-03-16,1,433.91
4955,2,10,2026-03-16,4,1278.64
4956,2,15,2026-03-16,5,591.9
4957,2,11,2026-03-16,4,723.44
4958,2,25,2026-03-16,2,525.38
4959,2,27,2026-03-16,2,862.18
4960,2,20,2026-03-16,4,1087.16
4961,2,8,2026-03-16,5,1696.06
4962,2,5,2026-03-16,2,88.02
4963,2,4,2026-03-16,4,1464.88
4964,3,20,2026-03-16,5,1358.95
4965,3,22,2026-03-16,2,997.36
4966,3,35,2026-03-16,5,2384.9
4967,3,34,2026-03-16,5,403.3
4968,3,40,2026-03-16,5,2044.65
4969,3,3,2026-03-16,2,849.02
4970,3,25,2026-03-16,2,525.38
4971,3,14,2026-03-16,1,113.71
4972,3,39,2026-03-16,3,1421.22
4973,4,32,2026-03-16,4,1827.0
4974,4,5,2026-03-16,3,132.03
4975,4,40,2026-03-16,5,2044.65
4976,4,40,2026-03-16,1,408.93
4977,4,24,2026-03-16,1,80.66
4978,4,12,2026-03-16,4,1226.08
4979,4,34,2026-03-16,4,322.64
4980,4,11,2026-03-16,3,542.58
4981,4,32,2026-03-16,3,1370.25
4982,4,32,2026-03-16,2,913.5
4983,4,22,2026-03-16,3,1496.04
4984,4,25,2026-03-16,3,788.08
4985,4,15,2026-03-16,5,591.9
4986,4,40,2026-03-16,1,408.93
4987,4,38,2026-03-16,3,370.59
4988,5,19,2026-03-16,3,227.16
4989,5,4,2026-03-16,5,1831.1
4990,5,16,2026-03-16,4,814.32
4991,5,26,2026-03-16,5,2490.4
4992,5,40,2026-03-16,2,817.86
4993,6,5,2026-03-16,1,44.01
4994,6,5,2026-03-16,2,88.02
4995,6,34,2026-03-16,2,161.32
4996,6,36,2026-03-16,3,904.44
4997,6,11,2026-03-16,2,361.72
4998,6,6,2026-03-16,1,443.3
4999,6,17,2026-03-16,1,438.8
5000,6,3,2026-03-16,1,424.51
5001,6,17,2026-03-16,2,877.6
5002,6,2,2026-03-16,5,277.95
5003,7,8,2026-03-16,3,864.99
5004,7,1,2026-03-16,1,121.17
5005,7,14,2026-03-16,3,289.96
5006,7,22,2026-03-16,1,423.88
5007,7,28,2026-03-16,3,873.25
5008,8,17,2026-03-16,4,1755.2
5009,8,23,2026-03-16,1,50.0
5010,8,39,2026-03-16,3,1421.22
5011,8,23,2026-03-16,2,100.0
5012,8,8,2026-03-16,5,1696.06
5013,8,25,2026-03-16,2,525.38
5014,8,19,2026-03-16,2,151.44
5015,8,26,2026-03-16,5,2490.4
5016,8,10,2026-03-16,5,1598.3
5017,8,10,2026-03-16,3,958.98
5018,9,35,2026-03-16,4,1907.92
5019,9,32,2026-03-16,5,2283.75
5020,9,4,2026-03-16,2,732.44
5021,9,1,2026-03-16,1,142.55
5022,9,40,2026-03-16,4,1635.72
5023,9,5,2026-03-16,5,220.05
5024,9,40,2026-03-16,5,2044.65
5025,9,21,2026-03-16,1,449.42
5026,9,2,2026-03-16,3,166.77
5027,9,40,2026-03-16,2,817.86
5028,9,10,2026-03-16,1,319.66
5029,10,18,2026-03-16,2,341.43
5030,10,34,2026-03-16,5,342.8
5031,10,31,2026-03-16,3,1239.5
5032,10,9,2026-03-16,1,368.82
5033,10,5,2026-03-16,4,149.63
5034,10,37,2026-03-16,1,395.16
5035,10,35,2026-03-16,1,405.43
5036,11,20,2026-03-16,3,815.37
5037,11,37,2026-03-16,3,1394.7
5038,11,29,2026-03-16,1,385.46
5039,11,19,2026-03-16,1,75.72
5040,11,17,2026-03-16,3,1316.4
5041,11,38,2026-03-16,4,494.12
5042,11,13,2026-03-16,2,171.76
5043,11,1,2026-03-16,4,570.2
5044,11,33,2026-03-16,5,1844.63
5045,12,33,2026-03-16,1,368.93
5046,12,20,2026-03-16,3,815.37
5047,12,2,2026-03-16,4,222.36
5048,12,2,2026-03-16,5,277.95
5049,12,22,2026-03-16,5,2493.4
5050,12,26,2026-03-16,1,498.08
5051,12,31,2026-03-16,2,972.16
5052,12,36,2026-03-16,2,602.96
5053,12,29,2026-03-16,5,1927.3
5054,12,37,2026-03-16,4,1859.6
5055,12,24,2026-03-16,5,403.3
5056,12,19,2026-03-16,1,75.72
5057,12,11,2026-03-16,1,180.86
5058,12,34,2026-03-16,2,161.32
5059,1,12,2026-03-17,3,919.56
5060,1,5,2026-03-17,3,132.03
5061,1,10,2026-03-17,4,1278.64
5062,1,13,2026-03-17,4,343.52
5063,1,2,2026-03-17,2,111.18
5064,1,31,2026-03-17,1,486.08
5065,1,27,2026-03-17,3,1293.27
5066,1,15,2026-03-17,3,355.14
5067,1,28,2026-03-17,3,1027.35
5068,1,40,2026-03-17,3,1226.79
5069,1,25,2026-03-17,2,523.72
5070,2,7,2026-03-17,3,1061.28
5071,2,39,2026-03-17,1,473.74
5072,2,15,2026-03-17,3,355.14
5073,2,21,2026-03-17,4,1797.68
5074,2,7,2026-03-17,1,353.76
5075,2,36,2026-03-17,5,1507.4
5076,2,26,2026-03-17,3,1494.24
5077,2,29,2026-03-17,2,770.92
5078,2,3,2026-03-17,2,849.02
5079,2,35,2026-03-17,3,1430.94
5080,2,22,2026-03-17,4,1994.72
5081,3,18,2026-03-17,2,401.68
5082,3,2,2026-03-17,1,55.59
5083,3,10,2026-03-17,4,1278.64
5084,3,37,2026-03-17,5,2324.5
5085,3,39,2026-03-17,5,2368.7
5086,3,2,2026-03-17,2,111.18
5087,3,37,2026-03-17,4,1859.6
5088,3,19,2026-03-17,2,151.44
5089,3,5,2026-03-17,5,220.05
5090,3,16,2026-03-17,2,407.16
5091,3,27,2026-03-17,4,1724.36
5092,3,19,2026-03-17,3,227.16
5093,3,14,2026-03-17,5,568.55
5094,4,21,2026-03-17,4,1797.68
5095,4,40,2026-03-17,5,2044.65
5096,4,3,2026-03-17,2,849.02
5097,4,31,2026-03-17,2,972.16
5098,4,38,2026-03-17,2,247.06
5099,4,12,2026-03-17,5,1532.6
5100,4,8,2026-03-17,5,1690.67
5101,4,1,2026-03-17,2,285.1
5102,5,32,2026-03-17,3,1370.25
5103,5,24,2026-03-17,5,403.3
5104,5,26,2026-03-17,2,996.16
5105,5,19,2026-03-17,4,302.88
5106,5,34,2026-03-17,2,161.32
5107,6,4,2026-03-17,5,1831.1
5108,6,17,2026-03-17,2,877.6
5109,6,17,2026-03-17,3,1316.4
5110,6,17,2026-03-17,1,438.8
5111,6,27,2026-03-17,5,2155.45
5112,6,30,2026-03-17,5,1101.05
5113,6,17,2026-03-17,1,438.8
5114,6,1,2026-03-17,2,285.1
5115,6,35,2026-03-17,3,1430.94
5116,6,35,2026-03-17,2,953.96
5117,6,38,2026-03-17,1,123.53
5118,6,3,2026-03-17,3,1273.53
5119,6,15,2026-03-17,4,473.52
5120,7,1,2026-03-17,3,362.08
5121,7,28,2026-03-17,4,1159.76
5122,7,13,2026-03-17,3,218.14
5123,7,32,2026-03-17,2,773.43
5124,7,23,2026-03-17,2,84.67
5125,7,36,2026-03-17,1,255.25
5126,7,17,2026-03-17,2,743.03
5127,7,11,2026-03-17,2,306.26
5128,7,29,2026-03-17,1,326.36
5129,8,8,2026-03-17,5,1690.67
5130,8,8,2026-03-17,5,1690.67
5131,8,14,2026-03-17,3,341.13
5132,8,9,2026-03-17,5,2169.55
5133,8,40,2026-03-17,5,2044.65
5134,8,1,2026-03-17,5,712.75
5135,8,39,2026-03-17,2,947.48
5136,8,9,2026-03-17,5,2169.55
5137,8,23,2026-03-17,2,100.0
5138,8,27,2026-03-17,2,862.18
5139,8,36,2026-03-17,1,301.48
5140,8,1,2026-03-17,3,427.65
5141,8,15,2026-03-17,1,118.38
5142,8,24,2026-03-17,4,322.64
5143,8,22,2026-03-17,2,997.36
5144,9,16,2026-03-17,5,1017.9
5145,9,24,2026-03-17,4,322.64
5146,9,23,2026-03-17,3,150.0
5147,9,33,2026-03-17,2,735.51
5148,9,34,2026-03-17,4,322.64
5149,9,1,2026-03-17,4,570.2
5150,9,26,2026-03-17,4,1992.32
5151,9,12,2026-03-17,2,613.04
5152,9,11,2026-03-17,2,361.72
5153,9,15,2026-03-17,2,236.76
5154,9,29,2026-03-17,2,770.92
5155,10,39,2026-03-17,4,1604.4
5156,10,7,2026-03-17,1,299.52
5157,10,26,2026-03-17,3,1265.12
5158,11,36,2026-03-17,2,602.96
5159,11,27,2026-03-17,2,862.18
5160,11,24,2026-03-17,2,161.32
5161,11,32,2026-03-17,1,456.75
5162,11,13,2026-03-17,2,171.76
5163,11,29,2026-03-17,4,1541.84
5164,11,32,2026-03-17,5,2283.75
5165,11,10,2026-03-17,4,1278.64
5166,11,33,2026-03-17,3,1103.27
5167,12,12,2026-03-17,2,613.04
5168,12,2,2026-03-17,4,222.36
5169,12,6,2026-03-17,4,1773.2
5170,12,38,2026-03-17,1,123.53
5171,12,28,2026-03-17,5,1712.25
5172,12,39,2026-03-17,4,1894.96
5173,12,27,2026-03-17,3,1293.27
5174,12,5,2026-03-17,4,176.04
5175,12,12,2026-03-17,5,1532.6
5176,12,5,2026-03-17,5,220.05
5177,1,25,2026-03-18,5,1305.12
5178,1,21,2026-03-18,5,2247.1
5179,1,34,2026-03-18,1,80.66
5180,1,5,2026-03-18,5,220.05
5181,1,10,2026-03-18,1,319.66
5182,1,13,2026-03-18,4,343.52
5183,1,19,2026-03-18,4,302.88
5184,1,27,2026-03-18,1,431.09
5185,1,12,2026-03-18,2,613.04
5186,1,15,2026-03-18,5,591.9
5187,1,31,2026-03-18,5,2430.4
5188,1,18,2026-03-18,4,803.36
5189,2,22,2026-03-18,1,498.68
5190,2,25,2026-03-18,5,1305.12
5191,2,36,2026-03-18,4,1205.92
5192,2,9,2026-03-18,5,2169.55
5193,2,16,2026-03-18,1,203.58
5194,2,33,2026-03-18,2,733.17
5195,2,16,2026-03-18,3,610.74
5196,2,2,2026-03-18,4,222.36
5197,2,27,2026-03-18,4,1724.36
5198,2,12,2026-03-18,3,919.56
5199,2,34,2026-03-18,3,241.98
5200,2,3,2026-03-18,4,1698.04
5201,2,18,2026-03-18,2,401.68
5202,2,8,2026-03-18,4,1348.23
5203,3,38,2026-03-18,5,617.65
5204,3,14,2026-03-18,1,113.71
5205,3,14,2026-03-18,5,568.55
5206,3,26,2026-03-18,2,996.16
5207,3,38,2026-03-18,4,494.12
5208,3,12,2026-03-18,4,1226.08
5209,3,10,2026-03-18,1,319.66
5210,4,40,2026-03-18,5,2044.65
5211,4,7,2026-03-18,1,353.76
5212,4,6,2026-03-18,2,886.6
5213,4,17,2026-03-18,5,2194.0
5214,4,21,2026-03-18,5,2247.1
5215,4,10,2026-03-18,2,639.32
5216,4,24,2026-03-18,4,322.64
5217,4,13,2026-03-18,4,343.52
5218,4,19,2026-03-18,3,227.16
5219,4,12,2026-03-18,4,1226.08
5220,4,25,2026-03-18,1,261.02
5221,4,8,2026-03-18,2,674.12
5222,4,15,2026-03-18,4,473.52
5223,4,10,2026-03-18,5,1598.3
5224,5,21,2026-03-18,2,898.84
5225,5,18,2026-03-18,4,803.36
5226,5,12,2026-03-18,1,306.52
5227,5,10,2026-03-18,3,958.98
5228,5,1,2026-03-18,3,427.65
5229,5,8,2026-03-18,2,674.12
5230,5,1,2026-03-18,1,142.55
5231,5,32,2026-03-18,1,456.75
5232,5,37,2026-03-18,1,464.9
5233,5,19,2026-03-18,4,302.88
5234,5,29,2026-03-18,3,1156.38
5235,5,8,2026-03-18,1,337.06
5236,5,11,2026-03-18,5,904.3
5237,5,7,2026-03-18,4,1415.04
5238,6,32,2026-03-18,5,2283.75
5239,6,10,2026-03-18,5,1598.3
5240,6,33,2026-03-18,2,733.17
5241,6,38,2026-03-18,4,494.12
5242,6,11,2026-03-18,5,904.3
5243,6,1,2026-03-18,4,570.2
5244,6,28,2026-03-18,1,342.45
5245,6,6,2026-03-18,2,886.6
5246,6,15,2026-03-18,3,355.14
5247,6,30,2026-03-18,5,1101.05
5248,6,35,2026-03-18,2,953.96
5249,6,4,2026-03-18,2,732.44
5250,6,26,2026-03-18,2,996.16
5251,6,14,2026-03-18,2,227.42
5252,7,8,2026-03-18,1,284.25
5253,7,6,2026-03-18,4,1495.4
5254,7,11,2026-03-18,3,457.58
5255,7,18,2026-03-18,3,508.13
5256,7,5,2026-03-18,4,148.46
5257,7,22,2026-03-18,3,1261.66
5258,7,31,2026-03-18,2,819.85
5259,7,33,2026-03-18,1,309.15
5260,7,7,2026-03-18,2,596.68
5261,7,28,2026-03-18,2,577.6
5262,7,7,2026-03-18,1,298.34
5263,7,35,2026-03-18,5,2011.27
5264,7,5,2026-03-18,3,111.35
5265,7,21,2026-03-18,1,379.01
5266,7,33,2026-03-18,4,1236.61
5267,8,34,2026-03-18,4,322.64
5268,8,35,2026-03-18,5,2384.9
5269,8,37,2026-03-18,1,464.9
5270,8,30,2026-03-18,5,1101.05
5271,8,13,2026-03-18,4,343.52
5272,8,26,2026-03-18,2,996.16
5273,8,33,2026-03-18,2,733.17
5274,8,29,2026-03-18,5,1927.3
5275,8,26,2026-03-18,4,1992.32
5276,8,6,2026-03-18,4,1773.2
5277,9,17,2026-03-18,4,1755.2
5278,9,17,2026-03-18,1,438.8
5279,9,38,2026-03-18,5,617.65
5280,9,3,2026-03-18,5,2122.55
5281,9,4,2026-03-18,1,366.22
5282,9,8,2026-03-18,2,674.12
5283,9,1,2026-03-18,5,712.75
5284,9,34,2026-03-18,3,241.98
5285,9,9,2026-03-18,5,2169.55
5286,10,4,2026-03-18,5,1544.23
5287,10,19,2026-03-18,2,127.71
5288,10,16,2026-03-18,1,171.69
5289,10,7,2026-03-18,2,596.68
5290,10,18,2026-03-18,2,338.75
5291,10,11,2026-03-18,1,152.53
5292,10,21,2026-03-18,3,1137.03
5293,10,9,2026-03-18,1,365.93
5294,10,5,2026-03-18,2,74.23
5295,10,9,2026-03-18,1,365.93
5296,10,20,2026-03-18,5,1146.05
5297,10,19,2026-03-18,5,319.29
5298,10,9,2026-03-18,3,1097.79
5299,11,40,2026-03-18,1,408.93
5300,11,6,2026-03-18,1,443.3
5301,11,31,2026-03-18,1,486.08
5302,11,13,2026-03-18,4,343.52
5303,11,35,2026-03-18,2,953.96
5304,11,22,2026-03-18,2,997.36
5305,11,6,2026-03-18,3,1329.9
5306,11,1,2026-03-18,5,712.75
5307,12,22,2026-03-18,5,2493.4
5308,12,33,2026-03-18,5,1832.92
5309,12,31,2026-03-18,5,2430.4
5310,12,29,2026-03-18,2,770.92
5311,12,1,2026-03-18,4,570.2
5312,12,16,2026-03-18,5,1017.9
5313,12,24,2026-03-18,3,241.98
5314,12,35,2026-03-18,1,476.98
5315,12,32,2026-03-18,1,456.75
5316,12,6,2026-03-18,3,1329.9
5317,12,20,2026-03-18,3,815.37
5318,12,6,2026-03-18,3,1329.9
5319,12,34,2026-03-18,4,322.64
5320,1,7,2026-03-19,4,1415.04
5321,1,18,2026-03-19,5,1004.2
5322,1,17,2026-03-19,1,438.8
5323,1,7,2026-03-19,3,1061.28
5324,2,38,2026-03-19,2,247.06
5325,2,18,2026-03-19,1,200.84
5326,2,2,2026-03-19,3,166.77
5327,2,27,2026-03-19,3,1293.27
5328,2,7,2026-03-19,5,1768.8
5329,2,15,2026-03-19,4,473.52
5330,2,20,2026-03-19,5,1358.95
5331,2,34,2026-03-19,2,161.32
5332,2,34,2026-03-19,2,161.32
5333,2,12,2026-03-19,5,1532.6
5334,3,16,2026-03-19,1,203.58
5335,3,39,2026-03-19,5,2368.7
5336,3,9,2026-03-19,5,2169.55
5337,4,22,2026-03-19,4,1994.72
5338,4,10,2026-03-19,5,1598.3
5339,4,4,2026-03-19,3,1098.66
5340,4,38,2026-03-19,4,494.12
5341,5,8,2026-03-19,3,1007.94
5342,5,27,2026-03-19,3,1293.27
5343,5,4,2026-03-19,5,1831.1
5344,5,10,2026-03-19,5,1598.3
5345,5,22,2026-03-19,5,2493.4
5346,5,40,2026-03-19,3,1226.79
5347,5,21,2026-03-19,2,898.84
5348,5,13,2026-03-19,5,429.4
5349,5,2,2026-03-19,5,277.95
5350,5,9,2026-03-19,4,1735.64
5351,5,17,2026-03-19,5,2194.0
5352,5,6,2026-03-19,4,1773.2
5353,6,30,2026-03-19,2,440.42
5354,6,32,2026-03-19,5,2283.75
5355,6,18,2026-03-19,2,401.68
5356,6,13,2026-03-19,3,257.64
5357,6,28,2026-03-19,2,684.9
5358,6,11,2026-03-19,1,180.86
5359,6,18,2026-03-19,1,200.84
5360,6,25,2026-03-19,1,260.19
5361,6,17,2026-03-19,4,1755.2
5362,6,16,2026-03-19,1,203.58
5363,7,5,2026-03-19,2,73.94
5364,7,14,2026-03-19,5,477.58
5365,7,31,2026-03-19,4,1633.23
5366,7,29,2026-03-19,4,1295.15
5367,7,2,2026-03-19,1,46.7
5368,7,25,2026-03-19,3,655.68
5369,7,10,2026-03-19,3,805.54
5370,7,9,2026-03-19,5,1822.42
5371,7,35,2026-03-19,2,801.33
5372,7,33,2026-03-19,1,306.95
5373,7,11,2026-03-19,2,303.84
5374,7,10,2026-03-19,3,805.54
5375,7,10,2026-03-19,3,805.54
5376,7,23,2026-03-19,1,42.0
5377,8,6,2026-03-19,3,1329.9
5378,8,15,2026-03-19,5,591.9
5379,8,37,2026-03-19,5,2324.5
5380,8,4,2026-03-19,3,1098.66
5381,8,17,2026-03-19,1,438.8
5382,8,18,2026-03-19,1,200.84
5383,8,34,2026-03-19,3,241.98
5384,9,20,2026-03-19,4,1087.16
5385,9,32,2026-03-19,5,2283.75
5386,9,37,2026-03-19,5,2324.5
5387,9,21,2026-03-19,1,449.42
5388,9,23,2026-03-19,2,100.0
5389,9,27,2026-03-19,2,862.18
5390,9,2,2026-03-19,3,166.77
5391,9,19,2026-03-19,3,227.16
5392,10,30,2026-03-19,4,739.91
5393,10,18,2026-03-19,4,674.82
5394,10,37,2026-03-19,1,390.52
5395,10,33,2026-03-19,2,613.89
5396,10,14,2026-03-19,4,382.07
5397,10,37,2026-03-19,2,781.03
5398,10,3,2026-03-19,4,1426.35
5399,10,9,2026-03-19,5,1822.42
5400,10,40,2026-03-19,3,1030.5
5401,10,31,2026-03-19,4,1633.23
5402,10,6,2026-03-19,4,1489.49
5403,10,29,2026-03-19,1,323.79
5404,10,12,2026-03-19,5,1287.38
5405,11,29,2026-03-19,5,1927.3
5406,11,27,2026-03-19,3,1293.27
5407,11,32,2026-03-19,5,2283.75
5408,11,23,2026-03-19,5,250.0
5409,11,27,2026-03-19,1,431.09
5410,11,32,2026-03-19,2,913.5
5411,11,28,2026-03-19,5,1712.25
5412,12,24,2026-03-19,3,241.98
5413,12,18,2026-03-19,3,602.52
5414,12,36,2026-03-19,1,301.48
5415,12,20,2026-03-19,2,543.58
5416,12,26,2026-03-19,3,1494.24
5417,12,2,2026-03-19,1,55.59
5418,12,23,2026-03-19,3,150.0
5419,12,8,2026-03-19,4,1343.92
5420,12,7,2026-03-19,5,1768.8
5421,12,25,2026-03-19,2,520.38
5422,12,1,2026-03-19,5,712.75
5423,12,20,2026-03-19,5,1358.95
5424,12,10,2026-03-19,4,1278.64
5425,1,23,2026-03-20,5,250.0
5426,1,26,2026-03-20,1,498.08
5427,1,15,2026-03-20,3,355.14
5428,1,17,2026-03-20,3,1316.4
5429,1,9,2026-03-20,1,433.91
5430,2,1,2026-03-20,4,570.2
5431,2,11,2026-03-20,1,180.86
5432,2,17,2026-03-20,4,1755.2
5433,2,7,2026-03-20,2,707.52
5434,2,7,2026-03-20,3,1061.28
5435,2,22,2026-03-20,4,1994.72
5436,2,11,2026-03-20,3,542.58
5437,3,35,2026-03-20,5,2384.9
5438,3,5,2026-03-20,3,132.03
5439,3,2,2026-03-20,2,111.18
5440,3,39,2026-03-20,1,473.74
5441,3,17,2026-03-20,3,1316.4
5442,3,34,2026-03-20,1,80.66
5443,4,10,2026-03-20,2,639.32
5444,4,17,2026-03-20,1,438.8
5445,4,30,2026-03-20,4,880.84
5446,4,19,2026-03-20,5,378.6
5447,4,38,2026-03-20,1,123.53
5448,4,14,2026-03-20,4,454.84
5449,4,12,2026-03-20,5,1532.6
5450,4,40,2026-03-20,2,817.86
5451,4,18,2026-03-20,2,401.68
5452,4,23,2026-03-20,3,150.0
5453,4,32,2026-03-20,4,1827.0
5454,4,30,2026-03-20,5,1101.05
5455,4,9,2026-03-20,3,1301.73
5456,4,1,2026-03-20,3,427.65
5457,4,13,2026-03-20,2,171.76
5458,5,32,2026-03-20,1,456.75
5459,5,31,2026-03-20,5,2430.4
5460,5,15,2026-03-20,2,236.76
5461,5,36,2026-03-20,2,602.96
5462,5,23,2026-03-20,1,50.0
5463,5,17,2026-03-20,4,1755.2
5464,5,25,2026-03-20,4,1037.43
5465,5,3,2026-03-20,5,2122.55
5466,5,18,2026-03-20,1,200.84
5467,5,26,2026-03-20,1,498.08
5468,5,40,2026-03-20,3,1226.79
5469,5,4,2026-03-20,1,366.22
5470,5,35,2026-03-20,5,2384.9
5471,5,23,2026-03-20,1,50.0
5472,5,17,2026-03-20,3,1316.4
5473,6,12,2026-03-20,1,306.52
5474,6,10,2026-03-20,1,319.66
5475,6,11,2026-03-20,5,904.3
5476,6,6,2026-03-20,3,1329.9
5477,6,4,2026-03-20,1,366.22
5478,6,25,2026-03-20,5,1296.78
5479,6,32,2026-03-20,3,1370.25
5480,6,32,2026-03-20,2,913.5
5481,6,16,2026-03-20,3,610.74
5482,6,38,2026-03-20,2,247.06
5483,7,35,2026-03-20,3,1197.22
5484,7,39,2026-03-20,3,1189.09
5485,7,23,2026-03-20,5,209.17
5486,7,24,2026-03-20,3,202.46
5487,7,30,2026-03-20,4,736.97
5488,7,21,2026-03-20,1,376.01
5489,8,22,2026-03-20,2,997.36
5490,8,17,2026-03-20,2,877.6
5491,8,21,2026-03-20,3,1348.26
5492,8,19,2026-03-20,1,75.72
5493,8,13,2026-03-20,1,85.88
5494,8,6,2026-03-20,5,2216.5
5495,8,13,2026-03-20,5,429.4
5496,9,20,2026-03-20,1,271.79
5497,9,10,2026-03-20,2,639.32
5498,9,1,2026-03-20,5,712.75
5499,9,18,2026-03-20,3,602.52
5500,9,39,2026-03-20,5,2368.7
5501,9,20,2026-03-20,3,815.37
5502,9,16,2026-03-20,3,610.74
5503,9,29,2026-03-20,2,770.92
5504,9,11,2026-03-20,3,542.58
5505,9,34,2026-03-20,5,403.3
5506,9,3,2026-03-20,2,849.02
5507,10,8,2026-03-20,1,280.2
5508,10,8,2026-03-20,3,840.61
5509,10,37,2026-03-20,5,1944.83
5510,10,36,2026-03-20,3,756.71
5511,10,28,2026-03-20,5,1432.58
5512,11,34,2026-03-20,1,80.66
5513,11,28,2026-03-20,2,684.9
5514,11,37,2026-03-20,1,464.9
5515,11,28,2026-03-20,4,1369.8
5516,11,21,2026-03-20,1,449.42
5517,11,35,2026-03-20,1,476.98
5518,11,6,2026-03-20,4,1773.2
5519,11,11,2026-03-20,1,180.86
5520,11,5,2026-03-20,1,44.01
5521,11,11,2026-03-20,4,723.44
5522,12,17,2026-03-20,2,877.6
5523,12,4,2026-03-20,5,1831.1
5524,12,13,2026-03-20,5,429.4
5525,12,6,2026-03-20,4,1773.2
5526,12,35,2026-03-20,5,2384.9
5527,12,1,2026-03-20,3,427.65
5528,12,10,2026-03-20,3,958.98
5529,12,4,2026-03-20,3,1098.66
5530,12,25,2026-03-20,2,518.71
5531,1,15,2026-03-21,5,591.9
5532,1,12,2026-03-21,1,306.52
5533,1,13,2026-03-21,4,343.52
5534,1,28,2026-03-21,5,1712.25
5535,1,12,2026-03-21,2,613.04
5536,1,20,2026-03-21,1,271.79
5537,1,18,2026-03-21,4,803.36
5538,1,32,2026-03-21,1,456.75
5539,1,33,2026-03-21,4,1452.28
5540,1,12,2026-03-21,3,919.56
5541,1,31,2026-03-21,4,1944.32
5542,1,5,2026-03-21,4,176.04
5543,1,31,2026-03-21,2,972.16
5544,1,9,2026-03-21,2,867.82
5545,2,39,2026-03-21,5,2368.7
5546,2,26,2026-03-21,3,1494.24
5547,2,19,2026-03-21,3,227.16
5548,2,28,2026-03-21,4,1369.8
5549,2,27,2026-03-21,2,862.18
5550,3,24,2026-03-21,3,241.98
5551,3,8,2026-03-21,3,1001.48
5552,3,1,2026-03-21,4,570.2
5553,3,28,2026-03-21,4,1369.8
5554,3,10,2026-03-21,1,319.66
5555,3,18,2026-03-21,1,200.84
5556,3,38,2026-03-21,4,494.12
5557,3,18,2026-03-21,1,200.84
5558,3,1,2026-03-21,3,427.65
5559,3,29,2026-03-21,4,1541.84
5560,3,31,2026-03-21,4,1944.32
5561,3,14,2026-03-21,2,227.42
5562,3,7,2026-03-21,3,1061.28
5563,3,29,2026-03-21,3,1156.38
5564,4,26,2026-03-21,5,2490.4
5565,4,33,2026-03-21,2,726.14
5566,4,28,2026-03-21,5,1712.25
5567,4,28,2026-03-21,1,342.45
5568,4,32,2026-03-21,4,1827.0
5569,4,29,2026-03-21,1,385.46
5570,4,29,2026-03-21,3,1156.38
5571,4,17,2026-03-21,5,2194.0
5572,4,24,2026-03-21,1,80.66
5573,4,12,2026-03-21,3,919.56
5574,4,3,2026-03-21,5,2122.55
5575,4,32,2026-03-21,4,1827.0
5576,5,14,2026-03-21,5,568.55
5577,5,1,2026-03-21,4,570.2
5578,5,33,2026-03-21,2,726.14
5579,5,20,2026-03-21,5,1358.95
5580,5,17,2026-03-21,2,877.6
5581,5,26,2026-03-21,5,2490.4
5582,5,25,2026-03-21,2,517.05
5583,5,39,2026-03-21,4,1894.96
5584,5,27,2026-03-21,4,1724.36
5585,6,10,2026-03-21,3,958.98
5586,6,20,2026-03-21,2,543.58
5587,6,31,2026-03-21,5,2430.4
5588,6,29,2026-03-21,4,1541.84
5589,7,6,2026-03-21,4,1477.67
5590,7,17,2026-03-21,5,1828.33
5591,7,17,2026-03-21,3,1097.0
5592,7,19,2026-03-21,5,315.5
5593,7,7,2026-03-21,2,589.6
5594,7,13,2026-03-21,2,143.13
5595,7,10,2026-03-21,1,266.38
5596,7,33,2026-03-21,5,1512.79
5597,7,26,2026-03-21,4,1660.27
5598,7,21,2026-03-21,1,374.52
5599,7,5,2026-03-21,5,183.38
5600,7,14,2026-03-21,5,473.79
5601,7,15,2026-03-21,4,394.6
5602,7,23,2026-03-21,3,125.0
5603,7,25,2026-03-21,5,1077.18
5604,8,37,2026-03-21,4,1859.6
5605,8,15,2026-03-21,2,236.76
5606,8,22,2026-03-21,3,1496.04
5607,8,31,2026-03-21,4,1944.32
5608,9,39,2026-03-21,5,2368.7
5609,9,33,2026-03-21,1,363.07
5610,9,1,2026-03-21,5,712.75
5611,9,1,2026-03-21,4,570.2
5612,10,32,2026-03-21,4,1522.5
5613,10,19,2026-03-21,1,63.1
5614,10,13,2026-03-21,1,71.57
5615,10,3,2026-03-21,2,707.52
5616,10,16,2026-03-21,2,339.3
5617,10,4,2026-03-21,5,1525.92
5618,10,19,2026-03-21,1,63.1
5619,10,33,2026-03-21,2,605.12
5620,11,17,2026-03-21,2,877.6
5621,11,28,2026-03-21,4,1369.8
5622,11,20,2026-03-21,5,1358.95
5623,11,13,2026-03-21,3,257.64
5624,11,15,2026-03-21,4,473.52
5625,11,36,2026-03-21,5,1507.4
5626,11,27,2026-03-21,5,2155.45
5627,11,29,2026-03-21,4,1541.84
5628,11,32,2026-03-21,2,913.5
5629,11,10,2026-03-21,2,639.32
5630,11,12,2026-03-21,3,919.56
5631,11,11,2026-03-21,3,542.58
5632,11,30,2026-03-21,5,1101.05
5633,12,22,2026-03-21,3,1496.04
5634,12,33,2026-03-21,4,1452.28
5635,12,36,2026-03-21,3,904.44
5636,12,30,2026-03-21,1,220.21
5637,12,21,2026-03-21,5,2247.1
5638,12,5,2026-03-21,1,44.01
5639,12,9,2026-03-21,5,2169.55
5640,12,28,2026-03-21,5,1712.25
5641,12,14,2026-03-21,4,454.84
5642,12,11,2026-03-21,2,361.72
5643,12,13,2026-03-21,3,257.64
5644,12,10,2026-03-21,1,319.66
5645,12,38,2026-03-21,3,370.59
5646,12,2,2026-03-21,5,277.95
5647,12,18,2026-03-21,1,200.84
5648,1,28,2026-03-22,5,1712.25
5649,1,24,2026-03-22,3,241.98
5650,1,20,2026-03-22,1,271.79
5651,2,4,2026-03-22,1,366.22
5652,2,8,2026-03-22,2,665.5
5653,2,25,2026-03-22,4,1030.76
5654,2,36,2026-03-22,5,1507.4
5655,2,25,2026-03-22,4,1030.76
5656,2,4,2026-03-22,3,1098.66
5657,2,17,2026-03-22,4,1755.2
5658,3,9,2026-03-22,4,1735.64
5659,3,31,2026-03-22,4,1944.32
5660,3,32,2026-03-22,5,2283.75
5661,3,37,2026-03-22,2,929.8
5662,3,23,2026-03-22,2,100.0
5663,3,22,2026-03-22,4,1994.72
5664,3,25,2026-03-22,2,515.38
5665,3,26,2026-03-22,2,996.16
5666,3,9,2026-03-22,5,2169.55
5667,4,35,2026-03-22,3,1430.94
5668,4,2,2026-03-22,4,222.36
5669,4,9,2026-03-22,2,867.82
5670,4,29,2026-03-22,3,1156.38
5671,4,17,2026-03-22,2,877.6
5672,4,4,2026-03-22,2,732.44
5673,4,32,2026-03-22,1,456.75
5674,4,3,2026-03-22,1,424.51
5675,4,39,2026-03-22,1,473.74
5676,5,37,2026-03-22,4,1859.6
5677,5,17,2026-03-22,4,1755.2
5678,5,25,2026-03-22,2,515.38
5679,5,11,2026-03-22,1,180.86
5680,5,26,2026-03-22,2,996.16
5681,6,37,2026-03-22,4,1859.6
5682,6,26,2026-03-22,4,1992.32
5683,6,36,2026-03-22,5,1507.4
5684,6,12,2026-03-22,4,1226.08
5685,6,32,2026-03-22,5,2283.75
5686,6,39,2026-03-22,2,947.48
5687,6,31,2026-03-22,4,1944.32
5688,6,39,2026-03-22,5,2368.7
5689,6,3,2026-03-22,4,1698.04
5690,6,35,2026-03-22,5,2384.9
5691,6,36,2026-03-22,4,1205.92
5692,6,23,2026-03-22,4,200.0
5693,6,23,2026-03-22,3,150.0
5694,7,12,2026-03-22,2,508.82
5695,7,15,2026-03-22,4,393.02
5696,7,6,2026-03-22,5,1839.7
5697,7,21,2026-03-22,1,373.02
5698,7,16,2026-03-22,5,844.86
5699,7,3,2026-03-22,4,1409.37
5700,8,31,2026-03-22,2,972.16
5701,8,29,2026-03-22,5,1927.3
5702,8,17,2026-03-22,3,1316.4
5703,8,2,2026-03-22,4,222.36
5704,8,27,2026-03-22,5,2155.45
5705,8,25,2026-03-22,5,1288.44
5706,8,25,2026-03-22,3,773.07
5707,8,10,2026-03-22,1,319.66
5708,8,32,2026-03-22,1,456.75
5709,8,39,2026-03-22,5,2368.7
5710,8,34,2026-03-22,4,322.64
5711,8,11,2026-03-22,3,542.58
5712,8,37,2026-03-22,1,464.9
5713,8,32,2026-03-22,5,2283.75
5714,9,9,2026-03-22,1,433.91
5715,9,27,2026-03-22,2,862.18
5716,9,6,2026-03-22,5,2216.5
5717,9,26,2026-03-22,3,1494.24
5718,9,8,2026-03-22,4,1331.0
5719,9,10,2026-03-22,5,1598.3
5720,9,28,2026-03-22,1,342.45
5721,9,6,2026-03-22,5,2216.5
5722,9,35,2026-03-22,5,2384.9
5723,9,17,2026-03-22,1,438.8
5724,10,26,2026-03-22,4,1653.63
5725,10,36,2026-03-22,1,250.23
5726,10,32,2026-03-22,5,1895.51
5727,10,15,2026-03-22,5,491.28
5728,10,25,2026-03-22,3,641.65
5729,10,22,2026-03-22,5,2069.52
5730,11,20,2026-03-22,3,815.37
5731,11,22,2026-03-22,5,2493.4
5732,11,33,2026-03-22,1,361.9
5733,12,15,2026-03-22,4,473.52
5734,12,20,2026-03-22,5,1358.95
5735,12,15,2026-03-22,4,473.52
5736,12,14,2026-03-22,5,568.55
5737,12,12,2026-03-22,3,919.56
5738,12,19,2026-03-22,4,302.88
5739,12,18,2026-03-22,3,602.52
5740,12,40,2026-03-22,3,1226.79
5741,12,31,2026-03-22,3,1458.24
5742,12,28,2026-03-22,2,684.9
5743,1,5,2026-03-23,5,220.05
5744,1,9,2026-03-23,3,1301.73
5745,1,22,2026-03-23,5,2493.4
5746,2,25,2026-03-23,1,256.85
5747,2,8,2026-03-23,4,1326.69
5748,2,22,2026-03-23,5,2493.4
5749,2,14,2026-03-23,2,227.42
5750,2,3,2026-03-23,5,2122.55
5751,2,3,2026-03-23,1,424.51
5752,2,34,2026-03-23,3,241.98
5753,3,10,2026-03-23,5,1598.3
5754,3,27,2026-03-23,1,431.09
5755,3,10,2026-03-23,3,958.98
5756,3,1,2026-03-23,4,570.2
5757,3,12,2026-03-23,1,306.52
5758,3,35,2026-03-23,2,953.96
5759,3,8,2026-03-23,5,1658.37
5760,3,12,2026-03-23,1,306.52
5761,3,21,2026-03-23,3,1348.26
5762,3,27,2026-03-23,3,1293.27
5763,3,8,2026-03-23,2,663.35
5764,3,26,2026-03-23,5,2490.4
5765,3,16,2026-03-23,3,610.74
5766,3,7,2026-03-23,3,1061.28
5767,3,39,2026-03-23,3,1421.22
5768,4,39,2026-03-23,1,473.74
5769,4,31,2026-03-23,5,2430.4
5770,4,4,2026-03-23,2,732.44
5771,5,9,2026-03-23,2,867.82
5772,5,25,2026-03-23,4,1027.42
5773,5,32,2026-03-23,3,1370.25
5774,5,5,2026-03-23,2,88.02
5775,5,20,2026-03-23,3,815.37
5776,5,2,2026-03-23,2,111.18
5777,5,10,2026-03-23,4,1278.64
5778,5,21,2026-03-23,2,898.84
5779,5,28,2026-03-23,5,1712.25
5780,5,37,2026-03-23,1,464.9
5781,5,40,2026-03-23,3,1226.79
5782,5,14,2026-03-23,1,113.71
5783,6,39,2026-03-23,5,2368.7
5784,6,16,2026-03-23,2,407.16
5785,6,39,2026-03-23,4,1894.96
5786,6,14,2026-03-23,4,454.84
5787,6,24,2026-03-23,4,322.64
5788,7,11,2026-03-23,4,598.04
5789,7,14,2026-03-23,2,188.0
5790,7,5,2026-03-23,2,72.76
5791,7,39,2026-03-23,5,1958.13
5792,7,39,2026-03-23,3,1174.88
5793,7,36,2026-03-23,1,249.22
5794,8,1,2026-03-23,3,427.65
5795,8,33,2026-03-23,1,360.73
5796,8,21,2026-03-23,1,449.42
5797,8,2,2026-03-23,2,111.18
5798,8,34,2026-03-23,4,322.64
5799,8,17,2026-03-23,4,1755.2
5800,8,39,2026-03-23,4,1894.96
5801,8,36,2026-03-23,3,904.44
5802,8,26,2026-03-23,4,1992.32
5803,8,16,2026-03-23,5,1017.9
5804,8,18,2026-03-23,2,401.68
5805,8,7,2026-03-23,4,1415.04
5806,8,34,2026-03-23,4,322.64
5807,9,7,2026-03-23,3,1061.28
5808,9,16,2026-03-23,2,407.16
5809,9,27,2026-03-23,5,2155.45
5810,9,12,2026-03-23,4,1226.08
5811,9,34,2026-03-23,1,80.66
5812,9,20,2026-03-23,3,815.37
5813,9,26,2026-03-23,4,1992.32
5814,9,1,2026-03-23,4,570.2
5815,9,30,2026-03-23,3,660.63
5816,9,15,2026-03-23,5,591.9
5817,10,18,2026-03-23,1,166.03
5818,10,38,2026-03-23,1,102.12
5819,10,12,2026-03-23,5,1266.95
5820,10,17,2026-03-23,3,1088.22
5821,10,40,2026-03-23,4,1352.2
5822,10,9,2026-03-23,5,1793.49
5823,10,11,2026-03-23,3,448.53
5824,10,13,2026-03-23,3,212.98
5825,10,13,2026-03-23,3,212.98
5826,10,28,2026-03-23,3,849.28
5827,10,18,2026-03-23,1,166.03
5828,10,5,2026-03-23,3,109.14
5829,10,36,2026-03-23,5,1246.12
5830,11,20,2026-03-23,4,1087.16
5831,11,16,2026-03-23,2,407.16
5832,11,29,2026-03-23,5,1927.3
5833,11,12,2026-03-23,2,613.04
5834,11,28,2026-03-23,5,1712.25
5835,11,9,2026-03-23,3,1301.73
5836,11,3,2026-03-23,2,849.02
5837,11,11,2026-03-23,3,542.58
5838,11,25,2026-03-23,5,1284.27
5839,12,20,2026-03-23,1,271.79
5840,12,17,2026-03-23,1,438.8
5841,12,20,2026-03-23,1,271.79
5842,1,31,2026-03-24,1,486.08
5843,1,9,2026-03-24,5,2169.55
5844,1,28,2026-03-24,1,342.45
5845,1,34,2026-03-24,4,322.64
5846,1,39,2026-03-24,3,1421.22
5847,1,22,2026-03-24,2,997.36
5848,1,26,2026-03-24,3,1494.24
5849,1,27,2026-03-24,3,1293.27
5850,1,24,2026-03-24,2,161.32
5851,2,13,2026-03-24,1,85.88
5852,2,5,2026-03-24,5,220.05
5853,2,9,2026-03-24,1,433.91
5854,3,8,2026-03-24,5,1652.98
5855,3,13,2026-03-24,2,171.76
5856,3,32,2026-03-24,5,2283.75
5857,4,4,2026-03-24,1,366.22
5858,4,21,2026-03-24,1,449.42
5859,4,24,2026-03-24,1,80.66
5860,4,30,2026-03-24,5,1101.05
5861,4,17,2026-03-24,2,877.6
5862,4,29,2026-03-24,4,1541.84
5863,4,37,2026-03-24,5,2324.5
5864,4,26,2026-03-24,2,996.16
5865,4,3,2026-03-24,1,424.51
5866,4,13,2026-03-24,2,171.76
5867,4,20,2026-03-24,3,815.37
5868,4,17,2026-03-24,3,1316.4
5869,4,37,2026-03-24,4,1859.6
5870,5,12,2026-03-24,1,306.52
5871,5,19,2026-03-24,4,302.88
5872,5,31,2026-03-24,3,1458.24
5873,5,13,2026-03-24,4,343.52
5874,5,40,2026-03-24,3,1226.79
5875,5,21,2026-03-24,3,1348.26
5876,5,4,2026-03-24,2,732.44
5877,5,3,2026-03-24,1,424.51
5878,5,21,2026-03-24,3,1348.26
5879,5,5,2026-03-24,1,44.01
5880,5,10,2026-03-24,4,1278.64
5881,5,1,2026-03-24,4,570.2
5882,5,1,2026-03-24,3,427.65
5883,6,38,2026-03-24,3,370.59
5884,6,6,2026-03-24,3,1329.9
5885,6,11,2026-03-24,2,361.72
5886,7,39,2026-03-24,1,390.05
5887,7,18,2026-03-24,4,661.43
5888,7,24,2026-03-24,2,132.82
5889,7,28,2026-03-24,5,1409.75
5890,7,28,2026-03-24,4,1127.8
5891,7,14,2026-03-24,2,187.24
5892,7,16,2026-03-24,4,670.46
5893,7,38,2026-03-24,1,101.71
5894,7,9,2026-03-24,2,714.51
5895,7,34,2026-03-24,5,332.05
5896,8,2,2026-03-24,4,222.36
5897,8,1,2026-03-24,2,285.1
5898,8,17,2026-03-24,5,2194.0
5899,8,6,2026-03-24,1,443.3
5900,8,39,2026-03-24,4,1894.96
5901,8,6,2026-03-24,3,1329.9
5902,8,6,2026-03-24,1,443.3
5903,8,18,2026-03-24,1,200.84
5904,8,4,2026-03-24,1,366.22
5905,8,22,2026-03-24,1,498.68
5906,8,16,2026-03-24,5,1017.9
5907,8,34,2026-03-24,3,241.98
5908,8,6,2026-03-24,4,1773.2
5909,8,37,2026-03-24,1,464.9
5910,8,5,2026-03-24,4,176.04
5911,9,25,2026-03-24,1,256.02
5912,9,21,2026-03-24,1,449.42
5913,9,32,2026-03-24,4,1827.0
5914,9,3,2026-03-24,3,1273.53
5915,9,1,2026-03-24,2,285.1
5916,10,23,2026-03-24,3,123.5
5917,10,19,2026-03-24,4,249.37
5918,10,30,2026-03-24,5,906.53
5919,10,29,2026-03-24,1,317.36
5920,10,33,2026-03-24,5,1480.18
5921,10,5,2026-03-24,4,144.94
5922,10,22,2026-03-24,4,1642.32
5923,10,9,2026-03-24,4,1429.01
5924,10,3,2026-03-24,4,1398.05
5925,10,21,2026-03-24,1,370.02
5926,10,1,2026-03-24,5,586.83
5927,10,16,2026-03-24,2,335.23
5928,10,20,2026-03-24,1,223.77
5929,10,4,2026-03-24,4,1206.08
5930,11,18,2026-03-24,4,803.36
5931,11,14,2026-03-24,1,113.71
5932,11,28,2026-03-24,5,1712.25
5933,11,19,2026-03-24,5,378.6
5934,11,38,2026-03-24,3,370.59
5935,11,7,2026-03-24,3,1061.28
5936,11,12,2026-03-24,3,919.56
5937,11,7,2026-03-24,4,1415.04
5938,11,11,2026-03-24,1,180.86
5939,11,7,2026-03-24,1,353.76
5940,11,2,2026-03-24,3,166.77
5941,11,17,2026-03-24,5,2194.0
5942,11,32,2026-03-24,3,1370.25
5943,11,21,2026-03-24,1,449.42
5944,12,16,2026-03-24,3,610.74
5945,12,25,2026-03-24,2,512.04
5946,12,18,2026-03-24,2,401.68
5947,12,33,2026-03-24,5,1797.78
5948,12,10,2026-03-24,1,319.66
5949,12,34,2026-03-24,4,322.64
5950,12,29,2026-03-24,2,770.92
5951,12,13,2026-03-24,3,257.64
5952,12,22,2026-03-24,4,1994.72
5953,12,7,2026-03-24,1,353.76
5954,1,35,2026-03-25,3,1430.94
5955,1,28,2026-03-25,4,1369.8
5956,1,29,2026-03-25,1,385.46
5957,1,2,2026-03-25,4,222.36
5958,1,40,2026-03-25,2,817.86
5959,1,40,2026-03-25,2,817.86
5960,1,22,2026-03-25,1,498.68
5961,1,35,2026-03-25,2,953.96
5962,1,17,2026-03-25,1,438.8
5963,1,17,2026-03-25,5,2194.0
5964,1,24,2026-03-25,2,161.32
5965,1,16,2026-03-25,4,814.32
5966,1,16,2026-03-25,4,814.32
5967,2,29,2026-03-25,5,1927.3
5968,2,24,2026-03-25,3,241.98
5969,2,19,2026-03-25,4,302.88
5970,2,34,2026-03-25,5,403.3
5971,3,7,2026-03-25,4,1415.04
5972,3,2,2026-03-25,1,55.59
5973,3,31,2026-03-25,1,486.08
5974,3,35,2026-03-25,3,1430.94
5975,3,29,2026-03-25,1,385.46
5976,3,3,2026-03-25,3,1273.53
5977,3,6,2026-03-25,1,443.3
5978,3,13,2026-03-25,4,343.52
5979,3,18,2026-03-25,1,200.84
5980,3,35,2026-03-25,2,953.96
5981,3,16,2026-03-25,5,1017.9
5982,3,5,2026-03-25,4,176.04
5983,3,8,2026-03-25,5,1647.6
5984,3,37,2026-03-25,2,929.8
5985,3,4,2026-03-25,5,1831.1
5986,4,17,2026-03-25,1,438.8
5987,4,16,2026-03-25,1,203.58
5988,4,27,2026-03-25,2,862.18
5989,4,1,2026-03-25,4,570.2
5990,4,25,2026-03-25,1,255.19
5991,4,6,2026-03-25,4,1773.2
5992,5,7,2026-03-25,1,353.76
5993,5,4,2026-03-25,2,732.44
5994,5,30,2026-03-25,2,440.42
5995,5,21,2026-03-25,1,449.42
5996,5,37,2026-03-25,2,929.8
5997,5,36,2026-03-25,1,301.48
5998,5,12,2026-03-25,3,919.56
5999,5,4,2026-03-25,1,366.22
6000,5,16,2026-03-25,4,814.32
6001,5,15,2026-03-25,5,591.9
6002,5,40,2026-03-25,2,817.86
6003,5,6,2026-03-25,5,2216.5
6004,6,12,2026-03-25,1,306.52
6005,6,19,2026-03-25,1,75.72
6006,6,14,2026-03-25,4,454.84
6007,6,1,2026-03-25,5,712.75
6008,7,20,2026-03-25,5,1114.34
6009,7,22,2026-03-25,2,817.84
6010,7,5,2026-03-25,1,36.09
6011,7,10,2026-03-25,2,524.24
6012,7,34,2026-03-25,4,264.56
6013,7,26,2026-03-25,3,1225.28
6014,7,37,2026-03-25,4,1524.87
6015,7,29,2026-03-25,3,948.23
6016,7,21,2026-03-25,1,368.52
6017,7,9,2026-03-25,5,1779.03
6018,7,24,2026-03-25,5,330.71
6019,7,29,2026-03-25,2,632.15
6020,7,11,2026-03-25,3,444.92
6021,7,24,2026-03-25,2,132.28
6022,7,36,2026-03-25,1,247.21
6023,8,1,2026-03-25,2,285.1
6024,8,23,2026-03-25,3,150.0
6025,8,39,2026-03-25,1,473.74
6026,8,7,2026-03-25,1,353.76
6027,8,27,2026-03-25,3,1293.27
6028,8,39,2026-03-25,2,947.48
6029,8,40,2026-03-25,4,1635.72
6030,8,6,2026-03-25,2,886.6
6031,8,4,2026-03-25,3,1098.66
6032,8,9,2026-03-25,5,2169.55
6033,8,29,2026-03-25,2,770.92
6034,8,26,2026-03-25,4,1992.32
6035,9,25,2026-03-25,5,1275.94
6036,9,31,2026-03-25,1,486.08
6037,9,1,2026-03-25,2,285.1
6038,9,14,2026-03-25,1,113.71
6039,9,16,2026-03-25,5,1017.9
6040,9,22,2026-03-25,4,1994.72
6041,10,1,2026-03-25,2,233.78
6042,10,25,2026-03-25,1,209.25
6043,10,13,2026-03-25,4,281.69
6044,10,7,2026-03-25,1,290.08
6045,10,39,2026-03-25,1,388.47
6046,10,33,2026-03-25,1,293.88
6047,10,15,2026-03-25,2,194.14
6048,10,27,2026-03-25,1,353.49
6049,10,21,2026-03-25,5,1842.62
6050,10,39,2026-03-25,3,1165.4
6051,10,32,2026-03-25,4,1498.14
6052,10,16,2026-03-25,4,667.74
6053,10,16,2026-03-25,2,333.87
6054,10,13,2026-03-25,2,140.84
6055,10,28,2026-03-25,2,561.62
6056,11,18,2026-03-25,3,602.52
6057,11,14,2026-03-25,5,568.55
6058,11,25,2026-03-25,4,1020.75
6059,11,18,2026-03-25,4,803.36
6060,11,22,2026-03-25,2,997.36
6061,11,16,2026-03-25,2,407.16
6062,11,20,2026-03-25,5,1358.95
6063,11,16,2026-03-25,1,203.58
6064,11,16,2026-03-25,5,1017.9
6065,11,2,2026-03-25,2,111.18
6066,11,12,2026-03-25,4,1226.08
6067,11,9,2026-03-25,5,2169.55
6068,11,4,2026-03-25,1,366.22
6069,12,19,2026-03-25,3,227.16
6070,12,15,2026-03-25,3,355.14
6071,12,20,2026-03-25,4,1087.16
6072,12,9,2026-03-25,1,433.91
6073,12,22,2026-03-25,5,2493.4
6074,12,12,2026-03-25,2,613.04
6075,12,14,2026-03-25,2,227.42
6076,12,15,2026-03-25,1,118.38
6077,12,7,2026-03-25,5,1768.8
6078,12,2,2026-03-25,1,55.59
6079,12,13,2026-03-25,5,429.4
6080,12,35,2026-03-25,3,1430.94
6081,12,12,2026-03-25,5,1532.6
6082,1,25,2026-03-26,2,508.71
6083,1,28,2026-03-26,4,1369.8
6084,1,23,2026-03-26,2,100.0
6085,1,38,2026-03-26,3,370.59
6086,1,8,2026-03-26,1,328.44
6087,1,10,2026-03-26,2,639.32
6088,1,36,2026-03-26,1,301.48
6089,1,37,2026-03-26,2,929.8
6090,1,38,2026-03-26,4,494.12
6091,1,7,2026-03-26,4,1415.04
6092,1,35,2026-03-26,2,953.96
6093,2,30,2026-03-26,1,220.21
6094,2,12,2026-03-26,1,306.52
6095,2,38,2026-03-26,3,370.59
6096,2,31,2026-03-26,3,1458.24
6097,2,29,2026-03-26,2,770.92
6098,3,10,2026-03-26,3,958.98
6099,3,28,2026-03-26,3,1027.35
6100,3,35,2026-03-26,5,2384.9
6101,3,34,2026-03-26,4,322.64
6102,3,12,2026-03-26,1,306.52
6103,3,18,2026-03-26,1,200.84
6104,3,12,2026-03-26,1,306.52
6105,3,32,2026-03-26,5,2283.75
6106,3,40,2026-03-26,2,817.86
6107,4,26,2026-03-26,1,498.08
6108,4,36,2026-03-26,4,1205.92
6109,4,14,2026-03-26,5,568.55
6110,4,25,2026-03-26,1,254.35
6111,4,5,2026-03-26,1,44.01
6112,5,23,2026-03-26,4,200.0
6113,5,34,2026-03-26,5,403.3
6114,5,30,2026-03-26,5,1101.05
6115,5,18,2026-03-26,3,602.52
6116,5,10,2026-03-26,4,1278.64
6117,5,30,2026-03-26,2,440.42
6118,6,31,2026-03-26,3,1458.24
6119,6,40,2026-03-26,2,817.86
6120,6,35,2026-03-26,1,476.98
6121,6,31,2026-03-26,3,1458.24
6122,6,32,2026-03-26,2,913.5
6123,6,15,2026-03-26,1,118.38
6124,6,36,2026-03-26,2,602.96
6125,6,11,2026-03-26,4,723.44
6126,6,39,2026-03-26,2,947.48
6127,6,10,2026-03-26,4,1278.64
6128,6,12,2026-03-26,2,613.04
6129,6,7,2026-03-26,1,353.76
6130,6,39,2026-03-26,4,1894.96
6131,6,2,2026-03-26,5,277.95
6132,7,18,2026-03-26,1,164.02
6133,7,30,2026-03-26,4,719.35
6134,7,34,2026-03-26,2,131.74
6135,7,38,2026-03-26,2,201.77
6136,7,21,2026-03-26,5,1835.13
6137,7,15,2026-03-26,4,386.71
6138,7,31,2026-03-26,2,793.93
6139,7,12,2026-03-26,4,1001.3
6140,7,10,2026-03-26,3,783.17
6141,7,34,2026-03-26,2,131.74
6142,8,38,2026-03-26,2,247.06
6143,8,24,2026-03-26,3,241.98
6144,8,39,2026-03-26,3,1421.22
6145,8,6,2026-03-26,2,886.6
6146,8,19,2026-03-26,3,227.16
6147,8,28,2026-03-26,2,684.9
6148,8,16,2026-03-26,1,203.58
6149,8,12,2026-03-26,5,1532.6
6150,8,7,2026-03-26,1,353.76
6151,8,38,2026-03-26,3,370.59
6152,9,19,2026-03-26,1,75.72
6153,9,1,2026-03-26,4,570.2
6154,9,2,2026-03-26,4,222.36
6155,9,15,2026-03-26,4,473.52
6156,9,35,2026-03-26,2,953.96
6157,10,40,2026-03-26,3,1001.88
6158,10,37,2026-03-26,2,759.34
6159,10,30,2026-03-26,3,539.51
6160,10,1,2026-03-26,5,582.08
6161,10,29,2026-03-26,2,629.58
6162,10,24,2026-03-26,5,329.36
6163,10,2,2026-03-26,2,90.8
6164,10,30,2026-03-26,5,899.19
6165,10,35,2026-03-26,5,1947.67
6166,10,36,2026-03-26,2,492.42
6167,10,27,2026-03-26,1,352.06
6168,10,23,2026-03-26,4,163.33
6169,10,31,2026-03-26,5,1984.83
6170,10,24,2026-03-26,4,263.49
6171,10,12,2026-03-26,2,500.65
6172,11,3,2026-03-26,4,1698.04
6173,11,9,2026-03-26,4,1735.64
6174,11,26,2026-03-26,3,1494.24
6175,11,9,2026-03-26,1,433.91
6176,11,33,2026-03-26,4,1428.86
6177,11,1,2026-03-26,2,285.1
6178,11,19,2026-03-26,2,151.44
6179,11,26,2026-03-26,3,1494.24
6180,11,29,2026-03-26,4,1541.84
6181,11,3,2026-03-26,5,2122.55
6182,11,6,2026-03-26,2,886.6
6183,11,35,2026-03-26,5,2384.9
6184,12,20,2026-03-26,5,1358.95
6185,12,11,2026-03-26,1,180.86
6186,12,14,2026-03-26,4,454.84
6187,12,35,2026-03-26,1,476.98
6188,12,13,2026-03-26,1,85.88
6189,1,19,2026-03-27,5,378.6
6190,1,16,2026-03-27,1,203.58
6191,1,38,2026-03-27,4,494.12
6192,1,3,2026-03-27,5,2122.55
6193,1,25,2026-03-27,4,1014.08
6194,1,9,2026-03-27,4,1735.64
6195,1,36,2026-03-27,1,301.48
6196,1,18,2026-03-27,4,803.36
6197,1,9,2026-03-27,4,1735.64
6198,1,36,2026-03-27,2,602.96
6199,2,7,2026-03-27,5,1768.8
6200,2,20,2026-03-27,1,271.79
6201,2,1,2026-03-27,4,570.2
6202,2,38,2026-03-27,2,247.06
6203,3,23,2026-03-27,3,150.0
6204,3,7,2026-03-27,3,1061.28
6205,3,37,2026-03-27,2,929.8
6206,3,25,2026-03-27,1,253.52
6207,3,15,2026-03-27,1,118.38
6208,4,30,2026-03-27,3,660.63
6209,4,8,2026-03-27,2,654.73
6210,4,12,2026-03-27,4,1226.08
6211,4,25,2026-03-27,5,1267.6
6212,4,23,2026-03-27,5,250.0
6213,4,5,2026-03-27,1,44.01
6214,4,26,2026-03-27,4,1992.32
6215,4,10,2026-03-27,4,1278.64
6216,4,29,2026-03-27,2,770.92
6217,4,26,2026-03-27,4,1992.32
6218,5,37,2026-03-27,3,1394.7
6219,5,40,2026-03-27,4,1635.72
6220,5,7,2026-03-27,1,353.76
6221,5,5,2026-03-27,1,44.01
6222,5,20,2026-03-27,4,1087.16
6223,6,32,2026-03-27,3,1370.25
6224,6,25,2026-03-27,5,1267.6
6225,6,2,2026-03-27,1,55.59
6226,6,40,2026-03-27,3,1226.79
6227,6,28,2026-03-27,4,1369.8
6228,6,30,2026-03-27,3,660.63
6229,6,39,2026-03-27,5,2368.7
6230,6,23,2026-03-27,5,250.0
6231,6,37,2026-03-27,5,2324.5
6232,6,18,2026-03-27,2,401.68
6233,6,7,2026-03-27,1,353.76
6234,6,18,2026-03-27,5,1004.2
6235,6,7,2026-03-27,3,1061.28
6236,6,4,2026-03-27,1,366.22
6237,7,2,2026-03-27,3,135.64
6238,7,33,2026-03-27,1,289.58
6239,7,33,2026-03-27,1,289.58
6240,7,20,2026-03-27,4,884.22
6241,7,22,2026-03-27,3,1216.78
6242,7,13,2026-03-27,4,279.4
6243,7,3,2026-03-27,5,1726.34
6244,7,29,2026-03-27,1,313.51
6245,7,10,2026-03-27,3,779.97
6246,7,28,2026-03-27,3,835.58
6247,7,28,2026-03-27,2,557.05
6248,8,1,2026-03-27,5,712.75
6249,8,14,2026-03-27,1,113.71
6250,8,37,2026-03-27,5,2324.5
6251,8,2,2026-03-27,2,111.18
6252,8,9,2026-03-27,2,867.82
6253,8,17,2026-03-27,3,1316.4
6254,8,33,2026-03-27,2,712.09
6255,8,15,2026-03-27,5,591.9
6256,8,25,2026-03-27,1,253.52
6257,8,26,2026-03-27,4,1992.32
6258,8,11,2026-03-27,5,904.3
6259,8,25,2026-03-27,2,507.04
6260,8,20,2026-03-27,2,543.58
6261,9,13,2026-03-27,3,257.64
6262,9,40,2026-03-27,3,1226.79
6263,9,27,2026-03-27,5,2155.45
6264,9,3,2026-03-27,4,1698.04
6265,9,9,2026-03-27,3,1301.73
6266,9,35,2026-03-27,1,476.98
6267,9,8,2026-03-27,1,327.37
6268,9,1,2026-03-27,3,427.65
6269,10,5,2026-03-27,4,143.18
6270,10,2,2026-03-27,4,180.85
6271,10,36,2026-03-27,5,1226.02
6272,10,38,2026-03-27,5,502.36
6273,10,7,2026-03-27,1,287.72
6274,10,38,2026-03-27,4,401.88
6275,10,6,2026-03-27,5,1802.75
6276,10,36,2026-03-27,5,1226.02
6277,11,7,2026-03-27,4,1415.04
6278,11,32,2026-03-27,5,2283.75
6279,11,2,2026-03-27,3,166.77
6280,11,25,2026-03-27,1,253.52
6281,11,35,2026-03-27,2,953.96
6282,11,33,2026-03-27,4,1424.17
6283,11,24,2026-03-27,1,80.66
6284,12,25,2026-03-27,4,1014.08
6285,12,1,2026-03-27,2,285.1
6286,12,6,2026-03-27,3,1329.9
6287,12,14,2026-03-27,1,113.71
6288,1,27,2026-03-28,2,862.18
6289,1,19,2026-03-28,3,227.16
6290,1,22,2026-03-28,1,498.68
6291,1,33,2026-03-28,2,709.74
6292,2,36,2026-03-28,2,602.96
6293,2,28,2026-03-28,2,684.9
6294,2,5,2026-03-28,5,220.05
6295,2,7,2026-03-28,1,353.76
6296,2,33,2026-03-28,3,1064.62
6297,2,14,2026-03-28,4,454.84
6298,2,33,2026-03-28,5,1774.36
6299,2,39,2026-03-28,2,947.48
6300,2,6,2026-03-28,4,1773.2
6301,2,1,2026-03-28,3,427.65
6302,3,38,2026-03-28,4,494.12
6303,3,7,2026-03-28,1,353.76
6304,3,5,2026-03-28,3,132.03
6305,3,26,2026-03-28,2,996.16
6306,3,25,2026-03-28,1,252.69
6307,3,33,2026-03-28,1,354.87
6308,3,25,2026-03-28,2,505.37
6309,3,10,2026-03-28,5,1598.3
6310,3,35,2026-03-28,3,1430.94
6311,4,6,2026-03-28,5,2216.5
6312,4,14,2026-03-28,3,341.13
6313,4,12,2026-03-28,3,919.56
6314,4,8,2026-03-28,4,1305.16
6315,4,13,2026-03-28,5,429.4
6316,4,12,2026-03-28,5,1532.6
6317,4,1,2026-03-28,5,712.75
6318,4,36,2026-03-28,4,1205.92
6319,4,14,2026-03-28,4,454.84
6320,5,32,2026-03-28,5,2283.75
6321,5,16,2026-03-28,2,407.16
6322,5,8,2026-03-28,3,978.87
6323,5,22,2026-03-28,2,997.36
6324,5,9,2026-03-28,3,1301.73
6325,5,19,2026-03-28,2,151.44
6326,5,14,2026-03-28,4,454.84
6327,6,34,2026-03-28,3,241.98
6328,6,1,2026-03-28,1,142.55
6329,6,13,2026-03-28,2,171.76
6330,6,20,2026-03-28,3,815.37
6331,6,20,2026-03-28,3,815.37
6332,6,30,2026-03-28,4,880.84
6333,6,13,2026-03-28,2,171.76
6334,6,40,2026-03-28,5,2044.65
6335,7,10,2026-03-28,5,1294.62
6336,7,3,2026-03-28,3,1031.56
6337,7,33,2026-03-28,2,574.89
6338,7,32,2026-03-28,2,739.94
6339,7,36,2026-03-28,2,488.4
6340,8,14,2026-03-28,2,227.42
6341,8,33,2026-03-28,1,354.87
6342,8,14,2026-03-28,1,113.71
6343,8,33,2026-03-28,3,1064.62
6344,8,6,2026-03-28,5,2216.5
6345,9,32,2026-03-28,4,1827.0
6346,9,16,2026-03-28,3,610.74
6347,9,5,2026-03-28,3,132.03
6348,9,33,2026-03-28,2,709.74
6349,9,33,2026-03-28,2,709.74
6350,10,9,2026-03-28,1,351.47
6351,10,37,2026-03-28,3,1129.71
6352,10,6,2026-03-28,3,1077.22
6353,10,23,2026-03-28,2,81.0
6354,10,36,2026-03-28,3,732.6
6355,10,5,2026-03-28,4,142.59
6356,10,12,2026-03-28,5,1241.41
6357,10,24,2026-03-28,2,130.67
6358,10,21,2026-03-28,5,1820.15
6359,10,23,2026-03-28,3,121.5
6360,10,25,2026-03-28,1,204.67
6361,11,16,2026-03-28,4,814.32
6362,11,38,2026-03-28,4,494.12
6363,11,36,2026-03-28,2,602.96
6364,12,32,2026-03-28,3,1370.25
6365,12,3,2026-03-28,2,849.02
6366,12,10,2026-03-28,1,319.66
6367,12,14,2026-03-28,5,568.55
6368,12,8,2026-03-28,5,1631.44
6369,12,9,2026-03-28,3,1301.73
6370,12,28,2026-03-28,3,1027.35
6371,12,38,2026-03-28,4,494.12
6372,12,32,2026-03-28,3,1370.25
6373,12,38,2026-03-28,5,617.65
6374,1,32,2026-03-29,2,913.5
6375,1,17,2026-03-29,5,2194.0
6376,1,10,2026-03-29,4,1278.64
6377,1,36,2026-03-29,3,904.44
6378,1,6,2026-03-29,1,443.3
6379,1,35,2026-03-29,4,1907.92
6380,1,5,2026-03-29,1,44.01
6381,1,10,2026-03-29,2,639.32
6382,1,17,2026-03-29,5,2194.0
6383,1,13,2026-03-29,1,85.88
6384,1,22,2026-03-29,3,1496.04
6385,1,23,2026-03-29,1,50.0
6386,1,30,2026-03-29,4,880.84
6387,2,18,2026-03-29,2,401.68
6388,2,10,2026-03-29,4,1278.64
6389,2,34,2026-03-29,3,241.98
6390,2,34,2026-03-29,1,80.66
6391,2,22,2026-03-29,3,1496.04
6392,2,20,2026-03-29,1,271.79
6393,2,40,2026-03-29,5,2044.65
6394,2,14,2026-03-29,2,227.42
6395,2,7,2026-03-29,5,1768.8
6396,2,7,2026-03-29,5,1768.8
6397,2,15,2026-03-29,2,236.76
6398,2,40,2026-03-29,3,1226.79
6399,3,11,2026-03-29,1,180.86
6400,3,34,2026-03-29,1,80.66
6401,3,8,2026-03-29,5,1626.06
6402,3,10,2026-03-29,4,1278.64
6403,3,35,2026-03-29,1,476.98
6404,3,15,2026-03-29,5,591.9
6405,4,6,2026-03-29,2,886.6
6406,4,37,2026-03-29,4,1859.6
6407,4,19,2026-03-29,3,227.16
6408,4,22,2026-03-29,5,2493.4
6409,4,6,2026-03-29,5,2216.5
6410,4,25,2026-03-29,5,1259.26
6411,4,28,2026-03-29,1,342.45
6412,4,7,2026-03-29,3,1061.28
6413,4,4,2026-03-29,4,1464.88
6414,5,15,2026-03-29,4,473.52
6415,5,7,2026-03-29,3,1061.28
6416,5,18,2026-03-29,4,803.36
6417,5,24,2026-03-29,3,241.98
6418,5,13,2026-03-29,1,85.88
6419,6,39,2026-03-29,3,1421.22
6420,6,9,2026-03-29,3,1301.73
6421,6,31,2026-03-29,3,1458.24
6422,6,23,2026-03-29,4,200.0
6423,6,6,2026-03-29,5,2216.5
6424,6,28,2026-03-29,1,342.45
6425,6,3,2026-03-29,2,849.02
6426,7,4,2026-03-29,4,1181.67
6427,7,29,2026-03-29,4,1243.75
6428,7,36,2026-03-29,4,972.78
6429,7,39,2026-03-29,3,1146.45
6430,7,11,2026-03-29,2,291.79
6431,7,13,2026-03-29,4,277.11
6432,7,8,2026-03-29,4,1049.35
6433,7,7,2026-03-29,2,570.73
6434,7,32,2026-03-29,5,1842.22
6435,7,33,2026-03-29,5,1426.59
6436,7,34,2026-03-29,1,65.07
6437,7,15,2026-03-29,2,190.99
6438,7,18,2026-03-29,2,324.02
6439,7,24,2026-03-29,3,195.2
6440,8,13,2026-03-29,5,429.4
6441,8,6,2026-03-29,3,1329.9
6442,8,31,2026-03-29,1,486.08
6443,8,30,2026-03-29,5,1101.05
6444,8,9,2026-03-29,4,1735.64
6445,8,2,2026-03-29,1,55.59
6446,8,13,2026-03-29,1,85.88
6447,8,1,2026-03-29,4,570.2
6448,8,5,2026-03-29,3,132.03
6449,8,25,2026-03-29,4,1007.4
6450,9,11,2026-03-29,5,904.3
6451,9,15,2026-03-29,4,473.52
6452,9,24,2026-03-29,5,403.3
6453,9,35,2026-03-29,2,953.96
6454,9,31,2026-03-29,2,972.16
6455,10,22,2026-03-29,4,1609.07
6456,10,5,2026-03-29,3,106.5
6457,10,14,2026-03-29,5,458.63
6458,10,19,2026-03-29,4,244.32
6459,10,35,2026-03-29,1,384.76
6460,11,4,2026-03-29,5,1831.1
6461,11,13,2026-03-29,3,257.64
6462,11,38,2026-03-29,4,494.12
6463,11,20,2026-03-29,5,1358.95
6464,11,32,2026-03-29,4,1827.0
6465,11,24,2026-03-29,2,161.32
6466,11,27,2026-03-29,1,431.09
6467,12,13,2026-03-29,1,85.88
6468,12,40,2026-03-29,2,817.86
6469,12,16,2026-03-29,3,610.74
6470,12,22,2026-03-29,3,1496.04
6471,12,23,2026-03-29,4,200.0
6472,12,38,2026-03-29,1,123.53
6473,12,7,2026-03-29,3,1061.28
6474,12,35,2026-03-29,4,1907.92
6475,12,22,2026-03-29,2,997.36
6476,12,2,2026-03-29,4,222.36
6477,12,15,2026-03-29,2,236.76
6478,12,24,2026-03-29,1,80.66
6479,12,18,2026-03-29,1,200.84
6480,12,1,2026-03-29,3,427.65
6481,12,29,2026-03-29,4,1541.84
6482,1,30,2026-03-30,5,1101.05
6483,1,33,2026-03-30,3,1057.59
6484,1,8,2026-03-30,5,1620.68
6485,1,14,2026-03-30,4,454.84
6486,2,4,2026-03-30,4,1464.88
6487,2,14,2026-03-30,3,341.13
6488,2,3,2026-03-30,4,1698.04
6489,2,33,2026-03-30,1,352.53
6490,2,35,2026-03-30,3,1430.94
6491,2,30,2026-03-30,5,1101.05
6492,2,37,2026-03-30,5,2324.5
6493,2,18,2026-03-30,1,200.84
6494,2,12,2026-03-30,3,919.56
6495,2,5,2026-03-30,2,88.02
6496,2,5,2026-03-30,5,220.05
6497,2,9,2026-03-30,1,433.91
6498,3,3,2026-03-30,3,1273.53
6499,3,38,2026-03-30,4,494.12
6500,3,39,2026-03-30,2,947.48
6501,3,12,2026-03-30,3,919.56
6502,3,20,2026-03-30,2,543.58
6503,4,26,2026-03-30,3,1494.24
6504,4,34,2026-03-30,3,241.98
6505,4,17,2026-03-30,4,1755.2
6506,5,1,2026-03-30,3,427.65
6507,5,24,2026-03-30,1,80.66
6508,5,10,2026-03-30,3,958.98
6509,5,23,2026-03-30,3,150.0
6510,5,14,2026-03-30,5,568.55
6511,5,29,2026-03-30,1,385.46
6512,5,21,2026-03-30,5,2247.1
6513,5,20,2026-03-30,2,543.58
6514,5,38,2026-03-30,2,247.06
6515,5,10,2026-03-30,1,319.66
6516,5,29,2026-03-30,5,1927.3
6517,5,34,2026-03-30,2,161.32
6518,5,32,2026-03-30,5,2283.75
6519,6,33,2026-03-30,3,1057.59
6520,6,26,2026-03-30,3,1494.24
6521,6,12,2026-03-30,3,919.56
6522,6,21,2026-03-30,3,1348.26
6523,6,1,2026-03-30,1,142.55
6524,6,2,2026-03-30,5,277.95
6525,6,23,2026-03-30,5,250.0
6526,6,26,2026-03-30,3,1494.24
6527,7,31,2026-03-30,1,390.48
6528,7,25,2026-03-30,2,403.3
6529,7,28,2026-03-30,5,1375.51
6530,7,16,2026-03-30,3,490.63
6531,7,9,2026-03-30,3,1045.72
6532,8,29,2026-03-30,4,1541.84
6533,8,3,2026-03-30,4,1698.04
6534,8,21,2026-03-30,3,1348.26
6535,8,34,2026-03-30,2,161.32
6536,8,27,2026-03-30,1,431.09
6537,8,20,2026-03-30,2,543.58
6538,8,36,2026-03-30,2,602.96
6539,8,17,2026-03-30,5,2194.0
6540,8,7,2026-03-30,2,707.52
6541,8,3,2026-03-30,2,849.02
6542,8,12,2026-03-30,5,1532.6
6543,8,22,2026-03-30,5,2493.4
6544,8,30,2026-03-30,5,1101.05
6545,8,15,2026-03-30,5,591.9
6546,8,19,2026-03-30,5,378.6
6547,9,2,2026-03-30,1,55.59
6548,9,22,2026-03-30,4,1994.72
6549,9,4,2026-03-30,4,1464.88
6550,9,27,2026-03-30,1,431.09
6551,9,4,2026-03-30,1,366.22
6552,9,21,2026-03-30,2,898.84
6553,9,6,2026-03-30,1,443.3
6554,9,12,2026-03-30,4,1226.08
6555,9,37,2026-03-30,3,1394.7
6556,9,8,2026-03-30,3,972.41
6557,9,30,2026-03-30,3,660.63
6558,9,9,2026-03-30,2,867.82
6559,9,9,2026-03-30,4,1735.64
6560,9,7,2026-03-30,5,1768.8
6561,10,28,2026-03-30,3,825.3
6562,10,17,2026-03-30,2,705.01
6563,10,18,2026-03-30,3,484.02
6564,10,27,2026-03-30,1,346.31
6565,10,26,2026-03-30,1,400.12
6566,10,13,2026-03-30,2,137.98
6567,10,4,2026-03-30,2,588.39
6568,10,1,2026-03-30,2,229.03
6569,10,38,2026-03-30,2,198.47
6570,10,9,2026-03-30,3,1045.72
6571,10,25,2026-03-30,2,403.3
6572,11,23,2026-03-30,2,100.0
6573,11,30,2026-03-30,1,220.21
6574,11,3,2026-03-30,4,1698.04
6575,11,20,2026-03-30,1,271.79
6576,11,12,2026-03-30,1,306.52
6577,11,27,2026-03-30,1,431.09
6578,12,31,2026-03-30,4,1944.32
6579,12,28,2026-03-30,4,1369.8
6580,12,26,2026-03-30,1,498.08
6581,12,2,2026-03-30,2,111.18
6582,12,18,2026-03-30,1,200.84
6583,12,2,2026-03-30,1,55.59
6584,12,8,2026-03-30,5,1620.68
6585,12,4,2026-03-30,5,1831.1
6586,12,9,2026-03-30,1,433.91
6587,12,28,2026-03-30,4,1369.8
6588,12,14,2026-03-30,1,113.71
6589,12,38,2026-03-30,3,370.59
6590,12,39,2026-03-30,1,473.74
6591,12,9,2026-03-30,1,433.91
6592,12,5,2026-03-30,3,132.03
6593,1,21,2026-03-31,1,449.42
6594,1,9,2026-03-31,1,433.91
6595,1,22,2026-03-31,1,498.68
6596,1,29,2026-03-31,5,1927.3
6597,1,5,2026-03-31,2,88.02
6598,1,16,2026-03-31,5,1017.9
6599,1,35,2026-03-31,2,953.96
6600,1,40,2026-03-31,2,817.86
6601,1,21,2026-03-31,3,1348.26
6602,1,18,2026-03-31,1,200.84
6603,1,19,2026-03-31,1,75.72
6604,1,29,2026-03-31,2,770.92
6605,1,11,2026-03-31,3,542.58
6606,2,16,2026-03-31,3,610.74
6607,2,27,2026-03-31,3,1293.27
6608,2,30,2026-03-31,2,440.42
6609,2,23,2026-03-31,5,250.0
6610,2,1,2026-03-31,5,712.75
6611,2,6,2026-03-31,2,886.6
6612,2,1,2026-03-31,5,712.75
6613,2,27,2026-03-31,5,2155.45
6614,2,7,2026-03-31,1,353.76
6615,2,26,2026-03-31,1,498.08
6616,2,34,2026-03-31,5,403.3
6617,2,3,2026-03-31,1,424.51
6618,3,24,2026-03-31,2,161.32
6619,3,2,2026-03-31,2,111.18
6620,3,13,2026-03-31,3,257.64
6621,3,8,2026-03-31,2,646.12
6622,3,33,2026-03-31,5,1756.79
6623,3,2,2026-03-31,1,55.59
6624,3,40,2026-03-31,1,408.93
6625,3,19,2026-03-31,2,151.44
6626,3,10,2026-03-31,5,1598.3
6627,3,12,2026-03-31,4,1226.08
6628,3,26,2026-03-31,3,1494.24
6629,4,8,2026-03-31,5,1615.29
6630,4,31,2026-03-31,2,972.16
6631,4,7,2026-03-31,4,1415.04
6632,4,14,2026-03-31,1,113.71
6633,4,35,2026-03-31,2,953.96
6634,4,14,2026-03-31,3,341.13
6635,4,2,2026-03-31,4,222.36
6636,4,25,2026-03-31,4,1000.73
6637,4,5,2026-03-31,2,88.02
6638,4,20,2026-03-31,5,1358.95
6639,4,28,2026-03-31,2,684.9
6640,4,20,2026-03-31,4,1087.16
6641,4,12,2026-03-31,1,306.52
6642,4,24,2026-03-31,3,241.98
6643,5,19,2026-03-31,4,302.88
6644,5,4,2026-03-31,1,366.22
6645,5,26,2026-03-31,5,2490.4
6646,5,1,2026-03-31,2,285.1
6647,6,14,2026-03-31,3,341.13
6648,6,37,2026-03-31,3,1394.7
6649,6,14,2026-03-31,5,568.55
6650,6,2,2026-03-31,1,55.59
6651,6,34,2026-03-31,1,80.66
6652,6,13,2026-03-31,3,257.64
6653,6,22,2026-03-31,4,1994.72
6654,6,36,2026-03-31,1,301.48
6655,6,9,2026-03-31,4,1735.64
6656,6,11,2026-03-31,3,542.58
6657,7,31,2026-03-31,5,1944.32
6658,7,9,2026-03-31,3,1041.38
6659,7,2,2026-03-31,4,177.89
6660,7,32,2026-03-31,2,730.8
6661,7,35,2026-03-31,5,1907.92
6662,7,7,2026-03-31,4,1132.03
6663,7,16,2026-03-31,3,488.59
6664,7,35,2026-03-31,4,1526.34
6665,7,25,2026-03-31,2,400.29
6666,7,13,2026-03-31,1,68.7
6667,8,20,2026-03-31,4,1087.16
6668,8,37,2026-03-31,3,1394.7
6669,8,23,2026-03-31,2,100.0
6670,8,12,2026-03-31,1,306.52
6671,8,37,2026-03-31,4,1859.6
6672,8,24,2026-03-31,1,80.66
6673,8,16,2026-03-31,4,814.32
6674,8,4,2026-03-31,4,1464.88
6675,8,30,2026-03-31,5,1101.05
6676,8,27,2026-03-31,1,431.09
6677,8,12,2026-03-31,1,306.52
6678,8,19,2026-03-31,2,151.44
6679,8,8,2026-03-31,4,1292.23
6680,8,27,2026-03-31,4,1724.36
6681,8,10,2026-03-31,5,1598.3
6682,9,10,2026-03-31,2,639.32
6683,9,4,2026-03-31,1,366.22
6684,9,16,2026-03-31,3,610.74
6685,9,32,2026-03-31,2,913.5
6686,10,6,2026-03-31,2,709.28
6687,10,2,2026-03-31,5,222.36
6688,10,33,2026-03-31,4,1124.35
6689,10,11,2026-03-31,1,144.69
6690,10,8,2026-03-31,2,516.89
6691,10,35,2026-03-31,4,1526.34
6692,10,23,2026-03-31,4,160.0
6693,10,1,2026-03-31,3,342.12
6694,11,27,2026-03-31,5,2155.45
6695,11,34,2026-03-31,5,403.3
6696,11,25,2026-03-31,3,750.55
6697,11,38,2026-03-31,4,494.12
6698,11,29,2026-03-31,3,1156.38
6699,11,20,2026-03-31,4,1087.16
6700,11,40,2026-03-31,5,2044.65
6701,11,35,2026-03-31,4,1907.92
6702,11,39,2026-03-31,4,1894.96
6703,11,16,2026-03-31,5,1017.9
6704,11,14,2026-03-31,3,341.13
6705,11,17,2026-03-31,2,877.6
6706,11,22,2026-03-31,4,1994.72
6707,11,29,2026-03-31,1,385.46
6708,11,22,2026-03-31,1,498.68
6709,12,4,2026-03-31,4,1464.88
6710,12,14,2026-03-31,4,454.84
6711,12,28,2026-03-31,2,684.9
6712,12,34,2026-03-31,2,161.32
6713,12,19,2026-03-31,1,75.72
6714,12,32,2026-03-31,1,456.75
6715,12,35,2026-03-31,1,476.98
6716,1,27,2026-04-01,4,1724.36
6717,1,38,2026-04-01,1,123.53
6718,1,28,2026-04-01,2,684.9
6719,1,22,2026-04-01,4,1994.72
6720,2,4,2026-04-01,3,1098.66
6721,2,21,2026-04-01,2,898.84
6722,2,35,2026-04-01,3,1430.94
6723,2,36,2026-04-01,5,1507.4
6724,2,2,2026-04-01,5,277.95
6725,2,31,2026-04-01,1,486.08
6726,2,30,2026-04-01,1,220.21
6727,2,40,2026-04-01,5,2044.65
6728,2,18,2026-04-01,4,803.36
6729,2,16,2026-04-01,4,814.32
6730,2,32,2026-04-01,2,913.5
6731,2,14,2026-04-01,3,341.13
6732,3,30,2026-04-01,4,880.84
6733,3,39,2026-04-01,4,1894.96
6734,3,14,2026-04-01,5,568.55
6735,3,10,2026-04-01,3,958.98
6736,3,16,2026-04-01,5,1017.9
6737,3,34,2026-04-01,3,241.98
6738,3,11,2026-04-01,5,904.3
6739,3,2,2026-04-01,5,277.95
6740,3,25,2026-04-01,1,249.35
6741,3,26,2026-04-01,1,498.08
6742,3,36,2026-04-01,4,1205.92
6743,3,9,2026-04-01,1,433.91
6744,3,25,2026-04-01,4,997.4
6745,4,6,2026-04-01,3,1329.9
6746,4,5,2026-04-01,4,176.04
6747,4,8,2026-04-01,4,1287.93
6748,4,32,2026-04-01,4,1827.0
6749,4,27,2026-04-01,1,431.09
6750,4,5,2026-04-01,1,44.01
6751,4,27,2026-04-01,2,862.18
6752,4,27,2026-04-01,5,2155.45
6753,4,7,2026-04-01,3,1061.28
6754,4,26,2026-04-01,2,996.16
6755,5,18,2026-04-01,4,803.36
6756,5,38,2026-04-01,2,247.06
6757,5,20,2026-04-01,3,815.37
6758,5,28,2026-04-01,4,1369.8
6759,5,38,2026-04-01,4,494.12
6760,5,9,2026-04-01,1,433.91
6761,5,34,2026-04-01,5,403.3
6762,5,2,2026-04-01,4,222.36
6763,5,36,2026-04-01,5,1507.4
6764,5,37,2026-04-01,5,2324.5
6765,6,8,2026-04-01,4,1287.93
6766,6,39,2026-04-01,4,1894.96
6767,6,25,2026-04-01,5,1246.75
6768,6,17,2026-04-01,2,877.6
6769,6,30,2026-04-01,5,1101.05
6770,6,12,2026-04-01,1,306.52
6771,6,14,2026-04-01,4,454.84
6772,6,26,2026-04-01,3,1494.24
6773,6,36,2026-04-01,4,1205.92
6774,6,9,2026-04-01,5,2169.55
6775,6,20,2026-04-01,4,1087.16
6776,6,28,2026-04-01,5,1712.25
6777,7,26,2026-04-01,3,1190.41
6778,7,18,2026-04-01,3,480.01
6779,7,23,2026-04-01,3,119.5
6780,7,21,2026-04-01,1,358.04
6781,7,12,2026-04-01,1,244.19
6782,7,7,2026-04-01,5,1409.14
6783,7,9,2026-04-01,1,345.68
6784,7,35,2026-04-01,2,759.99
6785,7,14,2026-04-01,3,271.77
6786,7,25,2026-04-01,3,595.95
6787,7,25,2026-04-01,5,993.24
6788,7,4,2026-04-01,1,291.76
6789,7,24,2026-04-01,3,192.78
6790,8,2,2026-04-01,1,55.59
6791,8,20,2026-04-01,4,1087.16
6792,8,10,2026-04-01,3,958.98
6793,8,29,2026-04-01,3,1156.38
6794,8,28,2026-04-01,4,1369.8
6795,8,16,2026-04-01,3,610.74
6796,8,30,2026-04-01,1,220.21
6797,8,40,2026-04-01,2,817.86
6798,8,8,2026-04-01,2,643.96
6799,9,21,2026-04-01,3,1348.26
6800,9,10,2026-04-01,5,1598.3
6801,9,25,2026-04-01,1,249.35
6802,9,18,2026-04-01,1,200.84
6803,9,17,2026-04-01,3,1316.4
6804,9,5,2026-04-01,1,44.01
6805,10,19,2026-04-01,2,120.65
6806,10,17,2026-04-01,1,349.58
6807,10,26,2026-04-01,5,1984.02
6808,10,2,2026-04-01,3,132.86
6809,10,18,2026-04-01,1,160.0
6810,10,5,2026-04-01,4,140.25
6811,10,8,2026-04-01,4,1026.05
6812,10,38,2026-04-01,5,492.06
6813,11,12,2026-04-01,4,1226.08
6814,11,6,2026-04-01,3,1329.9
6815,11,33,2026-04-01,1,350.19
6816,11,24,2026-04-01,4,322.64
6817,11,38,2026-04-01,5,617.65
6818,11,8,2026-04-01,1,321.98
6819,11,23,2026-04-01,3,150.0
6820,11,19,2026-04-01,4,302.88
6821,11,35,2026-04-01,5,2384.9
6822,11,40,2026-04-01,4,1635.72
6823,11,24,2026-04-01,3,241.98
6824,12,10,2026-04-01,1,319.66
6825,12,25,2026-04-01,4,997.4
6826,12,17,2026-04-01,1,438.8
6827,12,28,2026-04-01,2,684.9
6828,12,7,2026-04-01,3,1061.28
6829,12,2,2026-04-01,4,222.36
6830,12,16,2026-04-01,5,1017.9
6831,12,25,2026-04-01,3,748.05
6832,12,7,2026-04-01,2,707.52
6833,12,34,2026-04-01,5,403.3
6834,12,3,2026-04-01,3,1273.53
6835,12,31,2026-04-01,3,1458.24
6836,1,28,2026-04-02,2,684.9
6837,1,28,2026-04-02,4,1369.8
6838,1,8,2026-04-02,1,320.9
6839,1,27,2026-04-02,5,2155.45
6840,1,17,2026-04-02,2,877.6
6841,1,3,2026-04-02,3,1273.53
6842,1,7,2026-04-02,3,1061.28
6843,1,7,2026-04-02,1,353.76
6844,1,16,2026-04-02,3,610.74
6845,2,28,2026-04-02,4,1369.8
6846,2,1,2026-04-02,2,285.1
6847,2,22,2026-04-02,5,2493.4
6848,2,35,2026-04-02,1,476.98
6849,2,24,2026-04-02,5,403.3
6850,2,38,2026-04-02,1,123.53
6851,2,34,2026-04-02,5,403.3
6852,2,31,2026-04-02,3,1458.24
6853,2,23,2026-04-02,3,150.0
6854,2,20,2026-04-02,1,271.79
6855,2,6,2026-04-02,5,2216.5
6856,2,38,2026-04-02,5,617.65
6857,3,17,2026-04-02,4,1755.2
6858,3,2,2026-04-02,2,111.18
6859,3,29,2026-04-02,3,1156.38
6860,3,22,2026-04-02,1,498.68
6861,3,2,2026-04-02,3,166.77
6862,3,40,2026-04-02,5,2044.65
6863,3,2,2026-04-02,3,166.77
6864,3,30,2026-04-02,4,880.84
6865,3,23,2026-04-02,5,250.0
6866,3,14,2026-04-02,3,341.13
6867,4,28,2026-04-02,4,1369.8
6868,4,13,2026-04-02,4,343.52
6869,4,32,2026-04-02,3,1370.25
6870,4,33,2026-04-02,5,1745.08
6871,4,33,2026-04-02,5,1745.08
6872,4,37,2026-04-02,4,1859.6
6873,5,14,2026-04-02,5,568.55
6874,5,12,2026-04-02,2,613.04
6875,5,26,2026-04-02,1,498.08
6876,5,4,2026-04-02,5,1831.1
6877,5,12,2026-04-02,2,613.04
6878,5,22,2026-04-02,5,2493.4
6879,5,6,2026-04-02,4,1773.2
6880,5,35,2026-04-02,2,953.96
6881,5,27,2026-04-02,4,1724.36
6882,5,14,2026-04-02,3,341.13
6883,5,16,2026-04-02,5,1017.9
6884,5,29,2026-04-02,5,1927.3
6885,5,1,2026-04-02,4,570.2
6886,6,28,2026-04-02,1,342.45
6887,6,27,2026-04-02,5,2155.45
6888,6,36,2026-04-02,2,602.96
6889,6,34,2026-04-02,3,241.98
6890,6,2,2026-04-02,4,222.36
6891,6,16,2026-04-02,2,407.16
6892,6,37,2026-04-02,2,929.8
6893,6,11,2026-04-02,2,361.72
6894,6,5,2026-04-02,3,132.03
6895,6,37,2026-04-02,4,1859.6
6896,6,37,2026-04-02,4,1859.6
6897,6,10,2026-04-02,3,958.98
6898,7,12,2026-04-02,2,486.35
6899,7,4,2026-04-02,4,1162.14
6900,7,7,2026-04-02,3,841.95
6901,7,32,2026-04-02,3,1087.06
6902,8,40,2026-04-02,2,817.86
6903,8,7,2026-04-02,3,1061.28
6904,8,14,2026-04-02,5,568.55
6905,8,17,2026-04-02,2,877.6
6906,8,4,2026-04-02,4,1464.88
6907,8,12,2026-04-02,2,613.04
6908,8,9,2026-04-02,1,433.91
6909,8,31,2026-04-02,2,972.16
6910,8,13,2026-04-02,2,171.76
6911,8,9,2026-04-02,1,433.91
6912,8,32,2026-04-02,2,913.5
6913,8,16,2026-04-02,3,610.74
6914,8,32,2026-04-02,4,1827.0
6915,9,37,2026-04-02,5,2324.5
6916,9,20,2026-04-02,4,1087.16
6917,9,23,2026-04-02,4,200.0
6918,9,4,2026-04-02,1,366.22
6919,9,36,2026-04-02,2,602.96
6920,9,37,2026-04-02,2,929.8
6921,9,22,2026-04-02,3,1496.04
6922,9,11,2026-04-02,2,361.72
6923,9,14,2026-04-02,1,113.71
6924,9,4,2026-04-02,3,1098.66
6925,10,22,2026-04-02,3,1186.86
6926,10,31,2026-04-02,5,1928.12
6927,10,20,2026-04-02,2,431.24
6928,10,14,2026-04-02,1,90.21
6929,10,19,2026-04-02,4,240.28
6930,10,4,2026-04-02,1,290.53
6931,10,37,2026-04-02,1,368.82
6932,10,19,2026-04-02,1,60.07
6933,10,32,2026-04-02,3,1087.06
6934,10,11,2026-04-02,5,717.41
6935,10,7,2026-04-02,3,841.95
6936,10,21,2026-04-02,1,356.54
6937,10,24,2026-04-02,4,255.96
6938,10,33,2026-04-02,3,830.66
6939,10,32,2026-04-02,1,362.36
6940,11,20,2026-04-02,2,543.58
6941,11,19,2026-04-02,2,151.44
6942,11,16,2026-04-02,1,203.58
6943,11,7,2026-04-02,5,1768.8
6944,11,33,2026-04-02,5,1745.08
6945,11,22,2026-04-02,1,498.68
6946,11,13,2026-04-02,5,429.4
6947,11,5,2026-04-02,5,220.05
6948,11,22,2026-04-02,5,2493.4
6949,12,13,2026-04-02,4,343.52
6950,12,39,2026-04-02,1,473.74
6951,12,40,2026-04-02,2,817.86
6952,12,38,2026-04-02,5,617.65
6953,12,26,2026-04-02,1,498.08
6954,12,13,2026-04-02,3,257.64
6955,12,33,2026-04-02,3,1047.05
6956,1,26,2026-04-03,4,1992.32
6957,1,3,2026-04-03,2,849.02
6958,1,30,2026-04-03,4,880.84
6959,1,38,2026-04-03,2,247.06
6960,1,40,2026-04-03,2,817.86
6961,1,2,2026-04-03,1,55.59
6962,1,16,2026-04-03,2,407.16
6963,1,26,2026-04-03,2,996.16
6964,1,26,2026-04-03,3,1494.24
6965,1,20,2026-04-03,4,1087.16
6966,1,8,2026-04-03,4,1279.31
6967,1,3,2026-04-03,3,1273.53
6968,2,17,2026-04-03,1,438.8
6969,2,13,2026-04-03,4,343.52
6970,2,11,2026-04-03,5,904.3
6971,2,36,2026-04-03,3,904.44
6972,2,9,2026-04-03,1,433.91
6973,2,8,2026-04-03,3,959.48
6974,2,10,2026-04-03,5,1598.3
6975,2,32,2026-04-03,4,1827.0
6976,2,37,2026-04-03,4,1859.6
6977,2,10,2026-04-03,2,639.32
6978,2,8,2026-04-03,3,959.48
6979,2,36,2026-04-03,2,602.96
6980,3,40,2026-04-03,4,1635.72
6981,3,5,2026-04-03,3,132.03
6982,3,32,2026-04-03,3,1370.25
6983,3,21,2026-04-03,1,449.42
6984,3,13,2026-04-03,5,429.4
6985,3,12,2026-04-03,1,306.52
6986,3,3,2026-04-03,1,424.51
6987,3,20,2026-04-03,2,543.58
6988,4,32,2026-04-03,5,2283.75
6989,4,4,2026-04-03,4,1464.88
6990,4,19,2026-04-03,3,227.16
6991,4,28,2026-04-03,3,1027.35
6992,4,33,2026-04-03,1,347.84
6993,4,31,2026-04-03,5,2430.4
6994,4,6,2026-04-03,2,886.6
6995,5,32,2026-04-03,4,1827.0
6996,5,23,2026-04-03,1,50.0
6997,5,8,2026-04-03,4,1279.31
6998,5,3,2026-04-03,3,1273.53
6999,5,22,2026-04-03,3,1496.04
7000,5,19,2026-04-03,1,75.72
7001,5,4,2026-04-03,2,732.44
7002,5,36,2026-04-03,3,904.44
7003,5,27,2026-04-03,2,862.18
7004,5,19,2026-04-03,2,151.44
7005,6,32,2026-04-03,3,1370.25
7006,6,23,2026-04-03,4,200.0
7007,6,1,2026-04-03,1,142.55
7008,6,23,2026-04-03,3,150.0
7009,6,31,2026-04-03,1,486.08
7010,6,30,2026-04-03,4,880.84
7011,6,9,2026-04-03,4,1735.64
7012,6,4,2026-04-03,4,1464.88
7013,6,2,2026-04-03,3,166.77
7014,6,38,2026-04-03,4,494.12
7015,7,34,2026-04-03,2,127.44
7016,7,40,2026-04-03,3,969.16
7017,7,29,2026-04-03,5,1522.57
7018,7,37,2026-04-03,1,367.27
7019,8,19,2026-04-03,4,302.88
7020,8,27,2026-04-03,5,2155.45
7021,8,32,2026-04-03,5,2283.75
7022,8,16,2026-04-03,3,610.74
7023,8,9,2026-04-03,4,1735.64
7024,8,18,2026-04-03,1,200.84
7025,8,25,2026-04-03,1,247.68
7026,8,39,2026-04-03,2,947.48
7027,9,11,2026-04-03,4,723.44
7028,9,1,2026-04-03,2,285.1
7029,9,15,2026-04-03,1,118.38
7030,9,29,2026-04-03,4,1541.84
7031,9,26,2026-04-03,2,996.16
7032,9,2,2026-04-03,3,166.77
7033,9,24,2026-04-03,3,241.98
7034,9,39,2026-04-03,5,2368.7
7035,9,32,2026-04-03,1,456.75
7036,9,29,2026-04-03,1,385.46
7037,9,20,2026-04-03,2,543.58
7038,9,39,2026-04-03,2,947.48
7039,9,8,2026-04-03,5,1599.14
7040,10,5,2026-04-03,2,69.54
7041,10,31,2026-04-03,5,1920.02
7042,10,7,2026-04-03,4,1117.88
7043,10,20,2026-04-03,3,644.14
7044,10,9,2026-04-03,4,1371.16
7045,10,5,2026-04-03,4,139.07
7046,10,26,2026-04-03,2,786.97
7047,10,28,2026-04-03,3,811.61
7048,10,38,2026-04-03,2,195.18
7049,10,38,2026-04-03,5,487.94
7050,10,10,2026-04-03,3,757.59
7051,10,2,2026-04-03,3,131.75
7052,10,10,2026-04-03,2,505.06
7053,10,11,2026-04-03,1,142.88
7054,11,34,2026-04-03,3,241.98
7055,11,36,2026-04-03,2,602.96
7056,11,17,2026-04-03,4,1755.2
7057,11,22,2026-04-03,4,1994.72
7058,11,24,2026-04-03,5,403.3
7059,11,26,2026-04-03,2,996.16
7060,11,14,2026-04-03,1,113.71
7061,11,21,2026-04-03,1,449.42
7062,11,29,2026-04-03,5,1927.3
7063,12,28,2026-04-03,5,1712.25
7064,12,11,2026-04-03,2,361.72
7065,12,21,2026-04-03,1,449.42
7066,12,24,2026-04-03,4,322.64
7067,12,12,2026-04-03,2,613.04
7068,12,11,2026-04-03,3,542.58
7069,12,2,2026-04-03,2,111.18
7070,12,18,2026-04-03,1,200.84
7071,12,35,2026-04-03,4,1907.92
7072,12,6,2026-04-03,5,2216.5
7073,12,23,2026-04-03,4,200.0
7074,12,18,2026-04-03,5,1004.2
7075,12,31,2026-04-03,3,1458.24
7076,1,26,2026-04-04,1,498.08
7077,1,13,2026-04-04,3,257.64
7078,1,21,2026-04-04,2,898.84
7079,1,23,2026-04-04,5,250.0
7080,1,20,2026-04-04,1,271.79
7081,2,12,2026-04-04,5,1532.6
7082,2,1,2026-04-04,4,570.2
7083,2,14,2026-04-04,4,454.84
7084,3,7,2026-04-04,4,1415.04
7085,3,3,2026-04-04,1,424.51
7086,3,1,2026-04-04,2,285.1
7087,3,28,2026-04-04,2,684.9
7088,3,33,2026-04-04,2,693.35
7089,3,12,2026-04-04,3,919.56
7090,3,21,2026-04-04,3,1348.26
7091,3,24,2026-04-04,4,322.64
7092,3,10,2026-04-04,4,1278.64
7093,3,33,2026-04-04,2,693.35
7094,3,2,2026-04-04,4,222.36
7095,3,39,2026-04-04,2,947.48
7096,3,10,2026-04-04,5,1598.3
7097,4,34,2026-04-04,3,241.98
7098,4,3,2026-04-04,2,849.02
7099,4,18,2026-04-04,4,803.36
7100,4,6,2026-04-04,2,886.6
7101,4,24,2026-04-04,4,322.64
7102,4,16,2026-04-04,2,407.16
7103,5,36,2026-04-04,3,904.44
7104,5,25,2026-04-04,3,740.54
7105,5,5,2026-04-04,2,88.02
7106,6,37,2026-04-04,4,1859.6
7107,6,24,2026-04-04,2,161.32
7108,6,19,2026-04-04,3,227.16
7109,6,34,2026-04-04,5,403.3
7110,6,10,2026-04-04,4,1278.64
7111,6,20,2026-04-04,1,271.79
7112,6,8,2026-04-04,1,318.75
7113,6,27,2026-04-04,4,1724.36
7114,6,37,2026-04-04,2,929.8
7115,6,11,2026-04-04,3,542.58
7116,6,7,2026-04-04,4,1415.04
7117,6,36,2026-04-04,2,602.96
7118,7,3,2026-04-04,4,1335.79
7119,7,22,2026-04-04,4,1569.18
7120,7,7,2026-04-04,5,1391.46
7121,7,22,2026-04-04,3,1176.88
7122,7,29,2026-04-04,1,303.23
7123,7,9,2026-04-04,1,341.34
7124,7,8,2026-04-04,5,1253.75
7125,7,25,2026-04-04,1,194.19
7126,7,19,2026-04-04,1,59.57
7127,7,19,2026-04-04,3,178.7
7128,7,23,2026-04-04,2,78.67
7129,7,30,2026-04-04,4,692.93
7130,7,28,2026-04-04,3,808.18
7131,7,33,2026-04-04,5,1363.58
7132,8,6,2026-04-04,5,2216.5
7133,8,28,2026-04-04,1,342.45
7134,8,24,2026-04-04,1,80.66
7135,8,25,2026-04-04,3,740.54
7136,8,31,2026-04-04,5,2430.4
7137,8,28,2026-04-04,5,1712.25
7138,8,32,2026-04-04,4,1827.0
7139,8,6,2026-04-04,3,1329.9
7140,8,22,2026-04-04,4,1994.72
7141,8,20,2026-04-04,3,815.37
7142,8,16,2026-04-04,2,407.16
7143,8,4,2026-04-04,5,1831.1
7144,8,23,2026-04-04,1,50.0
7145,9,28,2026-04-04,2,684.9
7146,9,10,2026-04-04,3,958.98
7147,9,37,2026-04-04,2,929.8
7148,9,3,2026-04-04,5,2122.55
7149,9,29,2026-04-04,4,1541.84
7150,9,9,2026-04-04,3,1301.73
7151,9,40,2026-04-04,4,1635.72
7152,9,27,2026-04-04,2,862.18
7153,9,38,2026-04-04,1,123.53
7154,9,2,2026-04-04,3,166.77
7155,9,19,2026-04-04,5,378.6
7156,9,26,2026-04-04,4,1992.32
7157,10,13,2026-04-04,3,202.68
7158,10,21,2026-04-04,1,353.54
7159,10,22,2026-04-04,3,1176.88
7160,10,1,2026-04-04,1,112.14
7161,10,5,2026-04-04,2,69.24
7162,11,27,2026-04-04,3,1293.27
7163,11,3,2026-04-04,3,1273.53
7164,11,18,2026-04-04,4,803.36
7165,11,29,2026-04-04,3,1156.38
7166,11,29,2026-04-04,3,1156.38
7167,11,14,2026-04-04,5,568.55
7168,11,34,2026-04-04,3,241.98
7169,11,25,2026-04-04,5,1234.24
7170,11,12,2026-04-04,3,919.56
7171,11,1,2026-04-04,4,570.2
7172,12,37,2026-04-04,3,1394.7
7173,12,30,2026-04-04,4,880.84
7174,12,35,2026-04-04,2,953.96
7175,12,28,2026-04-04,5,1712.25
7176,12,39,2026-04-04,4,1894.96
7177,1,1,2026-04-05,2,285.1
7178,1,24,2026-04-05,2,161.32
7179,1,33,2026-04-05,1,345.5
7180,2,33,2026-04-05,2,691.0
7181,2,38,2026-04-05,1,123.53
7182,2,31,2026-04-05,4,1944.32
7183,2,25,2026-04-05,3,738.04
7184,2,17,2026-04-05,2,877.6
7185,2,23,2026-04-05,4,200.0
7186,3,17,2026-04-05,1,438.8
7187,3,13,2026-04-05,4,343.52
7188,3,27,2026-04-05,1,431.09
7189,3,13,2026-04-05,4,343.52
7190,3,11,2026-04-05,3,542.58
7191,3,20,2026-04-05,5,1358.95
7192,3,14,2026-04-05,4,454.84
7193,3,6,2026-04-05,4,1773.2
7194,3,21,2026-04-05,4,1797.68
7195,4,28,2026-04-05,2,684.9
7196,4,15,2026-04-05,1,118.38
7197,4,3,2026-04-05,3,1273.53
7198,4,33,2026-04-05,1,345.5
7199,5,4,2026-04-05,3,1098.66
7200,5,15,2026-04-05,2,236.76
7201,5,7,2026-04-05,2,707.52
7202,5,39,2026-04-05,5,2368.7
7203,5,32,2026-04-05,3,1370.25
7204,5,7,2026-04-05,5,1768.8
7205,6,4,2026-04-05,5,1831.1
7206,6,32,2026-04-05,2,913.5
7207,6,16,2026-04-05,5,1017.9
7208,6,25,2026-04-05,1,246.01
7209,6,6,2026-04-05,5,2216.5
7210,6,1,2026-04-05,5,712.75
7211,6,6,2026-04-05,2,886.6
7212,6,25,2026-04-05,4,984.05
7213,6,25,2026-04-05,1,246.01
7214,6,36,2026-04-05,2,602.96
7215,6,17,2026-04-05,4,1755.2
7216,6,6,2026-04-05,1,443.3
7217,6,10,2026-04-05,3,958.98
7218,7,31,2026-04-05,3,1142.29
7219,7,37,2026-04-05,1,364.17
7220,7,37,2026-04-05,4,1456.69
7221,8,5,2026-04-05,5,220.05
7222,8,9,2026-04-05,1,433.91
7223,8,22,2026-04-05,3,1496.04
7224,8,6,2026-04-05,2,886.6
7225,8,21,2026-04-05,1,449.42
7226,8,23,2026-04-05,1,50.0
7227,8,19,2026-04-05,4,302.88
7228,8,7,2026-04-05,4,1415.04
7229,9,8,2026-04-05,3,953.02
7230,9,32,2026-04-05,5,2283.75
7231,9,28,2026-04-05,1,342.45
7232,9,22,2026-04-05,3,1496.04
7233,9,37,2026-04-05,1,464.9
7234,9,27,2026-04-05,5,2155.45
7235,9,19,2026-04-05,4,302.88
7236,9,29,2026-04-05,3,1156.38
7237,9,2,2026-04-05,5,277.95
7238,9,28,2026-04-05,2,684.9
7239,10,31,2026-04-05,1,380.76
7240,10,28,2026-04-05,3,804.76
7241,10,33,2026-04-05,3,811.93
7242,10,31,2026-04-05,1,380.76
7243,10,17,2026-04-05,1,343.73
7244,10,26,2026-04-05,5,1950.81
7245,11,7,2026-04-05,4,1415.04
7246,11,28,2026-04-05,1,342.45
7247,11,20,2026-04-05,4,1087.16
7248,11,18,2026-04-05,3,602.52
7249,11,26,2026-04-05,2,996.16
7250,11,9,2026-04-05,2,867.82
7251,11,36,2026-04-05,4,1205.92
7252,11,26,2026-04-05,1,498.08
7253,11,5,2026-04-05,1,44.01
7254,11,39,2026-04-05,2,947.48
7255,11,38,2026-04-05,2,247.06
7256,11,18,2026-04-05,4,803.36
7257,12,32,2026-04-05,4,1827.0
7258,12,6,2026-04-05,3,1329.9
7259,12,39,2026-04-05,2,947.48
7260,12,24,2026-04-05,1,80.66
7261,12,33,2026-04-05,3,1036.51
7262,12,2,2026-04-05,4,222.36
7263,12,20,2026-04-05,4,1087.16
7264,12,31,2026-04-05,3,1458.24
7265,12,10,2026-04-05,5,1598.3
7266,12,9,2026-04-05,2,867.82
7267,12,21,2026-04-05,3,1348.26
7268,12,20,2026-04-05,1,271.79
7269,12,19,2026-04-05,3,227.16
7270,12,26,2026-04-05,5,2490.4
7271,12,39,2026-04-05,2,947.48
7272,1,33,2026-04-06,4,1377.32
7273,1,10,2026-04-06,4,1278.64
7274,1,21,2026-04-06,4,1797.68
7275,1,25,2026-04-06,3,735.54
7276,1,3,2026-04-06,5,2122.55
7277,1,33,2026-04-06,5,1721.66
7278,1,8,2026-04-06,4,1266.39
7279,1,35,2026-04-06,1,476.98
7280,1,13,2026-04-06,4,343.52
7281,1,14,2026-04-06,3,341.13
7282,2,33,2026-04-06,2,688.66
7283,2,36,2026-04-06,4,1205.92
7284,2,33,2026-04-06,4,1377.32
7285,2,16,2026-04-06,1,203.58
7286,2,9,2026-04-06,1,433.91
7287,2,36,2026-04-06,5,1507.4
7288,2,4,2026-04-06,3,1098.66
7289,2,29,2026-04-06,4,1541.84
7290,2,12,2026-04-06,2,613.04
7291,2,35,2026-04-06,2,953.96
7292,2,15,2026-04-06,4,473.52
7293,2,35,2026-04-06,5,2384.9
7294,3,34,2026-04-06,5,403.3
7295,3,28,2026-04-06,1,342.45
7296,3,27,2026-04-06,3,1293.27
7297,3,1,2026-04-06,4,570.2
7298,3,36,2026-04-06,4,1205.92
7299,3,19,2026-04-06,1,75.72
7300,3,22,2026-04-06,4,1994.72
7301,3,14,2026-04-06,3,341.13
7302,3,23,2026-04-06,2,100.0
7303,3,8,2026-04-06,2,633.19
7304,3,3,2026-04-06,3,1273.53
7305,3,10,2026-04-06,2,639.32
7306,3,18,2026-04-06,5,1004.2
7307,4,40,2026-04-06,3,1226.79
7308,4,34,2026-04-06,5,403.3
7309,4,17,2026-04-06,1,438.8
7310,4,18,2026-04-06,5,1004.2
7311,4,30,2026-04-06,1,220.21
7312,4,8,2026-04-06,1,316.6
7313,4,31,2026-04-06,5,2430.4
7314,4,28,2026-04-06,1,342.45
7315,4,39,2026-04-06,5,2368.7
7316,5,30,2026-04-06,4,880.84
7317,5,37,2026-04-06,1,464.9
7318,5,8,2026-04-06,4,1266.39
7319,5,39,2026-04-06,5,2368.7
7320,5,26,2026-04-06,3,1494.24
7321,5,29,2026-04-06,3,1156.38
7322,5,40,2026-04-06,3,1226.79
7323,5,16,2026-04-06,5,1017.9
7324,5,5,2026-04-06,1,44.01
7325,6,9,2026-04-06,5,2169.55
7326,6,18,2026-04-06,1,200.84
7327,6,28,2026-04-06,1,342.45
7328,6,27,2026-04-06,4,1724.36
7329,6,11,2026-04-06,2,361.72
7330,6,7,2026-04-06,2,707.52
7331,6,39,2026-04-06,4,1894.96
7332,6,37,2026-04-06,1,464.9
7333,6,11,2026-04-06,1,180.86
7334,6,21,2026-04-06,4,1797.68
7335,6,36,2026-04-06,3,904.44
7336,6,32,2026-04-06,3,1370.25
7337,6,35,2026-04-06,5,2384.9
7338,6,19,2026-04-06,4,302.88
7339,6,38,2026-04-06,4,494.12
7340,7,37,2026-04-06,3,1087.87
7341,7,38,2026-04-06,3,289.06
7342,7,10,2026-04-06,2,498.67
7343,7,9,2026-04-06,2,676.9
7344,7,18,2026-04-06,2,313.31
7345,7,18,2026-04-06,1,156.66
7346,7,28,2026-04-06,5,1335.56
7347,7,27,2026-04-06,3,1008.75
7348,7,16,2026-04-06,1,158.79
7349,7,10,2026-04-06,4,997.34
7350,7,2,2026-04-06,5,216.8
7351,7,6,2026-04-06,1,345.77
7352,8,31,2026-04-06,4,1944.32
7353,8,29,2026-04-06,1,385.46
7354,8,24,2026-04-06,1,80.66
7355,9,2,2026-04-06,4,222.36
7356,9,39,2026-04-06,4,1894.96
7357,9,21,2026-04-06,4,1797.68
7358,9,3,2026-04-06,5,2122.55
7359,9,16,2026-04-06,4,814.32
7360,10,40,2026-04-06,5,1594.83
7361,10,2,2026-04-06,5,216.8
7362,10,10,2026-04-06,3,748.0
7363,10,34,2026-04-06,4,251.66
7364,10,15,2026-04-06,3,277.01
7365,10,40,2026-04-06,1,318.97
7366,10,38,2026-04-06,2,192.71
7367,11,30,2026-04-06,1,220.21
7368,11,18,2026-04-06,2,401.68
7369,11,16,2026-04-06,1,203.58
7370,11,17,2026-04-06,1,438.8
7371,11,31,2026-04-06,2,972.16
7372,12,4,2026-04-06,2,732.44
7373,12,11,2026-04-06,4,723.44
7374,12,5,2026-04-06,2,88.02
7375,1,17,2026-04-07,2,877.6
7376,1,32,2026-04-07,4,1827.0
7377,1,5,2026-04-07,5,220.05
7378,1,29,2026-04-07,2,770.92
7379,1,30,2026-04-07,1,220.21
7380,1,26,2026-04-07,3,1494.24
7381,1,24,2026-04-07,4,322.64
7382,1,19,2026-04-07,2,151.44
7383,1,40,2026-04-07,4,1635.72
7384,1,40,2026-04-07,4,1635.72
7385,1,18,2026-04-07,1,200.84
7386,1,35,2026-04-07,1,476.98
7387,1,21,2026-04-07,2,898.84
7388,2,34,2026-04-07,4,322.64
7389,2,10,2026-04-07,4,1278.64
7390,2,15,2026-04-07,4,473.52
7391,2,5,2026-04-07,1,44.01
7392,2,14,2026-04-07,4,454.84
7393,3,39,2026-04-07,2,947.48
7394,3,35,2026-04-07,2,953.96
7395,3,1,2026-04-07,3,427.65
7396,3,12,2026-04-07,5,1532.6
7397,3,27,2026-04-07,4,1724.36
7398,3,9,2026-04-07,1,433.91
7399,3,2,2026-04-07,3,166.77
7400,3,27,2026-04-07,1,431.09
7401,3,38,2026-04-07,1,123.53
7402,3,5,2026-04-07,4,176.04
7403,3,36,2026-04-07,4,1205.92
7404,3,14,2026-04-07,4,454.84
7405,4,39,2026-04-07,5,2368.7
7406,4,4,2026-04-07,5,1831.1
7407,4,2,2026-04-07,5,277.95
7408,4,8,2026-04-07,3,946.56
7409,4,14,2026-04-07,1,113.71
7410,4,40,2026-04-07,4,1635.72
7411,4,4,2026-04-07,4,1464.88
7412,4,39,2026-04-07,4,1894.96
7413,4,15,2026-04-07,5,591.9
7414,4,39,2026-04-07,5,2368.7
7415,4,25,2026-04-07,5,1221.73
7416,4,40,2026-04-07,4,1635.72
7417,4,30,2026-04-07,2,440.42
7418,4,4,2026-04-07,1,366.22
7419,5,40,2026-04-07,1,408.93
7420,5,3,2026-04-07,4,1698.04
7421,5,39,2026-04-07,5,2368.7
7422,5,18,2026-04-07,3,602.52
7423,5,4,2026-04-07,5,1831.1
7424,5,40,2026-04-07,1,408.93
7425,5,34,2026-04-07,3,241.98
7426,5,36,2026-04-07,4,1205.92
7427,5,26,2026-04-07,4,1992.32
7428,5,36,2026-04-07,1,301.48
7429,5,7,2026-04-07,4,1415.04
7430,6,25,2026-04-07,3,733.04
7431,6,14,2026-04-07,4,454.84
7432,6,26,2026-04-07,4,1992.32
7433,6,32,2026-04-07,1,456.75
7434,6,1,2026-04-07,2,285.1
7435,6,3,2026-04-07,3,1273.53
7436,6,37,2026-04-07,2,929.8
7437,6,23,2026-04-07,4,200.0
7438,6,5,2026-04-07,3,132.03
7439,6,3,2026-04-07,4,1698.04
7440,6,11,2026-04-07,2,361.72
7441,6,4,2026-04-07,5,1831.1
7442,7,18,2026-04-07,5,779.93
7443,7,37,2026-04-07,3,1083.22
7444,7,38,2026-04-07,5,479.71
7445,7,40,2026-04-07,4,1270.41
7446,7,32,2026-04-07,2,709.48
7447,7,3,2026-04-07,3,989.11
7448,8,13,2026-04-07,4,343.52
7449,8,3,2026-04-07,4,1698.04
7450,8,7,2026-04-07,3,1061.28
7451,8,6,2026-04-07,4,1773.2
7452,8,11,2026-04-07,2,361.72
7453,8,8,2026-04-07,5,1577.6
7454,8,13,2026-04-07,2,171.76
7455,8,6,2026-04-07,3,1329.9
7456,8,26,2026-04-07,1,498.08
7457,8,16,2026-04-07,4,814.32
7458,8,28,2026-04-07,2,684.9
7459,8,9,2026-04-07,2,867.82
7460,8,34,2026-04-07,2,161.32
7461,8,23,2026-04-07,2,100.0
7462,9,14,2026-04-07,4,454.84
7463,9,30,2026-04-07,1,220.21
7464,9,26,2026-04-07,4,1992.32
7465,9,30,2026-04-07,4,880.84
7466,9,10,2026-04-07,3,958.98
7467,9,18,2026-04-07,2,401.68
7468,9,14,2026-04-07,2,227.42
7469,9,22,2026-04-07,5,2493.4
7470,9,26,2026-04-07,1,498.08
7471,9,21,2026-04-07,1,449.42
7472,9,23,2026-04-07,3,150.0
7473,9,6,2026-04-07,3,1329.9
7474,10,32,2026-04-07,2,709.48
7475,10,23,2026-04-07,2,77.67
7476,10,4,2026-04-07,5,1422.15
7477,10,33,2026-04-07,1,266.52
7478,10,25,2026-04-07,1,189.78
7479,10,37,2026-04-07,3,1083.22
7480,10,36,2026-04-07,4,936.6
7481,10,18,2026-04-07,1,155.99
7482,11,2,2026-04-07,2,111.18
7483,11,18,2026-04-07,1,200.84
7484,11,13,2026-04-07,5,429.4
7485,11,14,2026-04-07,2,227.42
7486,11,22,2026-04-07,4,1994.72
7487,11,6,2026-04-07,3,1329.9
7488,11,3,2026-04-07,3,1273.53
7489,11,14,2026-04-07,3,341.13
7490,11,29,2026-04-07,1,385.46
7491,11,22,2026-04-07,5,2493.4
7492,11,25,2026-04-07,3,733.04
7493,11,12,2026-04-07,2,613.04
7494,12,7,2026-04-07,5,1768.8
7495,12,22,2026-04-07,5,2493.4
7496,12,38,2026-04-07,1,123.53
7497,12,26,2026-04-07,1,498.08
7498,12,40,2026-04-07,4,1635.72
7499,12,4,2026-04-07,4,1464.88
7500,12,21,2026-04-07,1,449.42
7501,12,25,2026-04-07,1,244.35
7502,12,8,2026-04-07,5,1577.6
7503,12,5,2026-04-07,5,220.05
7504,12,9,2026-04-07,1,433.91
7505,12,18,2026-04-07,5,1004.2
7506,12,11,2026-04-07,1,180.86
7507,12,2,2026-04-07,5,277.95
7508,1,10,2026-04-08,2,639.32
7509,1,28,2026-04-08,1,342.45
7510,1,40,2026-04-08,2,817.86
7511,1,29,2026-04-08,3,1156.38
7512,2,40,2026-04-08,3,1226.79
7513,2,2,2026-04-08,4,222.36
7514,2,28,2026-04-08,5,1712.25
7515,2,35,2026-04-08,4,1907.92
7516,2,13,2026-04-08,1,85.88
7517,3,12,2026-04-08,3,919.56
7518,3,32,2026-04-08,3,1370.25
7519,3,20,2026-04-08,2,543.58
7520,3,1,2026-04-08,1,142.55
7521,3,31,2026-04-08,2,972.16
7522,4,35,2026-04-08,4,1907.92
7523,4,1,2026-04-08,1,142.55
7524,4,38,2026-04-08,2,247.06
7525,4,17,2026-04-08,4,1755.2
7526,4,7,2026-04-08,3,1061.28
7527,4,13,2026-04-08,3,257.64
7528,4,30,2026-04-08,5,1101.05
7529,4,1,2026-04-08,2,285.1
7530,4,4,2026-04-08,1,366.22
7531,4,13,2026-04-08,3,257.64
7532,5,21,2026-04-08,4,1797.68
7533,5,38,2026-04-08,3,370.59
7534,5,40,2026-04-08,2,817.86
7535,5,11,2026-04-08,2,361.72
7536,5,15,2026-04-08,5,591.9
7537,5,11,2026-04-08,4,723.44
7538,5,33,2026-04-08,2,683.98
7539,5,27,2026-04-08,2,862.18
7540,6,37,2026-04-08,4,1859.6
7541,6,19,2026-04-08,4,302.88
7542,6,23,2026-04-08,4,200.0
7543,6,33,2026-04-08,4,1367.96
7544,6,16,2026-04-08,5,1017.9
7545,6,5,2026-04-08,3,132.03
7546,6,10,2026-04-08,1,319.66
7547,6,31,2026-04-08,4,1944.32
7548,6,9,2026-04-08,2,867.82
7549,6,36,2026-04-08,1,301.48
7550,6,10,2026-04-08,5,1598.3
7551,6,11,2026-04-08,1,180.86
7552,6,34,2026-04-08,1,80.66
7553,6,1,2026-04-08,3,427.65
7554,6,27,2026-04-08,3,1293.27
7555,7,10,2026-04-08,2,494.41
7556,7,6,2026-04-08,4,1371.27
7557,7,22,2026-04-08,1,385.65
7558,7,12,2026-04-08,4,948.17
7559,7,37,2026-04-08,1,359.52
7560,7,36,2026-04-08,2,466.29
7561,7,20,2026-04-08,5,1050.92
7562,7,23,2026-04-08,1,38.67
7563,7,4,2026-04-08,5,1416.05
7564,8,28,2026-04-08,4,1369.8
7565,8,38,2026-04-08,4,494.12
7566,8,11,2026-04-08,5,904.3
7567,8,28,2026-04-08,3,1027.35
7568,8,17,2026-04-08,3,1316.4
7569,8,29,2026-04-08,3,1156.38
7570,8,9,2026-04-08,1,433.91
7571,9,1,2026-04-08,5,712.75
7572,9,1,2026-04-08,5,712.75
7573,9,13,2026-04-08,2,171.76
7574,9,33,2026-04-08,4,1367.96
7575,9,28,2026-04-08,4,1369.8
7576,9,27,2026-04-08,2,862.18
7577,9,13,2026-04-08,5,429.4
7578,10,18,2026-04-08,5,776.58
7579,10,15,2026-04-08,4,366.19
7580,10,12,2026-04-08,3,711.13
7581,10,13,2026-04-08,4,265.66
7582,10,12,2026-04-08,2,474.08
7583,10,15,2026-04-08,3,274.64
7584,10,15,2026-04-08,1,91.55
7585,10,26,2026-04-08,1,385.18
7586,10,22,2026-04-08,5,1928.23
7587,10,13,2026-04-08,3,199.24
7588,10,27,2026-04-08,4,1333.51
7589,10,15,2026-04-08,2,183.09
7590,11,11,2026-04-08,5,904.3
7591,11,38,2026-04-08,3,370.59
7592,11,13,2026-04-08,2,171.76
7593,11,20,2026-04-08,1,271.79
7594,11,25,2026-04-08,5,1217.56
7595,11,4,2026-04-08,5,1831.1
7596,11,7,2026-04-08,3,1061.28
7597,11,37,2026-04-08,5,2324.5
7598,11,38,2026-04-08,3,370.59
7599,11,4,2026-04-08,2,732.44
7600,11,28,2026-04-08,1,342.45
7601,12,3,2026-04-08,5,2122.55
7602,12,33,2026-04-08,5,1709.94
7603,12,2,2026-04-08,3,166.77
7604,1,23,2026-04-09,3,150.0
7605,1,29,2026-04-09,4,1541.84
7606,1,4,2026-04-09,5,1831.1
7607,1,29,2026-04-09,1,385.46
7608,1,8,2026-04-09,1,313.37
7609,1,16,2026-04-09,3,610.74
7610,2,29,2026-04-09,5,1927.3
7611,2,38,2026-04-09,3,370.59
7612,2,38,2026-04-09,1,123.53
7613,2,23,2026-04-09,1,50.0
7614,2,22,2026-04-09,1,498.68
7615,2,13,2026-04-09,4,343.52
7616,2,26,2026-04-09,3,1494.24
7617,3,25,2026-04-09,1,242.68
7618,3,13,2026-04-09,4,343.52
7619,3,4,2026-04-09,3,1098.66
7620,3,29,2026-04-09,2,770.92
7621,3,13,2026-04-09,5,429.4
7622,3,23,2026-04-09,5,250.0
7623,3,38,2026-04-09,5,617.65
7624,3,31,2026-04-09,5,2430.4
7625,3,34,2026-04-09,2,161.32
7626,3,3,2026-04-09,3,1273.53
7627,3,18,2026-04-09,3,602.52
7628,3,22,2026-04-09,3,1496.04
7629,4,22,2026-04-09,5,2493.4
7630,4,38,2026-04-09,2,247.06
7631,4,4,2026-04-09,4,1464.88
7632,4,24,2026-04-09,5,403.3
7633,4,31,2026-04-09,2,972.16
7634,4,10,2026-04-09,1,319.66
7635,4,24,2026-04-09,3,241.98
7636,4,10,2026-04-09,5,1598.3
7637,4,26,2026-04-09,5,2490.4
7638,4,26,2026-04-09,2,996.16
7639,4,25,2026-04-09,3,728.03
7640,4,1,2026-04-09,4,570.2
7641,4,36,2026-04-09,1,301.48
7642,5,16,2026-04-09,4,814.32
7643,5,31,2026-04-09,4,1944.32
7644,5,30,2026-04-09,1,220.21
7645,5,39,2026-04-09,1,473.74
7646,5,16,2026-04-09,1,203.58
7647,6,23,2026-04-09,2,100.0
7648,6,19,2026-04-09,4,302.88
7649,6,6,2026-04-09,2,886.6
7650,6,8,2026-04-09,4,1253.47
7651,6,6,2026-04-09,1,443.3
7652,6,15,2026-04-09,3,355.14
7653,6,29,2026-04-09,5,1927.3
7654,6,39,2026-04-09,4,1894.96
7655,6,11,2026-04-09,5,904.3
7656,7,2,2026-04-09,5,214.02
7657,7,40,2026-04-09,4,1259.5
7658,7,11,2026-04-09,3,417.79
7659,7,35,2026-04-09,5,1836.37
7660,7,12,2026-04-09,4,944.08
7661,7,38,2026-04-09,4,380.47
7662,7,34,2026-04-09,4,248.43
7663,7,19,2026-04-09,4,233.22
7664,7,37,2026-04-09,4,1431.89
7665,7,34,2026-04-09,2,124.22
7666,7,29,2026-04-09,2,593.61
7667,8,26,2026-04-09,2,996.16
7668,8,30,2026-04-09,4,880.84
7669,8,37,2026-04-09,4,1859.6
7670,8,7,2026-04-09,2,707.52
7671,8,1,2026-04-09,5,712.75
7672,8,15,2026-04-09,5,591.9
7673,8,3,2026-04-09,1,424.51
7674,8,12,2026-04-09,2,613.04
7675,8,29,2026-04-09,4,1541.84
7676,8,1,2026-04-09,4,570.2
7677,8,7,2026-04-09,1,353.76
7678,9,24,2026-04-09,2,161.32
7679,9,7,2026-04-09,5,1768.8
7680,9,4,2026-04-09,3,1098.66
7681,9,3,2026-04-09,1,424.51
7682,9,14,2026-04-09,5,568.55
7683,9,5,2026-04-09,4,176.04
7684,9,40,2026-04-09,1,408.93
7685,9,29,2026-04-09,1,385.46
7686,9,26,2026-04-09,3,1494.24
7687,9,14,2026-04-09,5,568.55
7688,9,8,2026-04-09,3,940.1
7689,9,33,2026-04-09,1,340.82
7690,9,7,2026-04-09,5,1768.8
7691,9,26,2026-04-09,2,996.16
7692,10,14,2026-04-09,3,262.67
7693,10,25,2026-04-09,3,560.59
7694,10,21,2026-04-09,3,1038.16
7695,10,15,2026-04-09,3,273.46
7696,11,16,2026-04-09,4,814.32
7697,11,1,2026-04-09,1,142.55
7698,11,21,2026-04-09,2,898.84
7699,11,31,2026-04-09,2,972.16
7700,11,15,2026-04-09,5,591.9
7701,11,25,2026-04-09,4,970.71
7702,11,4,2026-04-09,1,366.22
7703,12,39,2026-04-09,3,1421.22
7704,12,11,2026-04-09,2,361.72
7705,12,9,2026-04-09,2,867.82
7706,12,14,2026-04-09,4,454.84
7707,12,35,2026-04-09,1,476.98
7708,12,27,2026-04-09,1,431.09
7709,12,37,2026-04-09,5,2324.5
7710,1,13,2026-04-10,1,85.88
7711,1,24,2026-04-10,1,80.66
7712,1,13,2026-04-10,4,343.52
7713,1,29,2026-04-10,4,1541.84
7714,1,28,2026-04-10,5,1712.25
7715,1,36,2026-04-10,3,904.44
7716,1,22,2026-04-10,5,2493.4
7717,1,37,2026-04-10,4,1859.6
7718,2,13,2026-04-10,4,343.52
7719,2,36,2026-04-10,4,1205.92
7720,2,24,2026-04-10,5,403.3
7721,2,8,2026-04-10,2,624.58
7722,2,21,2026-04-10,2,898.84
7723,2,14,2026-04-10,5,568.55
7724,2,18,2026-04-10,4,803.36
7725,2,25,2026-04-10,4,967.38
7726,3,5,2026-04-10,4,176.04
7727,3,40,2026-04-10,2,817.86
7728,3,31,2026-04-10,3,1458.24
7729,3,31,2026-04-10,1,486.08
7730,3,7,2026-04-10,5,1768.8
7731,3,9,2026-04-10,5,2169.55
7732,3,3,2026-04-10,4,1698.04
7733,3,10,2026-04-10,4,1278.64
7734,3,27,2026-04-10,2,862.18
7735,3,40,2026-04-10,4,1635.72
7736,3,36,2026-04-10,3,904.44
7737,3,7,2026-04-10,5,1768.8
7738,3,35,2026-04-10,1,476.98
7739,4,23,2026-04-10,4,200.0
7740,4,2,2026-04-10,3,166.77
7741,4,20,2026-04-10,1,271.79
7742,4,27,2026-04-10,2,862.18
7743,4,40,2026-04-10,1,408.93
7744,4,13,2026-04-10,5,429.4
7745,4,6,2026-04-10,3,1329.9
7746,4,36,2026-04-10,5,1507.4
7747,4,24,2026-04-10,1,80.66
7748,4,28,2026-04-10,5,1712.25
7749,4,22,2026-04-10,1,498.68
7750,4,28,2026-04-10,2,684.9
7751,4,17,2026-04-10,5,2194.0
7752,5,35,2026-04-10,5,2384.9
7753,5,25,2026-04-10,1,241.84
7754,5,38,2026-04-10,5,617.65
7755,5,2,2026-04-10,5,277.95
7756,5,24,2026-04-10,2,161.32
7757,5,31,2026-04-10,4,1944.32
7758,5,7,2026-04-10,5,1768.8
7759,5,16,2026-04-10,1,203.58
7760,5,39,2026-04-10,1,473.74
7761,5,34,2026-04-10,5,403.3
7762,5,22,2026-04-10,2,997.36
7763,6,19,2026-04-10,3,227.16
7764,6,12,2026-04-10,2,613.04
7765,6,15,2026-04-10,2,236.76
7766,7,19,2026-04-10,5,290.26
7767,7,6,2026-04-10,4,1359.45
7768,7,4,2026-04-10,1,280.77
7769,7,22,2026-04-10,5,1911.61
7770,7,6,2026-04-10,5,1699.32
7771,7,5,2026-04-10,3,101.22
7772,7,18,2026-04-10,4,615.91
7773,7,20,2026-04-10,5,1041.86
7774,7,14,2026-04-10,1,87.18
7775,7,22,2026-04-10,4,1529.29
7776,7,29,2026-04-10,1,295.52
7777,7,31,2026-04-10,3,1117.98
7778,7,39,2026-04-10,4,1452.8
7779,7,15,2026-04-10,2,181.52
7780,8,1,2026-04-10,1,142.55
7781,8,26,2026-04-10,5,2490.4
7782,8,38,2026-04-10,3,370.59
7783,8,18,2026-04-10,4,803.36
7784,8,25,2026-04-10,3,725.53
7785,8,37,2026-04-10,1,464.9
7786,8,30,2026-04-10,1,220.21
7787,8,38,2026-04-10,1,123.53
7788,8,25,2026-04-10,5,1209.22
7789,9,23,2026-04-10,3,150.0
7790,9,15,2026-04-10,2,236.76
7791,9,27,2026-04-10,2,862.18
7792,9,39,2026-04-10,3,1421.22
7793,9,7,2026-04-10,1,353.76
7794,10,9,2026-04-10,3,997.99
7795,10,14,2026-04-10,4,348.71
7796,10,6,2026-04-10,2,679.73
7797,10,11,2026-04-10,1,138.66
7798,10,27,2026-04-10,5,1652.51
7799,11,14,2026-04-10,2,227.42
7800,11,1,2026-04-10,1,142.55
7801,11,24,2026-04-10,1,80.66
7802,11,16,2026-04-10,3,610.74
7803,11,30,2026-04-10,4,880.84
7804,11,14,2026-04-10,1,113.71
7805,11,26,2026-04-10,3,1494.24
7806,11,8,2026-04-10,2,624.58
7807,12,27,2026-04-10,3,1293.27
7808,12,13,2026-04-10,3,257.64
7809,12,14,2026-04-10,4,454.84
7810,12,36,2026-04-10,1,301.48
7811,12,22,2026-04-10,1,498.68
7812,12,4,2026-04-10,2,732.44
7813,12,3,2026-04-10,2,849.02
7814,12,13,2026-04-10,5,429.4
7815,12,30,2026-04-10,5,1101.05
7816,1,8,2026-04-11,4,1244.85
7817,1,28,2026-04-11,5,1712.25
7818,1,17,2026-04-11,5,2194.0
7819,1,38,2026-04-11,4,494.12
7820,1,12,2026-04-11,1,306.52
7821,1,9,2026-04-11,3,1301.73
7822,2,15,2026-04-11,3,355.14
7823,2,8,2026-04-11,4,1244.85
7824,2,22,2026-04-11,5,2493.4
7825,3,10,2026-04-11,1,319.66
7826,3,5,2026-04-11,4,176.04
7827,3,19,2026-04-11,1,75.72
7828,3,36,2026-04-11,4,1205.92
7829,3,39,2026-04-11,2,947.48
7830,3,39,2026-04-11,1,473.74
7831,3,16,2026-04-11,3,610.74
7832,3,19,2026-04-11,5,378.6
7833,3,23,2026-04-11,5,250.0
7834,4,30,2026-04-11,1,220.21
7835,4,27,2026-04-11,2,862.18
7836,4,13,2026-04-11,5,429.4
7837,4,3,2026-04-11,2,849.02
7838,4,3,2026-04-11,3,1273.53
7839,4,25,2026-04-11,5,1205.05
7840,4,4,2026-04-11,4,1464.88
7841,4,29,2026-04-11,4,1541.84
7842,4,8,2026-04-11,1,311.21
7843,4,9,2026-04-11,5,2169.55
7844,4,5,2026-04-11,2,88.02
7845,4,17,2026-04-11,2,877.6
7846,4,15,2026-04-11,3,355.14
7847,5,17,2026-04-11,2,877.6
7848,5,30,2026-04-11,2,440.42
7849,5,21,2026-04-11,5,2247.1
7850,5,29,2026-04-11,4,1541.84
7851,5,32,2026-04-11,5,2283.75
7852,5,9,2026-04-11,4,1735.64
7853,5,5,2026-04-11,1,44.01
7854,5,8,2026-04-11,1,311.21
7855,5,15,2026-04-11,4,473.52
7856,5,13,2026-04-11,5,429.4
7857,5,11,2026-04-11,3,542.58
7858,6,39,2026-04-11,2,947.48
7859,6,33,2026-04-11,1,338.48
7860,6,1,2026-04-11,1,142.55
7861,6,25,2026-04-11,4,964.04
7862,6,25,2026-04-11,3,723.03
7863,6,28,2026-04-11,5,1712.25
7864,6,31,2026-04-11,3,1458.24
7865,6,39,2026-04-11,4,1894.96
7866,6,6,2026-04-11,3,1329.9
7867,6,33,2026-04-11,2,676.95
7868,6,29,2026-04-11,5,1927.3
7869,6,31,2026-04-11,5,2430.4
7870,6,21,2026-04-11,3,1348.26
7871,7,4,2026-04-11,2,559.1
7872,7,5,2026-04-11,5,167.97
7873,7,24,2026-04-11,5,307.85
7874,8,5,2026-04-11,3,132.03
7875,8,18,2026-04-11,1,200.84
7876,8,14,2026-04-11,4,454.84
7877,8,17,2026-04-11,1,438.8
7878,9,11,2026-04-11,5,904.3
7879,9,36,2026-04-11,3,904.44
7880,9,30,2026-04-11,4,880.84
7881,9,37,2026-04-11,2,929.8
7882,9,4,2026-04-11,5,1831.1
7883,10,39,2026-04-11,3,1084.86
7884,10,34,2026-04-11,3,184.71
7885,10,23,2026-04-11,3,114.5
7886,10,3,2026-04-11,4,1296.17
7887,10,15,2026-04-11,3,271.09
7888,10,4,2026-04-11,2,559.1
7889,10,36,2026-04-11,3,690.39
7890,10,23,2026-04-11,3,114.5
7891,10,7,2026-04-11,2,540.07
7892,10,16,2026-04-11,4,621.6
7893,10,7,2026-04-11,5,1350.18
7894,11,22,2026-04-11,1,498.68
7895,11,1,2026-04-11,2,285.1
7896,11,1,2026-04-11,1,142.55
7897,11,18,2026-04-11,5,1004.2
7898,11,17,2026-04-11,4,1755.2
7899,11,15,2026-04-11,1,118.38
7900,11,34,2026-04-11,1,80.66
7901,11,28,2026-04-11,2,684.9
7902,12,11,2026-04-11,5,904.3
7903,12,32,2026-04-11,4,1827.0
7904,12,30,2026-04-11,4,880.84
7905,12,9,2026-04-11,5,2169.55
7906,12,28,2026-04-11,1,342.45
7907,12,39,2026-04-11,1,473.74
7908,12,37,2026-04-11,5,2324.5
7909,12,34,2026-04-11,1,80.66
7910,12,16,2026-04-11,4,814.32
7911,1,21,2026-04-12,1,449.42
7912,1,12,2026-04-12,3,919.56
7913,1,34,2026-04-12,4,322.64
7914,1,19,2026-04-12,5,378.6
7915,1,24,2026-04-12,3,241.98
7916,1,14,2026-04-12,4,454.84
7917,1,21,2026-04-12,2,898.84
7918,1,10,2026-04-12,1,319.66
7919,1,14,2026-04-12,1,113.71
7920,1,17,2026-04-12,4,1755.2
7921,1,12,2026-04-12,3,919.56
7922,1,35,2026-04-12,2,953.96
7923,1,24,2026-04-12,4,322.64
7924,2,27,2026-04-12,2,862.18
7925,2,4,2026-04-12,1,366.22
7926,2,28,2026-04-12,3,1027.35
7927,3,16,2026-04-12,3,610.74
7928,3,15,2026-04-12,2,236.76
7929,3,14,2026-04-12,1,113.71
7930,3,4,2026-04-12,5,1831.1
7931,3,33,2026-04-12,3,1011.91
7932,3,37,2026-04-12,2,929.8
7933,3,32,2026-04-12,2,913.5
7934,3,19,2026-04-12,4,302.88
7935,3,3,2026-04-12,3,1273.53
7936,3,25,2026-04-12,1,240.18
7937,3,22,2026-04-12,3,1496.04
7938,3,6,2026-04-12,4,1773.2
7939,3,33,2026-04-12,5,1686.52
7940,4,25,2026-04-12,1,240.18
7941,4,9,2026-04-12,2,867.82
7942,4,9,2026-04-12,4,1735.64
7943,4,25,2026-04-12,1,240.18
7944,4,25,2026-04-12,3,720.53
7945,4,28,2026-04-12,5,1712.25
7946,5,24,2026-04-12,4,322.64
7947,5,3,2026-04-12,2,849.02
7948,5,13,2026-04-12,5,429.4
7949,5,18,2026-04-12,2,401.68
7950,5,22,2026-04-12,5,2493.4
7951,5,15,2026-04-12,5,591.9
7952,5,23,2026-04-12,5,250.0
7953,5,10,2026-04-12,2,639.32
7954,5,11,2026-04-12,1,180.86
7955,5,10,2026-04-12,5,1598.3
7956,5,23,2026-04-12,2,100.0
7957,6,23,2026-04-12,1,50.0
7958,6,12,2026-04-12,2,613.04
7959,6,10,2026-04-12,3,958.98
7960,6,23,2026-04-12,5,250.0
7961,6,5,2026-04-12,2,88.02
7962,6,34,2026-04-12,5,403.3
7963,6,1,2026-04-12,3,427.65
7964,6,24,2026-04-12,2,161.32
7965,6,4,2026-04-12,1,366.22
7966,6,23,2026-04-12,5,250.0
7967,6,21,2026-04-12,5,2247.1
7968,6,15,2026-04-12,3,355.14
7969,6,30,2026-04-12,5,1101.05
7970,6,28,2026-04-12,4,1369.8
7971,7,14,2026-04-12,4,345.68
7972,7,2,2026-04-12,1,42.25
7973,7,12,2026-04-12,3,698.87
7974,8,4,2026-04-12,4,1464.88
7975,8,20,2026-04-12,3,815.37
7976,8,3,2026-04-12,1,424.51
7977,8,31,2026-04-12,5,2430.4
7978,8,20,2026-04-12,4,1087.16
7979,8,39,2026-04-12,4,1894.96
7980,8,31,2026-04-12,3,1458.24
7981,8,10,2026-04-12,5,1598.3
7982,8,23,2026-04-12,1,50.0
7983,9,17,2026-04-12,2,877.6
7984,9,27,2026-04-12,1,431.09
7985,9,23,2026-04-12,3,150.0
7986,9,3,2026-04-12,4,1698.04
7987,9,25,2026-04-12,5,1200.88
7988,9,40,2026-04-12,4,1635.72
7989,9,7,2026-04-12,3,1061.28
7990,9,9,2026-04-12,1,433.91
7991,9,26,2026-04-12,4,1992.32
7992,9,37,2026-04-12,2,929.8
7993,9,9,2026-04-12,3,1301.73
7994,9,31,2026-04-12,1,486.08
7995,9,12,2026-04-12,5,1532.6
7996,9,5,2026-04-12,1,44.01
7997,10,32,2026-04-12,2,694.26
7998,10,24,2026-04-12,4,245.21
7999,10,18,2026-04-12,1,152.64
8000,10,24,2026-04-12,2,122.6
8001,10,27,2026-04-12,2,655.26
8002,10,32,2026-04-12,2,694.26
8003,10,1,2026-04-12,3,325.01
8004,10,24,2026-04-12,3,183.9
8005,10,4,2026-04-12,1,278.33
8006,10,40,2026-04-12,1,310.79
8007,10,32,2026-04-12,1,347.13
8008,10,22,2026-04-12,4,1515.99
8009,10,22,2026-04-12,4,1515.99
8010,10,10,2026-04-12,1,242.94
8011,11,38,2026-04-12,3,370.59
8012,11,25,2026-04-12,3,720.53
8013,11,6,2026-04-12,2,886.6
8014,11,5,2026-04-12,1,44.01
8015,11,33,2026-04-12,4,1349.22
8016,11,24,2026-04-12,2,161.32
8017,11,37,2026-04-12,3,1394.7
8018,11,39,2026-04-12,1,473.74
8019,11,17,2026-04-12,3,1316.4
8020,11,23,2026-04-12,5,250.0
8021,11,29,2026-04-12,2,770.92
8022,11,10,2026-04-12,1,319.66
8023,12,4,2026-04-12,5,1831.1
8024,12,3,2026-04-12,5,2122.55
8025,12,27,2026-04-12,4,1724.36
8026,12,4,2026-04-12,1,366.22
8027,12,1,2026-04-12,4,570.2
8028,12,40,2026-04-12,5,2044.65
8029,12,22,2026-04-12,1,498.68
8030,12,23,2026-04-12,1,50.0
8031,12,20,2026-04-12,1,271.79
8032,12,1,2026-04-12,1,142.55
8033,12,36,2026-04-12,4,1205.92
8034,12,25,2026-04-12,3,720.53
8035,12,9,2026-04-12,1,433.91
8036,12,6,2026-04-12,2,886.6
8037,12,29,2026-04-12,1,385.46
8038,1,14,2026-04-13,4,454.84
8039,1,24,2026-04-13,1,80.66
8040,1,32,2026-04-13,3,1370.25
8041,1,13,2026-04-13,5,429.4
8042,1,38,2026-04-13,4,494.12
8043,1,4,2026-04-13,1,366.22
8044,1,16,2026-04-13,1,203.58
8045,1,11,2026-04-13,1,180.86
8046,1,19,2026-04-13,5,378.6
8047,1,28,2026-04-13,1,342.45
8048,1,18,2026-04-13,3,602.52
8049,1,40,2026-04-13,4,1635.72
8050,1,2,2026-04-13,4,222.36
8051,1,29,2026-04-13,1,385.46
8052,1,10,2026-04-13,5,1598.3
8053,2,17,2026-04-13,4,1755.2
8054,2,18,2026-04-13,2,401.68
8055,2,35,2026-04-13,5,2384.9
8056,2,24,2026-04-13,5,403.3
8057,2,12,2026-04-13,1,306.52
8058,2,27,2026-04-13,4,1724.36
8059,2,35,2026-04-13,4,1907.92
8060,2,38,2026-04-13,4,494.12
8061,2,11,2026-04-13,4,723.44
8062,2,22,2026-04-13,5,2493.4
8063,2,24,2026-04-13,5,403.3
8064,2,36,2026-04-13,1,301.48
8065,2,18,2026-04-13,3,602.52
8066,2,25,2026-04-13,1,239.34
8067,2,32,2026-04-13,4,1827.0
8068,3,8,2026-04-13,3,927.18
8069,3,16,2026-04-13,5,1017.9
8070,3,13,2026-04-13,2,171.76
8071,3,34,2026-04-13,1,80.66
8072,3,19,2026-04-13,1,75.72
8073,3,31,2026-04-13,1,486.08
8074,3,18,2026-04-13,5,1004.2
8075,3,32,2026-04-13,1,456.75
8076,3,12,2026-04-13,5,1532.6
8077,3,1,2026-04-13,2,285.1
8078,3,35,2026-04-13,5,2384.9
8079,4,20,2026-04-13,5,1358.95
8080,4,28,2026-04-13,3,1027.35
8081,4,2,2026-04-13,3,166.77
8082,4,4,2026-04-13,4,1464.88
8083,4,2,2026-04-13,4,222.36
8084,5,39,2026-04-13,5,2368.7
8085,5,17,2026-04-13,4,1755.2
8086,5,19,2026-04-13,2,151.44
8087,5,16,2026-04-13,2,407.16
8088,5,14,2026-04-13,2,227.42
8089,5,24,2026-04-13,1,80.66
8090,5,24,2026-04-13,1,80.66
8091,5,26,2026-04-13,2,996.16
8092,5,14,2026-04-13,3,341.13
8093,5,19,2026-04-13,5,378.6
8094,5,22,2026-04-13,4,1994.72
8095,5,33,2026-04-13,5,1680.66
8096,5,38,2026-04-13,3,370.59
8097,5,9,2026-04-13,3,1301.73
8098,6,18,2026-04-13,5,1004.2
8099,6,39,2026-04-13,2,947.48
8100,6,16,2026-04-13,2,407.16
8101,6,14,2026-04-13,4,454.84
8102,6,21,2026-04-13,3,1348.26
8103,6,3,2026-04-13,5,2122.55
8104,6,28,2026-04-13,3,1027.35
8105,6,11,2026-04-13,3,542.58
8106,6,33,2026-04-13,3,1008.4
8107,6,2,2026-04-13,1,55.59
8108,6,8,2026-04-13,5,1545.3
8109,6,24,2026-04-13,5,403.3
8110,7,19,2026-04-13,2,114.59
8111,7,1,2026-04-13,1,107.86
8112,7,25,2026-04-13,2,362.2
8113,7,11,2026-04-13,5,684.25
8114,7,29,2026-04-13,5,1458.32
8115,7,3,2026-04-13,1,321.21
8116,7,33,2026-04-13,4,1017.36
8117,7,32,2026-04-13,3,1036.82
8118,7,4,2026-04-13,2,554.21
8119,7,19,2026-04-13,2,114.59
8120,7,15,2026-04-13,2,179.15
8121,7,23,2026-04-13,1,37.83
8122,7,13,2026-04-13,3,194.95
8123,8,32,2026-04-13,4,1827.0
8124,8,15,2026-04-13,4,473.52
8125,8,13,2026-04-13,5,429.4
8126,8,32,2026-04-13,3,1370.25
8127,8,15,2026-04-13,5,591.9
8128,8,32,2026-04-13,5,2283.75
8129,9,5,2026-04-13,5,220.05
8130,9,36,2026-04-13,3,904.44
8131,9,14,2026-04-13,4,454.84
8132,9,7,2026-04-13,3,1061.28
8133,9,15,2026-04-13,2,236.76
8134,9,4,2026-04-13,1,366.22
8135,9,12,2026-04-13,4,1226.08
8136,9,28,2026-04-13,1,342.45
8137,10,33,2026-04-13,2,508.68
8138,10,11,2026-04-13,1,136.85
8139,10,1,2026-04-13,2,215.73
8140,10,36,2026-04-13,2,456.24
8141,10,13,2026-04-13,4,259.93
8142,10,3,2026-04-13,5,1606.06
8143,10,15,2026-04-13,2,179.15
8144,10,31,2026-04-13,2,735.6
8145,10,39,2026-04-13,4,1433.85
8146,10,11,2026-04-13,3,410.55
8147,11,18,2026-04-13,4,803.36
8148,11,14,2026-04-13,2,227.42
8149,11,32,2026-04-13,4,1827.0
8150,11,2,2026-04-13,2,111.18
8151,11,36,2026-04-13,1,301.48
8152,11,20,2026-04-13,3,815.37
8153,11,32,2026-04-13,1,456.75
8154,11,24,2026-04-13,1,80.66
8155,11,25,2026-04-13,3,718.03
8156,11,15,2026-04-13,1,118.38
8157,11,37,2026-04-13,5,2324.5
8158,11,15,2026-04-13,1,118.38
8159,11,9,2026-04-13,2,867.82
8160,11,32,2026-04-13,3,1370.25
8161,11,20,2026-04-13,4,1087.16
8162,12,7,2026-04-13,5,1768.8
8163,12,31,2026-04-13,3,1458.24
8164,12,37,2026-04-13,1,464.9
8165,12,39,2026-04-13,1,473.74
8166,12,23,2026-04-13,2,100.0
8167,12,21,2026-04-13,2,898.84
8168,1,33,2026-04-14,2,669.92
8169,1,23,2026-04-14,2,100.0
8170,1,6,2026-04-14,3,1329.9
8171,1,26,2026-04-14,2,996.16
8172,1,28,2026-04-14,3,1027.35
8173,1,25,2026-04-14,5,1192.54
8174,1,10,2026-04-14,2,639.32
8175,2,30,2026-04-14,2,440.42
8176,2,26,2026-04-14,1,498.08
8177,2,14,2026-04-14,2,227.42
8178,2,6,2026-04-14,3,1329.9
8179,2,30,2026-04-14,1,220.21
8180,3,7,2026-04-14,2,707.52
8181,3,40,2026-04-14,4,1635.72
8182,3,30,2026-04-14,1,220.21
8183,4,30,2026-04-14,2,440.42
8184,4,14,2026-04-14,3,341.13
8185,4,17,2026-04-14,4,1755.2
8186,4,20,2026-04-14,2,543.58
8187,4,33,2026-04-14,3,1004.88
8188,4,5,2026-04-14,3,132.03
8189,4,3,2026-04-14,2,849.02
8190,4,31,2026-04-14,5,2430.4
8191,5,1,2026-04-14,5,712.75
8192,5,7,2026-04-14,4,1415.04
8193,5,7,2026-04-14,1,353.76
8194,5,26,2026-04-14,1,498.08
8195,5,14,2026-04-14,2,227.42
8196,5,28,2026-04-14,2,684.9
8197,5,37,2026-04-14,2,929.8
8198,5,14,2026-04-14,2,227.42
8199,5,6,2026-04-14,5,2216.5
8200,5,6,2026-04-14,4,1773.2
8201,5,28,2026-04-14,3,1027.35
8202,5,37,2026-04-14,3,1394.7
8203,5,13,2026-04-14,5,429.4
8204,5,32,2026-04-14,4,1827.0
8205,5,38,2026-04-14,2,247.06
8206,6,9,2026-04-14,5,2169.55
8207,6,14,2026-04-14,5,568.55
8208,6,6,2026-04-14,2,886.6
8209,7,39,2026-04-14,3,1070.65
8210,7,24,2026-04-14,2,121.53
8211,7,13,2026-04-14,3,194.09
8212,7,17,2026-04-14,2,661.13
8213,7,24,2026-04-14,1,60.76
8214,7,19,2026-04-14,3,171.13
8215,7,10,2026-04-14,2,481.62
8216,7,16,2026-04-14,5,766.82
8217,7,16,2026-04-14,5,766.82
8218,7,38,2026-04-14,4,372.24
8219,7,9,2026-04-14,2,653.76
8220,8,22,2026-04-14,1,498.68
8221,8,4,2026-04-14,4,1464.88
8222,8,39,2026-04-14,5,2368.7
8223,8,30,2026-04-14,1,220.21
8224,8,27,2026-04-14,2,862.18
8225,8,5,2026-04-14,5,220.05
8226,8,21,2026-04-14,4,1797.68
8227,8,25,2026-04-14,5,1192.54
8228,8,13,2026-04-14,3,257.64
8229,8,17,2026-04-14,4,1755.2
8230,8,24,2026-04-14,5,403.3
8231,8,13,2026-04-14,4,343.52
8232,8,29,2026-04-14,2,770.92
8233,8,36,2026-04-14,3,904.44
8234,9,20,2026-04-14,3,815.37
8235,9,21,2026-04-14,5,2247.1
8236,9,37,2026-04-14,4,1859.6
8237,9,31,2026-04-14,4,1944.32
8238,9,20,2026-04-14,4,1087.16
8239,9,2,2026-04-14,3,166.77
8240,9,34,2026-04-14,5,403.3
8241,9,4,2026-04-14,4,1464.88
8242,9,13,2026-04-14,5,429.4
8243,9,3,2026-04-14,1,424.51
8244,9,20,2026-04-14,2,543.58
8245,9,4,2026-04-14,2,732.44
8246,9,6,2026-04-14,2,886.6
8247,9,9,2026-04-14,4,1735.64
8248,10,36,2026-04-14,4,908.46
8249,10,19,2026-04-14,2,114.08
8250,10,4,2026-04-14,3,827.66
8251,10,36,2026-04-14,4,908.46
8252,10,4,2026-04-14,4,1103.54
8253,10,15,2026-04-14,5,445.9
8254,11,15,2026-04-14,3,355.14
8255,11,35,2026-04-14,3,1430.94
8256,11,37,2026-04-14,5,2324.5
8257,11,2,2026-04-14,1,55.59
8258,11,4,2026-04-14,2,732.44
8259,12,37,2026-04-14,1,464.9
8260,12,12,2026-04-14,3,919.56
8261,12,23,2026-04-14,4,200.0
8262,12,26,2026-04-14,5,2490.4
8263,12,19,2026-04-14,3,227.16
8264,12,7,2026-04-14,2,707.52
8265,12,9,2026-04-14,5,2169.55
8266,12,10,2026-04-14,1,319.66
8267,12,24,2026-04-14,4,322.64
8268,12,4,2026-04-14,5,1831.1
8269,12,28,2026-04-14,5,1712.25
8270,12,14,2026-04-14,3,341.13
8271,12,24,2026-04-14,4,322.64
8272,12,2,2026-04-14,4,222.36
8273,12,33,2026-04-14,4,1339.85
8274,1,32,2026-04-15,4,1827.0
8275,1,22,2026-04-15,3,1496.04
8276,1,15,2026-04-15,4,473.52
8277,1,37,2026-04-15,3,1394.7
8278,1,4,2026-04-15,3,1098.66
8279,1,7,2026-04-15,4,1415.04
8280,1,34,2026-04-15,1,80.66
8281,1,19,2026-04-15,2,151.44
8282,1,40,2026-04-15,4,1635.72
8283,2,17,2026-04-15,3,1316.4
8284,2,12,2026-04-15,1,306.52
8285,2,16,2026-04-15,3,610.74
8286,2,12,2026-04-15,1,306.52
8287,2,40,2026-04-15,3,1226.79
8288,2,12,2026-04-15,5,1532.6
8289,3,33,2026-04-15,5,1668.95
8290,3,30,2026-04-15,1,220.21
8291,3,12,2026-04-15,3,919.56
8292,3,1,2026-04-15,2,285.1
8293,3,19,2026-04-15,1,75.72
8294,3,19,2026-04-15,1,75.72
8295,3,17,2026-04-15,1,438.8
8296,3,37,2026-04-15,3,1394.7
8297,3,12,2026-04-15,1,306.52
8298,3,15,2026-04-15,5,591.9
8299,3,26,2026-04-15,2,996.16
8300,4,5,2026-04-15,2,88.02
8301,4,6,2026-04-15,3,1329.9
8302,4,16,2026-04-15,3,610.74
8303,4,22,2026-04-15,3,1496.04
8304,4,18,2026-04-15,3,602.52
8305,4,34,2026-04-15,2,161.32
8306,4,10,2026-04-15,5,1598.3
8307,4,30,2026-04-15,2,440.42
8308,5,28,2026-04-15,5,1712.25
8309,5,4,2026-04-15,3,1098.66
8310,5,2,2026-04-15,1,55.59
8311,5,33,2026-04-15,3,1001.37
8312,5,20,2026-04-15,3,815.37
8313,5,10,2026-04-15,3,958.98
8314,5,11,2026-04-15,4,723.44
8315,5,26,2026-04-15,4,1992.32
8316,5,40,2026-04-15,5,2044.65
8317,5,31,2026-04-15,1,486.08
8318,5,15,2026-04-15,4,473.52
8319,5,32,2026-04-15,5,2283.75
8320,5,34,2026-04-15,2,161.32
8321,5,26,2026-04-15,4,1992.32
8322,5,4,2026-04-15,2,732.44
8323,6,40,2026-04-15,2,817.86
8324,6,29,2026-04-15,4,1541.84
8325,6,29,2026-04-15,2,770.92
8326,6,4,2026-04-15,5,1831.1
8327,6,3,2026-04-15,5,2122.55
8328,6,11,2026-04-15,5,904.3
8329,7,30,2026-04-15,4,660.63
8330,7,38,2026-04-15,4,370.59
8331,7,1,2026-04-15,3,320.74
8332,7,29,2026-04-15,1,289.09
8333,7,30,2026-04-15,3,495.47
8334,7,25,2026-04-15,2,356.51
8335,7,33,2026-04-15,4,1001.37
8336,7,36,2026-04-15,4,904.44
8337,7,1,2026-04-15,2,213.82
8338,7,4,2026-04-15,4,1098.66
8339,7,37,2026-04-15,4,1394.7
8340,7,20,2026-04-15,5,1019.21
8341,7,40,2026-04-15,1,306.7
8342,7,7,2026-04-15,3,795.96
8343,7,25,2026-04-15,2,356.51
8344,8,3,2026-04-15,2,849.02
8345,8,35,2026-04-15,3,1430.94
8346,8,7,2026-04-15,1,353.76
8347,8,24,2026-04-15,4,322.64
8348,8,13,2026-04-15,3,257.64
8349,8,18,2026-04-15,3,602.52
8350,8,31,2026-04-15,2,972.16
8351,8,33,2026-04-15,4,1335.16
8352,8,37,2026-04-15,4,1859.6
8353,8,31,2026-04-15,4,1944.32
8354,8,24,2026-04-15,5,403.3
8355,8,36,2026-04-15,3,904.44
8356,9,12,2026-04-15,5,1532.6
8357,9,10,2026-04-15,1,319.66
8358,9,28,2026-04-15,5,1712.25
8359,9,8,2026-04-15,1,306.91
8360,9,19,2026-04-15,2,151.44
8361,9,14,2026-04-15,2,227.42
8362,9,30,2026-04-15,3,660.63
8363,9,16,2026-04-15,5,1017.9
8364,10,2,2026-04-15,5,208.46
8365,10,35,2026-04-15,5,1788.68
8366,10,22,2026-04-15,5,1870.05
8367,10,1,2026-04-15,4,427.65
8368,10,10,2026-04-15,4,958.98
8369,10,5,2026-04-15,2,66.02
8370,10,31,2026-04-15,4,1458.24
8371,10,13,2026-04-15,1,64.41
8372,10,26,2026-04-15,5,1867.8
8373,10,11,2026-04-15,4,542.58
8374,10,40,2026-04-15,2,613.4
8375,10,32,2026-04-15,4,1370.25
8376,10,29,2026-04-15,1,289.09
8377,11,27,2026-04-15,5,2155.45
8378,11,9,2026-04-15,4,1735.64
8379,11,39,2026-04-15,3,1421.22
8380,11,17,2026-04-15,1,438.8
8381,11,14,2026-04-15,2,227.42
8382,11,40,2026-04-15,1,408.93
8383,11,14,2026-04-15,5,568.55
8384,11,4,2026-04-15,2,732.44
8385,12,39,2026-04-15,5,2368.7
8386,12,2,2026-04-15,4,222.36
8387,12,20,2026-04-15,1,271.79
8388,1,12,2026-04-16,2,613.04
8389,1,7,2026-04-16,1,353.76
8390,1,37,2026-04-16,4,1859.6
8391,1,25,2026-04-16,3,710.52
8392,1,29,2026-04-16,2,770.92
8393,2,11,2026-04-16,3,542.58
8394,2,15,2026-04-16,5,591.9
8395,2,21,2026-04-16,1,449.42
8396,2,4,2026-04-16,4,1464.88
8397,2,7,2026-04-16,1,353.76
8398,2,5,2026-04-16,3,132.03
8399,3,16,2026-04-16,1,203.58
8400,3,11,2026-04-16,2,361.72
8401,3,35,2026-04-16,3,1430.94
8402,3,10,2026-04-16,4,1278.64
8403,3,10,2026-04-16,4,1278.64
8404,3,30,2026-04-16,2,440.42
8405,3,21,2026-04-16,1,449.42
8406,3,7,2026-04-16,2,707.52
8407,3,11,2026-04-16,5,904.3
8408,3,10,2026-04-16,4,1278.64
8409,3,15,2026-04-16,4,473.52
8410,4,28,2026-04-16,1,342.45
8411,4,31,2026-04-16,4,1944.32
8412,4,23,2026-04-16,2,100.0
8413,4,23,2026-04-16,2,100.0
8414,4,12,2026-04-16,2,613.04
8415,4,11,2026-04-16,3,542.58
8416,4,10,2026-04-16,4,1278.64
8417,4,35,2026-04-16,4,1907.92
8418,4,24,2026-04-16,2,161.32
8419,4,20,2026-04-16,5,1358.95
8420,4,36,2026-04-16,5,1507.4
8421,4,12,2026-04-16,3,919.56
8422,4,31,2026-04-16,5,2430.4
8423,4,36,2026-04-16,2,602.96
8424,5,11,2026-04-16,4,723.44
8425,5,10,2026-04-16,3,958.98
8426,5,26,2026-04-16,2,996.16
8427,5,21,2026-04-16,1,449.42
8428,5,2,2026-04-16,2,111.18
8429,5,2,2026-04-16,4,222.36
8430,5,40,2026-04-16,1,408.93
8431,5,5,2026-04-16,4,176.04
8432,5,12,2026-04-16,5,1532.6
8433,5,26,2026-04-16,2,996.16
8434,5,35,2026-04-16,5,2384.9
8435,6,23,2026-04-16,5,250.0
8436,6,2,2026-04-16,4,222.36
8437,6,29,2026-04-16,4,1541.84
8438,6,22,2026-04-16,4,1994.72
8439,6,6,2026-04-16,5,2216.5
8440,6,40,2026-04-16,1,408.93
8441,6,17,2026-04-16,1,438.8
8442,6,20,2026-04-16,3,815.37
8443,7,13,2026-04-16,4,256.49
8444,7,38,2026-04-16,3,276.71
8445,7,7,2026-04-16,3,792.42
8446,7,25,2026-04-16,4,707.36
8447,7,16,2026-04-16,5,760.03
8448,7,12,2026-04-16,2,457.74
8449,7,32,2026-04-16,4,1364.16
8450,7,31,2026-04-16,2,725.88
8451,7,37,2026-04-16,2,694.25
8452,7,2,2026-04-16,5,207.54
8453,7,15,2026-04-16,4,353.56
8454,7,18,2026-04-16,4,599.84
8455,7,17,2026-04-16,4,1310.55
8456,8,38,2026-04-16,2,247.06
8457,8,15,2026-04-16,5,591.9
8458,8,7,2026-04-16,1,353.76
8459,8,3,2026-04-16,4,1698.04
8460,8,1,2026-04-16,1,142.55
8461,8,18,2026-04-16,2,401.68
8462,8,16,2026-04-16,2,407.16
8463,8,40,2026-04-16,3,1226.79
8464,8,40,2026-04-16,5,2044.65
8465,8,15,2026-04-16,3,355.14
8466,8,3,2026-04-16,1,424.51
8467,8,17,2026-04-16,2,877.6
8468,8,5,2026-04-16,4,176.04
8469,9,28,2026-04-16,5,1712.25
8470,9,39,2026-04-16,1,473.74
8471,9,23,2026-04-16,3,150.0
8472,9,29,2026-04-16,1,385.46
8473,9,34,2026-04-16,1,80.66
8474,9,28,2026-04-16,5,1712.25
8475,9,33,2026-04-16,3,997.86
8476,9,1,2026-04-16,4,570.2
8477,9,30,2026-04-16,4,880.84
8478,10,12,2026-04-16,3,686.6
8479,10,15,2026-04-16,2,176.78
8480,10,4,2026-04-16,5,1367.22
8481,10,8,2026-04-16,1,228.35
8482,10,1,2026-04-16,4,425.75
8483,11,8,2026-04-16,1,305.83
8484,11,38,2026-04-16,4,494.12
8485,11,18,2026-04-16,4,803.36
8486,12,18,2026-04-16,4,803.36
8487,12,28,2026-04-16,2,684.9
8488,12,4,2026-04-16,4,1464.88
8489,12,26,2026-04-16,1,498.08
8490,12,1,2026-04-16,1,142.55
8491,12,34,2026-04-16,3,241.98
8492,12,20,2026-04-16,1,271.79
8493,12,40,2026-04-16,2,817.86
8494,1,24,2026-04-17,4,322.64
8495,1,25,2026-04-17,4,944.03
8496,1,25,2026-04-17,4,944.03
8497,1,11,2026-04-17,1,180.86
8498,1,10,2026-04-17,1,319.66
8499,1,40,2026-04-17,5,2044.65
8500,1,24,2026-04-17,2,161.32
8501,1,7,2026-04-17,4,1415.04
8502,2,38,2026-04-17,4,494.12
8503,2,8,2026-04-17,3,914.26
8504,2,34,2026-04-17,2,161.32
8505,2,37,2026-04-17,2,929.8
8506,2,34,2026-04-17,1,80.66
8507,3,12,2026-04-17,1,306.52
8508,3,17,2026-04-17,2,877.6
8509,3,25,2026-04-17,3,708.02
8510,3,32,2026-04-17,1,456.75
8511,3,39,2026-04-17,5,2368.7
8512,3,7,2026-04-17,4,1415.04
8513,3,3,2026-04-17,2,849.02
8514,3,22,2026-04-17,1,498.68
8515,3,16,2026-04-17,1,203.58
8516,3,31,2026-04-17,3,1458.24
8517,3,1,2026-04-17,2,285.1
8518,3,9,2026-04-17,4,1735.64
8519,4,30,2026-04-17,2,440.42
8520,4,14,2026-04-17,2,227.42
8521,4,17,2026-04-17,1,438.8
8522,4,24,2026-04-17,5,403.3
8523,4,1,2026-04-17,2,285.1
8524,4,24,2026-04-17,4,322.64
8525,4,12,2026-04-17,1,306.52
8526,4,18,2026-04-17,5,1004.2
8527,5,29,2026-04-17,1,385.46
8528,5,38,2026-04-17,4,494.12
8529,5,22,2026-04-17,3,1496.04
8530,5,25,2026-04-17,4,944.03
8531,5,33,2026-04-17,1,331.45
8532,5,4,2026-04-17,5,1831.1
8533,5,37,2026-04-17,1,464.9
8534,5,31,2026-04-17,1,486.08
8535,5,17,2026-04-17,4,1755.2
8536,5,38,2026-04-17,2,247.06
8537,5,36,2026-04-17,2,602.96
8538,5,31,2026-04-17,3,1458.24
8539,5,36,2026-04-17,2,602.96
8540,6,36,2026-04-17,1,301.48
8541,6,17,2026-04-17,1,438.8
8542,6,2,2026-04-17,4,222.36
8543,6,14,2026-04-17,1,113.71
8544,6,34,2026-04-17,1,80.66
8545,6,22,2026-04-17,3,1496.04
8546,7,27,2026-04-17,1,320.44
8547,7,21,2026-04-17,2,668.14
8548,7,40,2026-04-17,1,303.97
8549,7,15,2026-04-17,2,175.99
8550,7,13,2026-04-17,2,127.67
8551,7,27,2026-04-17,1,320.44
8552,8,14,2026-04-17,5,568.55
8553,8,6,2026-04-17,1,443.3
8554,8,17,2026-04-17,3,1316.4
8555,8,31,2026-04-17,3,1458.24
8556,8,10,2026-04-17,5,1598.3
8557,8,26,2026-04-17,2,996.16
8558,8,9,2026-04-17,5,2169.55
8559,8,25,2026-04-17,2,472.01
8560,8,3,2026-04-17,5,2122.55
8561,9,13,2026-04-17,4,343.52
8562,9,3,2026-04-17,1,424.51
8563,9,9,2026-04-17,2,867.82
8564,9,17,2026-04-17,2,877.6
8565,9,13,2026-04-17,1,85.88
8566,9,29,2026-04-17,3,1156.38
8567,9,8,2026-04-17,3,914.26
8568,9,8,2026-04-17,2,609.5
8569,9,28,2026-04-17,1,342.45
8570,10,22,2026-04-17,3,1112.06
8571,10,10,2026-04-17,1,237.61
8572,10,29,2026-04-17,4,1146.1
8573,10,25,2026-04-17,2,350.86
8574,10,34,2026-04-17,4,239.83
8575,10,17,2026-04-17,2,652.35
8576,10,32,2026-04-17,1,339.52
8577,10,6,2026-04-17,3,988.56
8578,10,33,2026-04-17,5,1231.88
8579,11,40,2026-04-17,1,408.93
8580,11,32,2026-04-17,1,456.75
8581,11,39,2026-04-17,2,947.48
8582,11,9,2026-04-17,4,1735.64
8583,11,20,2026-04-17,3,815.37
8584,11,5,2026-04-17,5,220.05
8585,11,36,2026-04-17,4,1205.92
8586,11,13,2026-04-17,1,85.88
8587,12,30,2026-04-17,5,1101.05
8588,12,29,2026-04-17,5,1927.3
8589,12,23,2026-04-17,2,100.0
8590,12,19,2026-04-17,3,227.16
8591,12,18,2026-04-17,1,200.84
8592,12,1,2026-04-17,5,712.75
8593,12,4,2026-04-17,3,1098.66
8594,12,21,2026-04-17,4,1797.68
8595,12,30,2026-04-17,2,440.42
8596,12,30,2026-04-17,3,660.63
8597,12,38,2026-04-17,2,247.06
8598,12,38,2026-04-17,3,370.59
8599,12,27,2026-04-17,4,1724.36
8600,12,5,2026-04-17,1,44.01
8601,1,5,2026-04-18,1,44.01
8602,1,17,2026-04-18,5,2194.0
8603,1,30,2026-04-18,5,1101.05
8604,1,25,2026-04-18,4,940.69
8605,1,9,2026-04-18,4,1735.64
8606,1,40,2026-04-18,5,2044.65
8607,1,27,2026-04-18,2,862.18
8608,1,22,2026-04-18,5,2493.4
8609,2,1,2026-04-18,1,142.55
8610,2,7,2026-04-18,2,707.52
8611,2,23,2026-04-18,1,50.0
8612,2,10,2026-04-18,5,1598.3
8613,2,7,2026-04-18,1,353.76
8614,2,26,2026-04-18,3,1494.24
8615,2,1,2026-04-18,2,285.1
8616,2,25,2026-04-18,4,940.69
8617,2,37,2026-04-18,2,929.8
8618,2,36,2026-04-18,5,1507.4
8619,2,18,2026-04-18,1,200.84
8620,2,31,2026-04-18,1,486.08
8621,3,3,2026-04-18,3,1273.53
8622,3,31,2026-04-18,4,1944.32
8623,3,22,2026-04-18,3,1496.04
8624,3,20,2026-04-18,2,543.58
8625,3,40,2026-04-18,2,817.86
8626,4,39,2026-04-18,2,947.48
8627,4,12,2026-04-18,1,306.52
8628,4,17,2026-04-18,2,877.6
8629,4,22,2026-04-18,5,2493.4
8630,4,33,2026-04-18,4,1321.11
8631,4,3,2026-04-18,3,1273.53
8632,4,9,2026-04-18,2,867.82
8633,4,20,2026-04-18,3,815.37
8634,4,38,2026-04-18,3,370.59
8635,5,10,2026-04-18,1,319.66
8636,5,12,2026-04-18,5,1532.6
8637,5,3,2026-04-18,4,1698.04
8638,5,2,2026-04-18,3,166.77
8639,5,28,2026-04-18,1,342.45
8640,5,12,2026-04-18,2,613.04
8641,5,29,2026-04-18,3,1156.38
8642,5,8,2026-04-18,3,911.02
8643,5,29,2026-04-18,2,770.92
8644,5,5,2026-04-18,2,88.02
8645,5,29,2026-04-18,5,1927.3
8646,5,33,2026-04-18,1,330.28
8647,5,1,2026-04-18,2,285.1
8648,6,18,2026-04-18,2,401.68
8649,6,28,2026-04-18,5,1712.25
8650,6,12,2026-04-18,4,1226.08
8651,6,18,2026-04-18,5,1004.2
8652,6,15,2026-04-18,3,355.14
8653,6,28,2026-04-18,2,684.9
8654,6,27,2026-04-18,4,1724.36
8655,6,18,2026-04-18,1,200.84
8656,6,32,2026-04-18,1,456.75
8657,6,17,2026-04-18,4,1755.2
8658,6,3,2026-04-18,1,424.51
8659,6,3,2026-04-18,2,849.02
8660,6,23,2026-04-18,1,50.0
8661,6,10,2026-04-18,2,639.32
8662,6,8,2026-04-18,2,607.35
8663,7,33,2026-04-18,1,244.4
8664,7,17,2026-04-18,2,649.42
8665,7,12,2026-04-18,5,1134.12
8666,7,26,2026-04-18,5,1842.9
8667,7,1,2026-04-18,2,210.97
8668,8,20,2026-04-18,5,1358.95
8669,8,6,2026-04-18,1,443.3
8670,8,6,2026-04-18,4,1773.2
8671,8,37,2026-04-18,4,1859.6
8672,8,27,2026-04-18,3,1293.27
8673,8,12,2026-04-18,2,613.04
8674,9,16,2026-04-18,2,407.16
8675,9,18,2026-04-18,2,401.68
8676,9,14,2026-04-18,4,454.84
8677,9,32,2026-04-18,2,913.5
8678,9,22,2026-04-18,5,2493.4
8679,9,7,2026-04-18,2,707.52
8680,9,22,2026-04-18,3,1496.04
8681,9,15,2026-04-18,3,355.14
8682,9,40,2026-04-18,5,2044.65
8683,9,33,2026-04-18,4,1321.11
8684,9,1,2026-04-18,2,285.1
8685,9,19,2026-04-18,3,227.16
8686,9,27,2026-04-18,4,1724.36
8687,9,23,2026-04-18,1,50.0
8688,10,12,2026-04-18,4,907.3
8689,10,17,2026-04-18,4,1298.85
8690,10,27,2026-04-18,2,638.01
8691,10,35,2026-04-18,4,1411.86
8692,10,25,2026-04-18,4,696.11
8693,10,21,2026-04-18,4,1330.28
8694,10,12,2026-04-18,5,1134.12
8695,10,8,2026-04-18,5,1123.6
8696,11,24,2026-04-18,4,322.64
8697,11,15,2026-04-18,2,236.76
8698,11,8,2026-04-18,4,1214.7
8699,11,8,2026-04-18,1,303.67
8700,11,13,2026-04-18,4,343.52
8701,11,15,2026-04-18,4,473.52
8702,11,14,2026-04-18,1,113.71
8703,11,26,2026-04-18,3,1494.24
8704,11,2,2026-04-18,5,277.95
8705,11,21,2026-04-18,5,2247.1
8706,11,29,2026-04-18,2,770.92
8707,11,32,2026-04-18,5,2283.75
8708,11,29,2026-04-18,2,770.92
8709,11,8,2026-04-18,3,911.02
8710,12,19,2026-04-18,4,302.88
8711,12,25,2026-04-18,3,705.52
8712,12,39,2026-04-18,4,1894.96
8713,12,26,2026-04-18,3,1494.24
8714,12,31,2026-04-18,4,1944.32
8715,12,2,2026-04-18,5,277.95
8716,12,36,2026-04-18,5,1507.4
8717,12,37,2026-04-18,4,1859.6
8718,12,14,2026-04-18,1,113.71
8719,1,11,2026-04-19,2,361.72
8720,1,28,2026-04-19,4,1369.8
8721,1,38,2026-04-19,2,247.06
8722,1,4,2026-04-19,2,732.44
8723,1,8,2026-04-19,2,605.2
8724,1,26,2026-04-19,1,498.08
8725,1,20,2026-04-19,1,271.79
8726,1,23,2026-04-19,5,250.0
8727,2,15,2026-04-19,3,355.14
8728,2,34,2026-04-19,4,322.64
8729,2,8,2026-04-19,4,1210.39
8730,2,30,2026-04-19,4,880.84
8731,2,27,2026-04-19,4,1724.36
8732,2,4,2026-04-19,3,1098.66
8733,2,1,2026-04-19,4,570.2
8734,2,37,2026-04-19,4,1859.6
8735,2,28,2026-04-19,3,1027.35
8736,2,10,2026-04-19,5,1598.3
8737,2,19,2026-04-19,1,75.72
8738,2,35,2026-04-19,4,1907.92
8739,2,12,2026-04-19,1,306.52
8740,2,23,2026-04-19,1,50.0
8741,3,37,2026-04-19,5,2324.5
8742,3,32,2026-04-19,2,913.5
8743,3,36,2026-04-19,2,602.96
8744,3,20,2026-04-19,4,1087.16
8745,3,9,2026-04-19,3,1301.73
8746,3,31,2026-04-19,3,1458.24
8747,3,6,2026-04-19,5,2216.5
8748,3,10,2026-04-19,4,1278.64
8749,3,4,2026-04-19,3,1098.66
8750,4,25,2026-04-19,1,234.34
8751,4,20,2026-04-19,4,1087.16
8752,4,5,2026-04-19,4,176.04
8753,4,6,2026-04-19,2,886.6
8754,4,19,2026-04-19,2,151.44
8755,4,22,2026-04-19,4,1994.72
8756,4,27,2026-04-19,1,431.09
8757,4,5,2026-04-19,3,132.03
8758,4,16,2026-04-19,1,203.58
8759,4,39,2026-04-19,2,947.48
8760,4,4,2026-04-19,3,1098.66
8761,4,36,2026-04-19,5,1507.4
8762,4,16,2026-04-19,4,814.32
8763,4,19,2026-04-19,2,151.44
8764,5,31,2026-04-19,2,972.16
8765,5,6,2026-04-19,5,2216.5
8766,5,10,2026-04-19,5,1598.3
8767,5,12,2026-04-19,2,613.04
8768,5,33,2026-04-19,1,329.11
8769,5,19,2026-04-19,1,75.72
8770,5,39,2026-04-19,1,473.74
8771,6,21,2026-04-19,4,1797.68
8772,6,3,2026-04-19,4,1698.04
8773,6,8,2026-04-19,5,1512.99
8774,6,7,2026-04-19,1,353.76
8775,6,33,2026-04-19,5,1645.53
8776,6,39,2026-04-19,2,947.48
8777,6,33,2026-04-19,4,1316.42
8778,6,27,2026-04-19,2,862.18
8779,6,7,2026-04-19,4,1415.04
8780,6,21,2026-04-19,3,1348.26
8781,6,32,2026-04-19,3,1370.25
8782,6,3,2026-04-19,5,2122.55
8783,6,5,2026-04-19,5,220.05
8784,7,33,2026-04-19,4,969.76
8785,7,12,2026-04-19,5,1129.02
8786,7,10,2026-04-19,3,706.45
8787,7,34,2026-04-19,4,237.68
8788,7,17,2026-04-19,1,323.25
8789,7,40,2026-04-19,1,301.25
8790,7,3,2026-04-19,5,1563.61
8791,7,9,2026-04-19,3,958.94
8792,7,11,2026-04-19,2,266.47
8793,7,34,2026-04-19,3,178.26
8794,7,20,2026-04-19,2,400.44
8795,7,3,2026-04-19,4,1250.89
8796,7,20,2026-04-19,3,600.66
8797,8,38,2026-04-19,2,247.06
8798,8,9,2026-04-19,4,1735.64
8799,8,11,2026-04-19,1,180.86
8800,9,38,2026-04-19,1,123.53
8801,9,20,2026-04-19,4,1087.16
8802,9,24,2026-04-19,5,403.3
8803,9,39,2026-04-19,4,1894.96
8804,10,36,2026-04-19,3,666.27
8805,10,29,2026-04-19,4,1135.82
8806,10,24,2026-04-19,2,118.84
8807,10,19,2026-04-19,2,111.56
8808,10,13,2026-04-19,3,189.79
8809,10,15,2026-04-19,2,174.41
8810,10,1,2026-04-19,2,210.02
8811,10,34,2026-04-19,2,118.84
8812,10,29,2026-04-19,4,1135.82
8813,10,20,2026-04-19,2,400.44
8814,10,13,2026-04-19,5,316.32
8815,10,7,2026-04-19,1,260.6
8816,10,34,2026-04-19,4,237.68
8817,11,19,2026-04-19,2,151.44
8818,11,18,2026-04-19,2,401.68
8819,11,9,2026-04-19,2,867.82
8820,11,26,2026-04-19,1,498.08
8821,11,16,2026-04-19,2,407.16
8822,11,27,2026-04-19,2,862.18
8823,11,38,2026-04-19,3,370.59
8824,11,28,2026-04-19,4,1369.8
8825,11,35,2026-04-19,4,1907.92
8826,11,17,2026-04-19,5,2194.0
8827,11,39,2026-04-19,1,473.74
8828,11,37,2026-04-19,2,929.8
8829,12,33,2026-04-19,3,987.32
8830,12,30,2026-04-19,1,220.21
8831,12,36,2026-04-19,4,1205.92
8832,12,37,2026-04-19,1,464.9
8833,1,21,2026-04-20,1,449.42
8834,1,15,2026-04-20,3,355.14
8835,1,16,2026-04-20,1,203.58
8836,1,2,2026-04-20,5,277.95
8837,1,37,2026-04-20,2,929.8
8838,1,16,2026-04-20,4,814.32
8839,1,37,2026-04-20,4,1859.6
8840,2,6,2026-04-20,1,443.3
8841,2,32,2026-04-20,1,456.75
8842,2,29,2026-04-20,1,385.46
8843,2,2,2026-04-20,3,166.77
8844,2,28,2026-04-20,1,342.45
8845,2,33,2026-04-20,5,1639.67
8846,2,32,2026-04-20,1,456.75
8847,2,3,2026-04-20,1,424.51
8848,2,36,2026-04-20,2,602.96
8849,2,10,2026-04-20,5,1598.3
8850,2,8,2026-04-20,1,301.52
8851,2,6,2026-04-20,4,1773.2
8852,2,30,2026-04-20,5,1101.05
8853,3,1,2026-04-20,3,427.65
8854,3,22,2026-04-20,4,1994.72
8855,3,19,2026-04-20,4,302.88
8856,3,1,2026-04-20,3,427.65
8857,3,26,2026-04-20,5,2490.4
8858,3,37,2026-04-20,4,1859.6
8859,3,23,2026-04-20,3,150.0
8860,3,32,2026-04-20,3,1370.25
8861,3,38,2026-04-20,3,370.59
8862,3,16,2026-04-20,3,610.74
8863,3,23,2026-04-20,2,100.0
8864,4,34,2026-04-20,4,322.64
8865,4,34,2026-04-20,4,322.64
8866,4,26,2026-04-20,5,2490.4
8867,4,27,2026-04-20,1,431.09
8868,4,29,2026-04-20,3,1156.38
8869,4,26,2026-04-20,3,1494.24
8870,4,36,2026-04-20,1,301.48
8871,4,22,2026-04-20,1,498.68
8872,5,31,2026-04-20,4,1944.32
8873,5,4,2026-04-20,2,732.44
8874,5,21,2026-04-20,1,449.42
8875,5,36,2026-04-20,5,1507.4
8876,5,31,2026-04-20,1,486.08
8877,5,26,2026-04-20,5,2490.4
8878,5,6,2026-04-20,3,1329.9
8879,5,12,2026-04-20,2,613.04
8880,5,33,2026-04-20,3,983.8
8881,5,3,2026-04-20,4,1698.04
8882,6,11,2026-04-20,4,723.44
8883,6,28,2026-04-20,5,1712.25
8884,6,6,2026-04-20,4,1773.2
8885,6,29,2026-04-20,2,770.92
8886,6,14,2026-04-20,1,113.71
8887,6,19,2026-04-20,3,227.16
8888,6,16,2026-04-20,1,203.58
8889,6,30,2026-04-20,3,660.63
8890,6,6,2026-04-20,1,443.3
8891,6,5,2026-04-20,3,132.03
8892,6,19,2026-04-20,4,302.88
8893,6,34,2026-04-20,2,161.32
8894,7,4,2026-04-20,4,1074.25
8895,7,2,2026-04-20,4,163.06
8896,7,26,2026-04-20,5,1826.29
8897,7,39,2026-04-20,1,347.41
8898,7,38,2026-04-20,3,271.77
8899,7,25,2026-04-20,4,684.95
8900,7,34,2026-04-20,4,236.6
8901,7,19,2026-04-20,1,55.53
8902,7,38,2026-04-20,4,362.35
8903,7,29,2026-04-20,3,848.01
8904,7,13,2026-04-20,5,314.89
8905,7,8,2026-04-20,2,442.23
8906,8,8,2026-04-20,2,603.04
8907,8,20,2026-04-20,5,1358.95
8908,8,5,2026-04-20,5,220.05
8909,8,6,2026-04-20,5,2216.5
8910,8,23,2026-04-20,1,50.0
8911,8,39,2026-04-20,2,947.48
8912,8,2,2026-04-20,4,222.36
8913,8,25,2026-04-20,1,233.5
8914,8,32,2026-04-20,3,1370.25
8915,8,38,2026-04-20,5,617.65
8916,8,18,2026-04-20,4,803.36
8917,8,28,2026-04-20,2,684.9
8918,8,40,2026-04-20,4,1635.72
8919,8,36,2026-04-20,1,301.48
8920,9,21,2026-04-20,5,2247.1
8921,9,24,2026-04-20,2,161.32
8922,9,2,2026-04-20,2,111.18
8923,9,17,2026-04-20,2,877.6
8924,9,40,2026-04-20,2,817.86
8925,9,28,2026-04-20,1,342.45
8926,9,36,2026-04-20,1,301.48
8927,9,8,2026-04-20,4,1206.08
8928,9,13,2026-04-20,1,85.88
8929,9,6,2026-04-20,2,886.6
8930,10,28,2026-04-20,4,1004.52
8931,10,30,2026-04-20,3,484.46
8932,10,13,2026-04-20,2,125.96
8933,10,12,2026-04-20,3,674.34
8934,10,35,2026-04-20,4,1399.14
8935,10,5,2026-04-20,1,32.27
8936,10,31,2026-04-20,2,712.92
8937,10,22,2026-04-20,5,1828.49
8938,11,27,2026-04-20,4,1724.36
8939,11,35,2026-04-20,1,476.98
8940,11,5,2026-04-20,3,132.03
8941,11,21,2026-04-20,2,898.84
8942,11,11,2026-04-20,5,904.3
8943,11,2,2026-04-20,5,277.95
8944,11,39,2026-04-20,1,473.74
8945,11,11,2026-04-20,3,542.58
8946,11,20,2026-04-20,4,1087.16
8947,11,24,2026-04-20,4,322.64
8948,11,38,2026-04-20,5,617.65
8949,11,10,2026-04-20,4,1278.64
8950,11,36,2026-04-20,2,602.96
8951,12,40,2026-04-20,3,1226.79
8952,12,25,2026-04-20,1,233.5
8953,12,19,2026-04-20,3,227.16
8954,12,6,2026-04-20,1,443.3
8955,12,9,2026-04-20,1,433.91
8956,12,26,2026-04-20,1,498.08
8957,1,20,2026-04-21,5,1358.95
8958,1,29,2026-04-21,2,770.92
8959,1,12,2026-04-21,1,306.52
8960,1,7,2026-04-21,5,1768.8
8961,1,19,2026-04-21,3,227.16
8962,1,14,2026-04-21,2,227.42
8963,1,33,2026-04-21,3,980.29
8964,1,35,2026-04-21,4,1907.92
8965,2,35,2026-04-21,1,476.98
8966,2,9,2026-04-21,3,1301.73
8967,2,8,2026-04-21,1,300.44
8968,2,3,2026-04-21,5,2122.55
8969,2,21,2026-04-21,5,2247.1
8970,2,35,2026-04-21,2,953.96
8971,2,12,2026-04-21,4,1226.08
8972,2,14,2026-04-21,4,454.84
8973,2,4,2026-04-21,3,1098.66
8974,2,40,2026-04-21,3,1226.79
8975,2,15,2026-04-21,2,236.76
8976,2,28,2026-04-21,5,1712.25
8977,3,32,2026-04-21,5,2283.75
8978,3,4,2026-04-21,5,1831.1
8979,3,13,2026-04-21,2,171.76
8980,3,23,2026-04-21,1,50.0
8981,3,31,2026-04-21,4,1944.32
8982,3,30,2026-04-21,1,220.21
8983,3,13,2026-04-21,5,429.4
8984,3,8,2026-04-21,4,1201.78
8985,3,14,2026-04-21,3,341.13
8986,3,28,2026-04-21,2,684.9
8987,3,7,2026-04-21,3,1061.28
8988,3,31,2026-04-21,2,972.16
8989,3,17,2026-04-21,4,1755.2
8990,4,17,2026-04-21,4,1755.2
8991,4,3,2026-04-21,2,849.02
8992,4,20,2026-04-21,5,1358.95
8993,4,9,2026-04-21,3,1301.73
8994,4,22,2026-04-21,2,997.36
8995,4,16,2026-04-21,1,203.58
8996,4,32,2026-04-21,5,2283.75
8997,4,9,2026-04-21,3,1301.73
8998,4,7,2026-04-21,3,1061.28
8999,4,9,2026-04-21,5,2169.55
9000,4,27,2026-04-21,1,431.09
9001,4,22,2026-04-21,3,1496.04
9002,4,38,2026-04-21,5,617.65
9003,5,36,2026-04-21,2,602.96
9004,5,11,2026-04-21,4,723.44
9005,5,14,2026-04-21,3,341.13
9006,5,15,2026-04-21,4,473.52
9007,5,7,2026-04-21,1,353.76
9008,5,12,2026-04-21,3,919.56
9009,5,39,2026-04-21,2,947.48
9010,5,13,2026-04-21,2,171.76
9011,5,12,2026-04-21,2,613.04
9012,5,19,2026-04-21,1,75.72
9013,6,25,2026-04-21,2,465.34
9014,6,9,2026-04-21,4,1735.64
9015,6,25,2026-04-21,4,930.68
9016,6,29,2026-04-21,3,1156.38
9017,6,25,2026-04-21,2,465.34
9018,6,33,2026-04-21,1,326.76
9019,6,34,2026-04-21,5,403.3
9020,6,36,2026-04-21,4,1205.92
9021,6,39,2026-04-21,3,1421.22
9022,6,19,2026-04-21,4,302.88
9023,6,23,2026-04-21,4,200.0
9024,6,22,2026-04-21,3,1496.04
9025,6,19,2026-04-21,4,302.88
9026,6,20,2026-04-21,4,1087.16
9027,6,39,2026-04-21,1,473.74
9028,7,9,2026-04-21,3,950.26
9029,7,39,2026-04-21,3,1037.49
9030,7,31,2026-04-21,2,709.68
9031,7,40,2026-04-21,5,1492.59
9032,7,34,2026-04-21,4,235.53
9033,7,35,2026-04-21,1,348.2
9034,7,18,2026-04-21,2,293.23
9035,7,30,2026-04-21,3,482.26
9036,7,35,2026-04-21,5,1740.98
9037,7,31,2026-04-21,1,354.84
9038,7,9,2026-04-21,3,950.26
9039,8,12,2026-04-21,2,613.04
9040,8,38,2026-04-21,5,617.65
9041,8,26,2026-04-21,2,996.16
9042,8,32,2026-04-21,4,1827.0
9043,8,17,2026-04-21,4,1755.2
9044,8,32,2026-04-21,3,1370.25
9045,8,15,2026-04-21,2,236.76
9046,8,23,2026-04-21,2,100.0
9047,8,4,2026-04-21,2,732.44
9048,8,6,2026-04-21,2,886.6
9049,9,33,2026-04-21,1,326.76
9050,9,29,2026-04-21,3,1156.38
9051,9,39,2026-04-21,5,2368.7
9052,9,25,2026-04-21,1,232.67
9053,9,32,2026-04-21,2,913.5
9054,9,36,2026-04-21,4,1205.92
9055,9,20,2026-04-21,4,1087.16
9056,9,27,2026-04-21,2,862.18
9057,9,2,2026-04-21,1,55.59
9058,9,17,2026-04-21,1,438.8
9059,9,15,2026-04-21,3,355.14
9060,9,26,2026-04-21,4,1992.32
9061,9,9,2026-04-21,2,867.82
9062,9,4,2026-04-21,1,366.22
9063,10,33,2026-04-21,5,1192.69
9064,10,34,2026-04-21,3,176.65
9065,10,39,2026-04-21,5,1729.15
9066,10,10,2026-04-21,4,933.41
9067,11,36,2026-04-21,4,1205.92
9068,11,16,2026-04-21,2,407.16
9069,11,22,2026-04-21,1,498.68
9070,11,21,2026-04-21,1,449.42
9071,11,15,2026-04-21,2,236.76
9072,12,26,2026-04-21,4,1992.32
9073,12,37,2026-04-21,3,1394.7
9074,12,30,2026-04-21,5,1101.05
9075,12,26,2026-04-21,2,996.16
9076,12,23,2026-04-21,4,200.0
9077,12,32,2026-04-21,1,456.75
9078,12,38,2026-04-21,4,494.12
9079,12,31,2026-04-21,4,1944.32
9080,12,33,2026-04-21,3,980.29
9081,1,20,2026-04-22,4,1087.16
9082,1,6,2026-04-22,3,1329.9
9083,1,7,2026-04-22,1,353.76
9084,1,26,2026-04-22,1,498.08
9085,1,29,2026-04-22,1,385.46
9086,1,30,2026-04-22,1,220.21
9087,1,34,2026-04-22,1,80.66
9088,1,15,2026-04-22,4,473.52
9089,1,29,2026-04-22,5,1927.3
9090,1,28,2026-04-22,2,684.9
9091,1,15,2026-04-22,1,118.38
9092,1,15,2026-04-22,5,591.9
9093,1,5,2026-04-22,5,220.05
9094,2,27,2026-04-22,4,1724.36
9095,2,6,2026-04-22,3,1329.9
9096,2,33,2026-04-22,1,325.59
9097,2,30,2026-04-22,5,1101.05
9098,2,34,2026-04-22,2,161.32
9099,2,11,2026-04-22,4,723.44
9100,2,36,2026-04-22,4,1205.92
9101,2,35,2026-04-22,4,1907.92
9102,2,6,2026-04-22,3,1329.9
9103,2,20,2026-04-22,5,1358.95
9104,2,22,2026-04-22,2,997.36
9105,2,16,2026-04-22,1,203.58
9106,3,2,2026-04-22,1,55.59
9107,3,21,2026-04-22,5,2247.1
9108,3,40,2026-04-22,2,817.86
9109,3,30,2026-04-22,4,880.84
9110,3,13,2026-04-22,1,85.88
9111,3,33,2026-04-22,4,1302.37
9112,3,32,2026-04-22,5,2283.75
9113,3,37,2026-04-22,5,2324.5
9114,4,16,2026-04-22,5,1017.9
9115,4,40,2026-04-22,4,1635.72
9116,4,7,2026-04-22,1,353.76
9117,4,24,2026-04-22,5,403.3
9118,4,19,2026-04-22,5,378.6
9119,4,9,2026-04-22,5,2169.55
9120,4,27,2026-04-22,1,431.09
9121,4,32,2026-04-22,2,913.5
9122,4,28,2026-04-22,1,342.45
9123,4,36,2026-04-22,2,602.96
9124,4,25,2026-04-22,5,1159.18
9125,4,5,2026-04-22,2,88.02
9126,4,19,2026-04-22,1,75.72
9127,4,12,2026-04-22,5,1532.6
9128,4,18,2026-04-22,4,803.36
9129,5,26,2026-04-22,3,1494.24
9130,5,38,2026-04-22,1,123.53
9131,5,22,2026-04-22,1,498.68
9132,5,6,2026-04-22,2,886.6
9133,5,17,2026-04-22,5,2194.0
9134,5,18,2026-04-22,2,401.68
9135,5,2,2026-04-22,2,111.18
9136,5,23,2026-04-22,1,50.0
9137,5,21,2026-04-22,5,2247.1
9138,5,2,2026-04-22,3,166.77
9139,5,10,2026-04-22,1,319.66
9140,5,13,2026-04-22,1,85.88
9141,5,2,2026-04-22,1,55.59
9142,5,7,2026-04-22,5,1768.8
9143,5,22,2026-04-22,3,1496.04
9144,6,29,2026-04-22,5,1927.3
9145,6,7,2026-04-22,2,707.52
9146,6,1,2026-04-22,4,570.2
9147,6,11,2026-04-22,1,180.86
9148,6,3,2026-04-22,2,849.02
9149,6,15,2026-04-22,3,355.14
9150,6,18,2026-04-22,1,200.84
9151,6,17,2026-04-22,5,2194.0
9152,7,38,2026-04-22,3,269.3
9153,7,29,2026-04-22,5,1400.5
9154,7,19,2026-04-22,4,220.09
9155,7,40,2026-04-22,2,594.31
9156,7,27,2026-04-22,5,1566.29
9157,7,23,2026-04-22,4,145.33
9158,7,4,2026-04-22,3,798.36
9159,7,26,2026-04-22,5,1809.69
9160,7,3,2026-04-22,3,925.43
9161,7,13,2026-04-22,5,312.03
9162,7,12,2026-04-22,5,1113.69
9163,7,4,2026-04-22,5,1330.6
9164,7,12,2026-04-22,2,445.48
9165,7,26,2026-04-22,1,361.94
9166,7,19,2026-04-22,1,55.02
9167,8,23,2026-04-22,1,50.0
9168,8,21,2026-04-22,2,898.84
9169,8,33,2026-04-22,2,651.18
9170,8,2,2026-04-22,3,166.77
9171,8,30,2026-04-22,2,440.42
9172,8,27,2026-04-22,2,862.18
9173,9,29,2026-04-22,5,1927.3
9174,9,38,2026-04-22,2,247.06
9175,9,14,2026-04-22,5,568.55
9176,9,17,2026-04-22,3,1316.4
9177,9,32,2026-04-22,3,1370.25
9178,9,1,2026-04-22,2,285.1
9179,9,24,2026-04-22,5,403.3
9180,9,7,2026-04-22,4,1415.04
9181,9,12,2026-04-22,1,306.52
9182,9,23,2026-04-22,5,250.0
9183,9,5,2026-04-22,3,132.03
9184,9,32,2026-04-22,3,1370.25
9185,10,34,2026-04-22,2,117.23
9186,10,19,2026-04-22,4,220.09
9187,10,22,2026-04-22,4,1449.5
9188,10,25,2026-04-22,1,168.47
9189,10,6,2026-04-22,3,966.39
9190,10,12,2026-04-22,4,890.95
9191,10,33,2026-04-22,2,473.19
9192,10,1,2026-04-22,5,517.93
9193,10,31,2026-04-22,2,706.44
9194,11,31,2026-04-22,3,1458.24
9195,11,38,2026-04-22,2,247.06
9196,11,9,2026-04-22,3,1301.73
9197,11,23,2026-04-22,5,250.0
9198,12,19,2026-04-22,5,378.6
9199,12,23,2026-04-22,5,250.0
9200,12,14,2026-04-22,2,227.42
9201,12,18,2026-04-22,4,803.36
9202,12,37,2026-04-22,2,929.8
9203,12,11,2026-04-22,3,542.58
9204,12,15,2026-04-22,4,473.52
9205,12,34,2026-04-22,4,322.64
9206,12,23,2026-04-22,1,50.0
9207,12,23,2026-04-22,5,250.0
9208,12,4,2026-04-22,2,732.44
9209,12,26,2026-04-22,1,498.08
9210,12,40,2026-04-22,3,1226.79
9211,1,9,2026-04-23,5,2169.55
9212,1,8,2026-04-23,1,298.29
9213,1,7,2026-04-23,5,1768.8
9214,1,21,2026-04-23,4,1797.68
9215,2,23,2026-04-23,3,150.0
9216,2,17,2026-04-23,1,438.8
9217,2,9,2026-04-23,3,1301.73
9218,2,34,2026-04-23,3,241.98
9219,3,24,2026-04-23,3,241.98
9220,3,20,2026-04-23,2,543.58
9221,3,11,2026-04-23,2,361.72
9222,3,3,2026-04-23,3,1273.53
9223,3,13,2026-04-23,1,85.88
9224,3,22,2026-04-23,1,498.68
9225,3,11,2026-04-23,4,723.44
9226,3,27,2026-04-23,2,862.18
9227,3,16,2026-04-23,4,814.32
9228,3,27,2026-04-23,1,431.09
9229,3,36,2026-04-23,1,301.48
9230,3,21,2026-04-23,2,898.84
9231,3,13,2026-04-23,5,429.4
9232,3,29,2026-04-23,3,1156.38
9233,3,35,2026-04-23,5,2384.9
9234,4,21,2026-04-23,4,1797.68
9235,4,13,2026-04-23,1,85.88
9236,4,10,2026-04-23,5,1598.3
9237,4,19,2026-04-23,3,227.16
9238,4,17,2026-04-23,5,2194.0
9239,4,1,2026-04-23,3,427.65
9240,4,11,2026-04-23,5,904.3
9241,4,12,2026-04-23,3,919.56
9242,4,23,2026-04-23,5,250.0
9243,4,34,2026-04-23,1,80.66
9244,4,14,2026-04-23,1,113.71
9245,4,7,2026-04-23,2,707.52
9246,4,9,2026-04-23,3,1301.73
9247,4,19,2026-04-23,4,302.88
9248,4,31,2026-04-23,2,972.16
9249,5,26,2026-04-23,5,2490.4
9250,5,26,2026-04-23,5,2490.4
9251,5,22,2026-04-23,5,2493.4
9252,5,2,2026-04-23,4,222.36
9253,5,14,2026-04-23,4,454.84
9254,5,6,2026-04-23,5,2216.5
9255,5,11,2026-04-23,2,361.72
9256,5,9,2026-04-23,3,1301.73
9257,6,30,2026-04-23,5,1101.05
9258,6,2,2026-04-23,2,111.18
9259,6,31,2026-04-23,2,972.16
9260,7,34,2026-04-23,4,233.38
9261,7,14,2026-04-23,5,411.25
9262,7,28,2026-04-23,3,743.12
9263,7,12,2026-04-23,1,221.72
9264,7,9,2026-04-23,3,941.58
9265,8,13,2026-04-23,2,171.76
9266,8,26,2026-04-23,5,2490.4
9267,8,7,2026-04-23,4,1415.04
9268,8,38,2026-04-23,4,494.12
9269,8,21,2026-04-23,2,898.84
9270,8,37,2026-04-23,4,1859.6
9271,8,17,2026-04-23,3,1316.4
9272,8,27,2026-04-23,4,1724.36
9273,8,7,2026-04-23,5,1768.8
9274,8,37,2026-04-23,3,1394.7
9275,8,15,2026-04-23,3,355.14
9276,8,6,2026-04-23,4,1773.2
9277,8,38,2026-04-23,5,617.65
9278,8,9,2026-04-23,2,867.82
9279,9,21,2026-04-23,1,449.42
9280,9,24,2026-04-23,3,241.98
9281,9,40,2026-04-23,4,1635.72
9282,9,11,2026-04-23,3,542.58
9283,9,12,2026-04-23,1,306.52
9284,9,31,2026-04-23,1,486.08
9285,9,28,2026-04-23,1,342.45
9286,10,11,2026-04-23,2,261.64
9287,10,36,2026-04-23,1,218.07
9288,10,6,2026-04-23,2,641.31
9289,10,14,2026-04-23,5,411.25
9290,10,4,2026-04-23,1,264.9
9291,10,33,2026-04-23,1,234.66
9292,10,36,2026-04-23,3,654.21
9293,10,2,2026-04-23,5,201.05
9294,10,24,2026-04-23,4,233.38
9295,10,23,2026-04-23,1,36.17
9296,10,33,2026-04-23,4,938.66
9297,10,36,2026-04-23,5,1090.35
9298,10,32,2026-04-23,2,660.77
9299,10,20,2026-04-23,4,786.38
9300,11,24,2026-04-23,5,403.3
9301,11,30,2026-04-23,5,1101.05
9302,11,37,2026-04-23,1,464.9
9303,11,37,2026-04-23,4,1859.6
9304,11,9,2026-04-23,1,433.91
9305,11,39,2026-04-23,5,2368.7
9306,11,39,2026-04-23,2,947.48
9307,11,8,2026-04-23,1,298.29
9308,11,21,2026-04-23,4,1797.68
9309,11,31,2026-04-23,5,2430.4
9310,12,33,2026-04-23,3,973.26
9311,12,16,2026-04-23,2,407.16
9312,12,40,2026-04-23,5,2044.65
9313,12,35,2026-04-23,5,2384.9
9314,12,7,2026-04-23,1,353.76
9315,12,32,2026-04-23,5,2283.75
9316,12,31,2026-04-23,4,1944.32
9317,12,31,2026-04-23,2,972.16
9318,12,5,2026-04-23,5,220.05
9319,12,39,2026-04-23,2,947.48
9320,12,34,2026-04-23,2,161.32
9321,12,35,2026-04-23,1,476.98
9322,12,27,2026-04-23,3,1293.27
9323,12,18,2026-04-23,2,401.68
9324,1,28,2026-04-24,3,1027.35
9325,1,23,2026-04-24,1,50.0
9326,1,17,2026-04-24,4,1755.2
9327,1,1,2026-04-24,4,570.2
9328,1,36,2026-04-24,4,1205.92
9329,1,19,2026-04-24,2,151.44
9330,1,7,2026-04-24,3,1061.28
9331,1,13,2026-04-24,1,85.88
9332,1,16,2026-04-24,3,610.74
9333,1,39,2026-04-24,2,947.48
9334,1,13,2026-04-24,5,429.4
9335,2,30,2026-04-24,1,220.21
9336,2,1,2026-04-24,3,427.65
9337,2,33,2026-04-24,3,969.75
9338,2,30,2026-04-24,4,880.84
9339,2,33,2026-04-24,3,969.75
9340,2,36,2026-04-24,3,904.44
9341,2,29,2026-04-24,2,770.92
9342,2,35,2026-04-24,1,476.98
9343,2,32,2026-04-24,5,2283.75
9344,2,2,2026-04-24,4,222.36
9345,2,18,2026-04-24,2,401.68
9346,2,23,2026-04-24,3,150.0
9347,2,20,2026-04-24,5,1358.95
9348,2,7,2026-04-24,1,353.76
9349,2,29,2026-04-24,4,1541.84
9350,3,1,2026-04-24,4,570.2
9351,3,31,2026-04-24,1,486.08
9352,3,18,2026-04-24,3,602.52
9353,3,32,2026-04-24,1,456.75
9354,3,32,2026-04-24,5,2283.75
9355,3,21,2026-04-24,4,1797.68
9356,3,11,2026-04-24,3,542.58
9357,3,40,2026-04-24,3,1226.79
9358,3,33,2026-04-24,3,969.75
9359,3,27,2026-04-24,1,431.09
9360,3,29,2026-04-24,1,385.46
9361,3,10,2026-04-24,3,958.98
9362,4,29,2026-04-24,2,770.92
9363,4,37,2026-04-24,4,1859.6
9364,4,11,2026-04-24,3,542.58
9365,4,34,2026-04-24,1,80.66
9366,4,32,2026-04-24,1,456.75
9367,4,22,2026-04-24,4,1994.72
9368,4,38,2026-04-24,4,494.12
9369,4,27,2026-04-24,2,862.18
9370,4,30,2026-04-24,1,220.21
9371,4,1,2026-04-24,5,712.75
9372,4,23,2026-04-24,5,250.0
9373,4,5,2026-04-24,2,88.02
9374,4,34,2026-04-24,4,322.64
9375,4,33,2026-04-24,1,323.25
9376,5,5,2026-04-24,1,44.01
9377,5,39,2026-04-24,2,947.48
9378,5,13,2026-04-24,3,257.64
9379,5,4,2026-04-24,2,732.44
9380,5,37,2026-04-24,4,1859.6
9381,5,14,2026-04-24,4,454.84
9382,5,17,2026-04-24,3,1316.4
9383,5,16,2026-04-24,3,610.74
9384,5,13,2026-04-24,3,257.64
9385,5,39,2026-04-24,4,1894.96
9386,6,3,2026-04-24,5,2122.55
9387,6,30,2026-04-24,3,660.63
9388,6,28,2026-04-24,1,342.45
9389,6,11,2026-04-24,4,723.44
9390,6,17,2026-04-24,4,1755.2
9391,7,37,2026-04-24,2,669.46
9392,7,25,2026-04-24,3,497.16
9393,7,18,2026-04-24,4,578.42
9394,7,23,2026-04-24,1,36.0
9395,7,17,2026-04-24,3,947.81
9396,8,21,2026-04-24,2,898.84
9397,8,23,2026-04-24,1,50.0
9398,8,40,2026-04-24,2,817.86
9399,8,31,2026-04-24,3,1458.24
9400,8,39,2026-04-24,1,473.74
9401,8,15,2026-04-24,2,236.76
9402,8,24,2026-04-24,4,322.64
9403,8,10,2026-04-24,4,1278.64
9404,8,40,2026-04-24,3,1226.79
9405,8,19,2026-04-24,1,75.72
9406,8,32,2026-04-24,2,913.5
9407,8,15,2026-04-24,2,236.76
9408,8,8,2026-04-24,4,1188.85
9409,8,30,2026-04-24,3,660.63
9410,9,27,2026-04-24,4,1724.36
9411,9,1,2026-04-24,4,570.2
9412,9,4,2026-04-24,5,1831.1
9413,9,7,2026-04-24,4,1415.04
9414,10,17,2026-04-24,2,631.87
9415,10,13,2026-04-24,3,185.5
9416,10,23,2026-04-24,4,144.0
9417,10,9,2026-04-24,5,1562.08
9418,10,29,2026-04-24,4,1110.12
9419,10,15,2026-04-24,2,170.47
9420,10,34,2026-04-24,1,58.08
9421,10,3,2026-04-24,1,305.65
9422,10,6,2026-04-24,1,319.18
9423,10,14,2026-04-24,2,163.74
9424,10,6,2026-04-24,2,638.35
9425,10,32,2026-04-24,3,986.58
9426,10,26,2026-04-24,5,1793.09
9427,10,18,2026-04-24,1,144.6
9428,10,26,2026-04-24,2,717.24
9429,11,30,2026-04-24,3,660.63
9430,11,28,2026-04-24,4,1369.8
9431,11,31,2026-04-24,5,2430.4
9432,12,6,2026-04-24,1,443.3
9433,12,36,2026-04-24,4,1205.92
9434,12,34,2026-04-24,4,322.64
9435,12,40,2026-04-24,3,1226.79
9436,12,24,2026-04-24,3,241.98
9437,12,8,2026-04-24,4,1188.85
9438,12,4,2026-04-24,1,366.22
9439,12,30,2026-04-24,4,880.84
9440,12,39,2026-04-24,2,947.48
9441,12,30,2026-04-24,5,1101.05
9442,12,22,2026-04-24,2,997.36
9443,12,30,2026-04-24,5,1101.05
9444,12,39,2026-04-24,2,947.48
9445,12,12,2026-04-24,2,613.04
9446,1,12,2026-04-25,1,306.52
9447,1,13,2026-04-25,3,257.64
9448,1,7,2026-04-25,2,707.52
9449,1,10,2026-04-25,4,1278.64
9450,1,7,2026-04-25,2,707.52
9451,1,40,2026-04-25,4,1635.72
9452,1,23,2026-04-25,1,50.0
9453,2,25,2026-04-25,5,1146.67
9454,2,37,2026-04-25,5,2324.5
9455,2,37,2026-04-25,2,929.8
9456,2,5,2026-04-25,2,88.02
9457,2,31,2026-04-25,5,2430.4
9458,2,23,2026-04-25,2,100.0
9459,2,38,2026-04-25,2,247.06
9460,2,38,2026-04-25,1,123.53
9461,2,25,2026-04-25,2,458.67
9462,2,30,2026-04-25,4,880.84
9463,2,39,2026-04-25,1,473.74
9464,2,3,2026-04-25,3,1273.53
9465,2,18,2026-04-25,2,401.68
9466,2,13,2026-04-25,2,171.76
9467,3,3,2026-04-25,1,424.51
9468,3,8,2026-04-25,5,1480.68
9469,3,30,2026-04-25,2,440.42
9470,3,39,2026-04-25,1,473.74
9471,3,6,2026-04-25,1,443.3
9472,3,15,2026-04-25,4,473.52
9473,3,38,2026-04-25,4,494.12
9474,3,8,2026-04-25,5,1480.68
9475,3,21,2026-04-25,3,1348.26
9476,4,38,2026-04-25,2,247.06
9477,4,39,2026-04-25,2,947.48
9478,4,38,2026-04-25,3,370.59
9479,4,6,2026-04-25,4,1773.2
9480,4,26,2026-04-25,4,1992.32
9481,4,37,2026-04-25,1,464.9
9482,4,7,2026-04-25,5,1768.8
9483,4,39,2026-04-25,4,1894.96
9484,4,39,2026-04-25,1,473.74
9485,4,5,2026-04-25,3,132.03
9486,4,18,2026-04-25,1,200.84
9487,4,35,2026-04-25,3,1430.94
9488,4,33,2026-04-25,3,966.24
9489,4,6,2026-04-25,3,1329.9
9490,5,28,2026-04-25,4,1369.8
9491,5,33,2026-04-25,2,644.16
9492,5,16,2026-04-25,3,610.74
9493,5,18,2026-04-25,1,200.84
9494,5,14,2026-04-25,2,227.42
9495,5,20,2026-04-25,1,271.79
9496,5,6,2026-04-25,1,443.3
9497,5,7,2026-04-25,1,353.76
9498,6,9,2026-04-25,3,1301.73
9499,6,36,2026-04-25,2,602.96
9500,6,7,2026-04-25,3,1061.28
9501,6,4,2026-04-25,4,1464.88
9502,6,26,2026-04-25,3,1494.24
9503,6,17,2026-04-25,5,2194.0
9504,6,32,2026-04-25,1,456.75
9505,6,28,2026-04-25,4,1369.8
9506,6,27,2026-04-25,2,862.18
9507,6,7,2026-04-25,3,1061.28
9508,6,24,2026-04-25,4,322.64
9509,6,37,2026-04-25,3,1394.7
9510,6,32,2026-04-25,3,1370.25
9511,7,15,2026-04-25,1,84.84
9512,7,16,2026-04-25,1,145.9
9513,7,18,2026-04-25,1,143.94
9514,7,24,2026-04-25,5,289.03
9515,7,28,2026-04-25,2,490.84
9516,7,13,2026-04-25,3,184.64
9517,7,30,2026-04-25,3,473.45
9518,8,32,2026-04-25,3,1370.25
9519,8,12,2026-04-25,5,1532.6
9520,8,29,2026-04-25,5,1927.3
9521,8,36,2026-04-25,5,1507.4
9522,8,6,2026-04-25,3,1329.9
9523,8,12,2026-04-25,2,613.04
9524,8,8,2026-04-25,3,888.41
9525,8,7,2026-04-25,2,707.52
9526,8,32,2026-04-25,5,2283.75
9527,8,6,2026-04-25,4,1773.2
9528,8,35,2026-04-25,1,476.98
9529,8,25,2026-04-25,1,229.33
9530,8,25,2026-04-25,2,458.67
9531,8,6,2026-04-25,5,2216.5
9532,9,26,2026-04-25,1,498.08
9533,9,4,2026-04-25,5,1831.1
9534,9,4,2026-04-25,2,732.44
9535,9,25,2026-04-25,2,458.67
9536,10,33,2026-04-25,4,923.29
9537,10,14,2026-04-25,1,81.49
9538,10,10,2026-04-25,1,229.09
9539,10,29,2026-04-25,5,1381.23
9540,10,18,2026-04-25,5,719.68
9541,10,8,2026-04-25,3,636.69
9542,10,19,2026-04-25,3,162.8
9543,10,29,2026-04-25,4,1104.99
9544,10,6,2026-04-25,2,635.4
9545,10,31,2026-04-25,5,1741.79
9546,10,24,2026-04-25,2,115.61
9547,10,32,2026-04-25,1,327.34
9548,10,29,2026-04-25,2,552.49
9549,10,22,2026-04-25,2,714.77
9550,11,25,2026-04-25,5,1146.67
9551,11,16,2026-04-25,3,610.74
9552,11,11,2026-04-25,5,904.3
9553,11,8,2026-04-25,3,888.41
9554,11,17,2026-04-25,3,1316.4
9555,11,40,2026-04-25,4,1635.72
9556,11,40,2026-04-25,1,408.93
9557,11,25,2026-04-25,4,917.34
9558,11,11,2026-04-25,1,180.86
9559,12,3,2026-04-25,4,1698.04
9560,12,19,2026-04-25,5,378.6
9561,12,8,2026-04-25,5,1480.68
9562,12,21,2026-04-25,1,449.42
9563,12,26,2026-04-25,2,996.16
9564,12,7,2026-04-25,5,1768.8
9565,12,10,2026-04-25,3,958.98
9566,12,39,2026-04-25,2,947.48
9567,12,36,2026-04-25,3,904.44
9568,12,4,2026-04-25,1,366.22
9569,1,18,2026-04-26,1,200.84
9570,1,1,2026-04-26,2,285.1
9571,1,21,2026-04-26,4,1797.68
9572,1,23,2026-04-26,4,200.0
9573,1,28,2026-04-26,5,1712.25
9574,1,31,2026-04-26,5,2430.4
9575,1,33,2026-04-26,1,320.91
9576,1,7,2026-04-26,2,707.52
9577,1,22,2026-04-26,4,1994.72
9578,1,33,2026-04-26,5,1604.54
9579,1,2,2026-04-26,4,222.36
9580,1,18,2026-04-26,5,1004.2
9581,2,27,2026-04-26,4,1724.36
9582,2,14,2026-04-26,4,454.84
9583,2,27,2026-04-26,5,2155.45
9584,2,25,2026-04-26,3,685.5
9585,2,38,2026-04-26,2,247.06
9586,2,18,2026-04-26,2,401.68
9587,2,14,2026-04-26,1,113.71
9588,2,32,2026-04-26,2,913.5
9589,2,14,2026-04-26,5,568.55
9590,2,27,2026-04-26,2,862.18
9591,2,25,2026-04-26,5,1142.5
9592,2,37,2026-04-26,1,464.9
9593,2,30,2026-04-26,5,1101.05
9594,2,12,2026-04-26,4,1226.08
9595,2,20,2026-04-26,5,1358.95
9596,3,13,2026-04-26,5,429.4
9597,3,18,2026-04-26,3,602.52
9598,3,1,2026-04-26,3,427.65
9599,3,32,2026-04-26,2,913.5
9600,3,34,2026-04-26,3,241.98
9601,3,24,2026-04-26,3,241.98
9602,3,10,2026-04-26,5,1598.3
9603,3,14,2026-04-26,1,113.71
9604,3,17,2026-04-26,2,877.6
9605,3,16,2026-04-26,2,407.16
9606,3,33,2026-04-26,1,320.91
9607,3,10,2026-04-26,5,1598.3
9608,3,19,2026-04-26,2,151.44
9609,3,36,2026-04-26,3,904.44
9610,4,39,2026-04-26,2,947.48
9611,4,19,2026-04-26,3,227.16
9612,4,12,2026-04-26,2,613.04
9613,5,35,2026-04-26,1,476.98
9614,5,29,2026-04-26,2,770.92
9615,5,17,2026-04-26,2,877.6
9616,5,8,2026-04-26,5,1475.3
9617,5,4,2026-04-26,1,366.22
9618,5,27,2026-04-26,1,431.09
9619,5,19,2026-04-26,3,227.16
9620,6,1,2026-04-26,5,712.75
9621,6,19,2026-04-26,3,227.16
9622,6,30,2026-04-26,3,660.63
9623,6,21,2026-04-26,1,449.42
9624,6,14,2026-04-26,5,568.55
9625,6,22,2026-04-26,3,1496.04
9626,6,8,2026-04-26,2,590.12
9627,6,12,2026-04-26,4,1226.08
9628,6,37,2026-04-26,5,2324.5
9629,6,20,2026-04-26,3,815.37
9630,6,1,2026-04-26,3,427.65
9631,6,21,2026-04-26,1,449.42
9632,6,29,2026-04-26,1,385.46
9633,7,13,2026-04-26,2,122.52
9634,7,21,2026-04-26,3,961.76
9635,7,19,2026-04-26,2,108.03
9636,7,7,2026-04-26,3,757.05
9637,7,25,2026-04-26,1,163.0
9638,7,37,2026-04-26,5,1658.14
9639,7,10,2026-04-26,5,1140.12
9640,7,20,2026-04-26,1,193.88
9641,8,16,2026-04-26,4,814.32
9642,8,12,2026-04-26,3,919.56
9643,8,16,2026-04-26,5,1017.9
9644,8,37,2026-04-26,5,2324.5
9645,8,5,2026-04-26,2,88.02
9646,8,16,2026-04-26,4,814.32
9647,8,28,2026-04-26,2,684.9
9648,8,31,2026-04-26,3,1458.24
9649,8,21,2026-04-26,3,1348.26
9650,8,23,2026-04-26,2,100.0
9651,8,40,2026-04-26,5,2044.65
9652,8,34,2026-04-26,4,322.64
9653,8,19,2026-04-26,2,151.44
9654,8,13,2026-04-26,4,343.52
9655,9,31,2026-04-26,4,1944.32
9656,9,33,2026-04-26,3,962.72
9657,9,34,2026-04-26,2,161.32
9658,9,16,2026-04-26,4,814.32
9659,9,40,2026-04-26,1,408.93
9660,9,1,2026-04-26,4,570.2
9661,10,27,2026-04-26,4,1230.04
9662,10,3,2026-04-26,2,605.63
9663,10,35,2026-04-26,2,680.49
9664,10,1,2026-04-26,2,203.37
9665,10,16,2026-04-26,5,726.1
9666,11,15,2026-04-26,2,236.76
9667,11,33,2026-04-26,3,962.72
9668,11,17,2026-04-26,1,438.8
9669,11,26,2026-04-26,3,1494.24
9670,11,32,2026-04-26,2,913.5
9671,11,10,2026-04-26,2,639.32
9672,11,38,2026-04-26,4,494.12
9673,11,34,2026-04-26,5,403.3
9674,11,27,2026-04-26,2,862.18
9675,11,31,2026-04-26,1,486.08
9676,12,32,2026-04-26,1,456.75
9677,12,5,2026-04-26,4,176.04
9678,12,24,2026-04-26,2,161.32
9679,12,16,2026-04-26,4,814.32
9680,12,33,2026-04-26,4,1283.63
9681,1,27,2026-04-27,5,2155.45
9682,1,25,2026-04-27,2,455.33
9683,1,33,2026-04-27,1,319.74
9684,1,23,2026-04-27,5,250.0
9685,2,36,2026-04-27,4,1205.92
9686,2,24,2026-04-27,4,322.64
9687,2,37,2026-04-27,1,464.9
9688,2,32,2026-04-27,1,456.75
9689,3,15,2026-04-27,1,118.38
9690,3,40,2026-04-27,2,817.86
9691,3,25,2026-04-27,2,455.33
9692,4,26,2026-04-27,1,498.08
9693,4,21,2026-04-27,3,1348.26
9694,4,6,2026-04-27,2,886.6
9695,4,5,2026-04-27,5,220.05
9696,4,28,2026-04-27,1,342.45
9697,4,13,2026-04-27,1,85.88
9698,4,40,2026-04-27,1,408.93
9699,4,5,2026-04-27,5,220.05
9700,4,9,2026-04-27,3,1301.73
9701,4,28,2026-04-27,1,342.45
9702,4,19,2026-04-27,2,151.44
9703,4,40,2026-04-27,2,817.86
9704,4,18,2026-04-27,4,803.36
9705,4,9,2026-04-27,5,2169.55
9706,4,4,2026-04-27,4,1464.88
9707,5,25,2026-04-27,3,683.0
9708,5,16,2026-04-27,3,610.74
9709,5,35,2026-04-27,4,1907.92
9710,5,32,2026-04-27,2,913.5
9711,5,34,2026-04-27,2,161.32
9712,6,16,2026-04-27,5,1017.9
9713,6,33,2026-04-27,3,959.21
9714,6,13,2026-04-27,5,429.4
9715,7,11,2026-04-27,1,128.41
9716,7,11,2026-04-27,1,128.41
9717,7,30,2026-04-27,1,156.35
9718,7,22,2026-04-27,5,1770.31
9719,8,32,2026-04-27,1,456.75
9720,8,37,2026-04-27,5,2324.5
9721,8,24,2026-04-27,4,322.64
9722,8,6,2026-04-27,2,886.6
9723,8,14,2026-04-27,1,113.71
9724,8,13,2026-04-27,2,171.76
9725,8,20,2026-04-27,1,271.79
9726,9,35,2026-04-27,4,1907.92
9727,9,36,2026-04-27,4,1205.92
9728,9,15,2026-04-27,2,236.76
9729,9,3,2026-04-27,3,1273.53
9730,9,26,2026-04-27,3,1494.24
9731,9,40,2026-04-27,2,817.86
9732,10,30,2026-04-27,4,625.4
9733,10,39,2026-04-27,1,336.36
9734,10,10,2026-04-27,4,907.83
9735,10,30,2026-04-27,2,312.7
9736,10,17,2026-04-27,1,311.55
9737,10,27,2026-04-27,2,612.15
9738,10,4,2026-04-27,1,260.02
9739,10,4,2026-04-27,3,780.05
9740,10,20,2026-04-27,3,578.91
9741,10,19,2026-04-27,1,53.76
9742,10,9,2026-04-27,5,1540.38
9743,10,6,2026-04-27,3,944.23
9744,10,18,2026-04-27,1,142.6
9745,11,9,2026-04-27,1,433.91
9746,11,34,2026-04-27,1,80.66
9747,11,21,2026-04-27,5,2247.1
9748,11,14,2026-04-27,2,227.42
9749,11,23,2026-04-27,2,100.0
9750,11,16,2026-04-27,4,814.32
9751,11,16,2026-04-27,5,1017.9
9752,11,18,2026-04-27,3,602.52
9753,12,26,2026-04-27,2,996.16
9754,12,38,2026-04-27,4,494.12
9755,12,28,2026-04-27,2,684.9
9756,12,8,2026-04-27,3,881.95
9757,12,7,2026-04-27,5,1768.8
9758,12,8,2026-04-27,3,881.95
9759,12,6,2026-04-27,3,1329.9
9760,12,9,2026-04-27,1,433.91
9761,12,39,2026-04-27,3,1421.22
9762,12,33,2026-04-27,4,1278.94
9763,12,15,2026-04-27,3,355.14
9764,12,16,2026-04-27,3,610.74
9765,1,14,2026-04-28,1,113.71
9766,1,32,2026-04-28,1,456.75
9767,1,6,2026-04-28,2,886.6
9768,1,8,2026-04-28,2,585.81
9769,1,17,2026-04-28,3,1316.4
9770,1,25,2026-04-28,2,453.67
9771,1,9,2026-04-28,4,1735.64
9772,1,18,2026-04-28,4,803.36
9773,1,17,2026-04-28,4,1755.2
9774,1,18,2026-04-28,1,200.84
9775,1,22,2026-04-28,1,498.68
9776,1,11,2026-04-28,5,904.3
9777,1,9,2026-04-28,4,1735.64
9778,1,21,2026-04-28,3,1348.26
9779,1,39,2026-04-28,2,947.48
9780,2,27,2026-04-28,3,1293.27
9781,2,30,2026-04-28,2,440.42
9782,2,21,2026-04-28,2,898.84
9783,2,12,2026-04-28,4,1226.08
9784,3,14,2026-04-28,3,341.13
9785,3,4,2026-04-28,4,1464.88
9786,3,34,2026-04-28,4,322.64
9787,3,3,2026-04-28,4,1698.04
9788,3,12,2026-04-28,4,1226.08
9789,3,11,2026-04-28,5,904.3
9790,3,25,2026-04-28,3,680.5
9791,3,19,2026-04-28,2,151.44
9792,4,27,2026-04-28,2,862.18
9793,4,6,2026-04-28,4,1773.2
9794,4,24,2026-04-28,4,322.64
9795,4,24,2026-04-28,5,403.3
9796,4,11,2026-04-28,4,723.44
9797,4,6,2026-04-28,5,2216.5
9798,4,12,2026-04-28,5,1532.6
9799,4,22,2026-04-28,4,1994.72
9800,4,22,2026-04-28,5,2493.4
9801,4,8,2026-04-28,5,1464.53
9802,4,8,2026-04-28,2,585.81
9803,4,16,2026-04-28,4,814.32
9804,4,29,2026-04-28,1,385.46
9805,4,6,2026-04-28,5,2216.5
9806,4,39,2026-04-28,4,1894.96
9807,5,23,2026-04-28,5,250.0
9808,5,24,2026-04-28,2,161.32
9809,5,12,2026-04-28,1,306.52
9810,5,38,2026-04-28,2,247.06
9811,5,14,2026-04-28,3,341.13
9812,5,35,2026-04-28,1,476.98
9813,5,15,2026-04-28,2,236.76
9814,5,31,2026-04-28,1,486.08
9815,5,23,2026-04-28,3,150.0
9816,5,7,2026-04-28,5,1768.8
9817,5,21,2026-04-28,4,1797.68
9818,6,17,2026-04-28,1,438.8
9819,6,22,2026-04-28,1,498.68
9820,6,19,2026-04-28,3,227.16
9821,6,18,2026-04-28,3,602.52
9822,6,25,2026-04-28,2,453.67
9823,7,13,2026-04-28,4,242.75
9824,7,38,2026-04-28,2,174.59
9825,7,16,2026-04-28,5,719.32
9826,7,21,2026-04-28,4,1270.36
9827,7,5,2026-04-28,2,62.2
9828,7,15,2026-04-28,2,167.31
9829,7,18,2026-04-28,2,283.85
9830,8,32,2026-04-28,2,913.5
9831,8,26,2026-04-28,1,498.08
9832,8,28,2026-04-28,2,684.9
9833,9,40,2026-04-28,1,408.93
9834,9,4,2026-04-28,4,1464.88
9835,9,13,2026-04-28,3,257.64
9836,9,40,2026-04-28,1,408.93
9837,9,10,2026-04-28,1,319.66
9838,9,5,2026-04-28,5,220.05
9839,9,5,2026-04-28,1,44.01
9840,9,36,2026-04-28,4,1205.92
9841,9,12,2026-04-28,5,1532.6
9842,10,38,2026-04-28,1,87.29
9843,10,32,2026-04-28,2,645.54
9844,10,4,2026-04-28,3,776.39
9845,10,7,2026-04-28,2,499.98
9846,10,21,2026-04-28,1,317.59
9847,11,15,2026-04-28,1,118.38
9848,11,35,2026-04-28,1,476.98
9849,11,35,2026-04-28,5,2384.9
9850,11,3,2026-04-28,4,1698.04
9851,11,10,2026-04-28,2,639.32
9852,11,12,2026-04-28,2,613.04
9853,12,8,2026-04-28,2,585.81
9854,12,13,2026-04-28,5,429.4
9855,12,15,2026-04-28,3,355.14
9856,12,35,2026-04-28,4,1907.92
9857,12,37,2026-04-28,4,1859.6
9858,12,36,2026-04-28,3,904.44
9859,12,18,2026-04-28,4,803.36
9860,12,37,2026-04-28,1,464.9
9861,12,37,2026-04-28,3,1394.7
9862,12,11,2026-04-28,1,180.86
9863,1,39,2026-04-29,1,473.74
9864,1,29,2026-04-29,1,385.46
9865,1,38,2026-04-29,5,617.65
9866,1,34,2026-04-29,2,161.32
9867,1,12,2026-04-29,5,1532.6
9868,2,28,2026-04-29,1,342.45
9869,2,24,2026-04-29,4,322.64
9870,2,32,2026-04-29,4,1827.0
9871,2,38,2026-04-29,4,494.12
9872,2,21,2026-04-29,5,2247.1
9873,3,27,2026-04-29,3,1293.27
9874,3,29,2026-04-29,5,1927.3
9875,3,19,2026-04-29,5,378.6
9876,3,24,2026-04-29,3,241.98
9877,3,21,2026-04-29,2,898.84
9878,3,24,2026-04-29,4,322.64
9879,3,13,2026-04-29,2,171.76
9880,3,6,2026-04-29,3,1329.9
9881,3,23,2026-04-29,1,50.0
9882,3,18,2026-04-29,5,1004.2
9883,3,2,2026-04-29,4,222.36
9884,3,32,2026-04-29,2,913.5
9885,3,29,2026-04-29,2,770.92
9886,3,27,2026-04-29,4,1724.36
9887,4,6,2026-04-29,1,443.3
9888,4,32,2026-04-29,2,913.5
9889,4,19,2026-04-29,4,302.88
9890,4,14,2026-04-29,2,227.42
9891,4,34,2026-04-29,5,403.3
9892,4,21,2026-04-29,5,2247.1
9893,4,22,2026-04-29,1,498.68
9894,4,27,2026-04-29,4,1724.36
9895,4,39,2026-04-29,4,1894.96
9896,4,29,2026-04-29,3,1156.38
9897,4,10,2026-04-29,4,1278.64
9898,4,35,2026-04-29,4,1907.92
9899,5,17,2026-04-29,1,438.8
9900,5,29,2026-04-29,3,1156.38
9901,5,14,2026-04-29,4,454.84
9902,5,12,2026-04-29,2,613.04
9903,5,5,2026-04-29,3,132.03
9904,6,7,2026-04-29,1,353.76
9905,6,19,2026-04-29,1,75.72
9906,6,2,2026-04-29,3,166.77
9907,6,39,2026-04-29,5,2368.7
9908,7,1,2026-04-29,3,300.78
9909,7,37,2026-04-29,1,326.98
9910,7,24,2026-04-29,2,113.46
9911,7,36,2026-04-29,3,636.12
9912,7,13,2026-04-29,2,120.8
9913,7,26,2026-04-29,5,1751.58
9914,7,25,2026-04-29,1,158.95
9915,7,9,2026-04-29,1,305.18
9916,7,11,2026-04-29,2,254.41
9917,7,24,2026-04-29,5,283.65
9918,7,16,2026-04-29,1,143.18
9919,7,6,2026-04-29,3,935.36
9920,7,21,2026-04-29,2,632.18
9921,7,13,2026-04-29,5,302.01
9922,7,36,2026-04-29,2,424.08
9923,8,17,2026-04-29,1,438.8
9924,8,9,2026-04-29,2,867.82
9925,8,36,2026-04-29,3,904.44
9926,8,17,2026-04-29,1,438.8
9927,8,13,2026-04-29,5,429.4
9928,8,17,2026-04-29,5,2194.0
9929,8,23,2026-04-29,1,50.0
9930,8,25,2026-04-29,5,1129.99
9931,8,18,2026-04-29,4,803.36
9932,8,10,2026-04-29,1,319.66
9933,8,17,2026-04-29,1,438.8
9934,8,34,2026-04-29,3,241.98
9935,8,21,2026-04-29,1,449.42
9936,9,6,2026-04-29,1,443.3
9937,9,16,2026-04-29,3,610.74
9938,9,7,2026-04-29,3,1061.28
9939,9,20,2026-04-29,4,1087.16
9940,9,10,2026-04-29,5,1598.3
9941,9,4,2026-04-29,2,732.44
9942,9,38,2026-04-29,3,370.59
9943,10,34,2026-04-29,4,226.92
9944,10,19,2026-04-29,3,159.77
9945,10,6,2026-04-29,2,623.58
9946,10,36,2026-04-29,1,212.04
9947,10,14,2026-04-29,3,239.93
9948,10,22,2026-04-29,4,1402.95
9949,10,21,2026-04-29,5,1580.46
9950,10,12,2026-04-29,1,215.59
9951,10,6,2026-04-29,5,1558.94
9952,10,19,2026-04-29,2,106.51
9953,10,15,2026-04-29,1,83.26
9954,10,7,2026-04-29,5,1244.06
9955,10,3,2026-04-29,4,1194.29
9956,10,39,2026-04-29,4,1332.79
9957,10,23,2026-04-29,5,175.83
9958,11,34,2026-04-29,3,241.98
9959,11,1,2026-04-29,2,285.1
9960,11,17,2026-04-29,2,877.6
9961,12,1,2026-04-29,4,570.2
9962,12,10,2026-04-29,1,319.66
9963,12,38,2026-04-29,1,123.53
9964,12,19,2026-04-29,2,151.44
9965,12,30,2026-04-29,2,440.42
9966,12,12,2026-04-29,2,613.04
9967,12,39,2026-04-29,2,947.48
9968,12,17,2026-04-29,5,2194.0
9969,12,13,2026-04-29,5,429.4
9970,12,21,2026-04-29,5,2247.1
9971,12,1,2026-04-29,5,712.75
9972,12,21,2026-04-29,3,1348.26
9973,12,34,2026-04-29,4,322.64
9974,1,6,2026-04-30,2,886.6
9975,1,22,2026-04-30,3,1496.04
9976,1,10,2026-04-30,3,958.98
9977,1,2,2026-04-30,3,166.77
9978,1,11,2026-04-30,5,904.3
9979,1,7,2026-04-30,4,1415.04
9980,1,16,2026-04-30,1,203.58
9981,1,29,2026-04-30,4,1541.84
9982,1,21,2026-04-30,2,898.84
9983,1,30,2026-04-30,2,440.42
9984,1,13,2026-04-30,5,429.4
9985,1,31,2026-04-30,5,2430.4
9986,1,15,2026-04-30,1,118.38
9987,1,33,2026-04-30,2,632.44
9988,1,27,2026-04-30,5,2155.45
9989,2,23,2026-04-30,4,200.0
9990,2,35,2026-04-30,1,476.98
9991,2,10,2026-04-30,1,319.66
9992,2,30,2026-04-30,2,440.42
9993,2,18,2026-04-30,3,602.52
9994,2,25,2026-04-30,5,1125.82
9995,2,18,2026-04-30,1,200.84
9996,2,18,2026-04-30,4,803.36
9997,2,35,2026-04-30,1,476.98
9998,2,32,2026-04-30,4,1827.0
9999,2,28,2026-04-30,3,1027.35
10000,2,11,2026-04-30,2,361.72
10001,2,18,2026-04-30,3,602.52
10002,3,39,2026-04-30,1,473.74
10003,3,31,2026-04-30,3,1458.24
10004,3,9,2026-04-30,5,2169.55
10005,3,36,2026-04-30,3,904.44
10006,3,12,2026-04-30,3,919.56
10007,4,4,2026-04-30,1,366.22
10008,4,37,2026-04-30,2,929.8
10009,4,27,2026-04-30,4,1724.36
10010,4,13,2026-04-30,3,257.64
10011,5,38,2026-04-30,3,370.59
10012,5,14,2026-04-30,4,454.84
10013,5,27,2026-04-30,2,862.18
10014,5,11,2026-04-30,1,180.86
10015,5,23,2026-04-30,5,250.0
10016,5,20,2026-04-30,4,1087.16
10017,5,2,2026-04-30,1,55.59
10018,5,33,2026-04-30,3,948.67
10019,5,10,2026-04-30,3,958.98
10020,5,15,2026-04-30,4,473.52
10021,6,15,2026-04-30,5,591.9
10022,6,12,2026-04-30,2,613.04
10023,6,5,2026-04-30,4,176.04
10024,6,7,2026-04-30,3,1061.28
10025,6,39,2026-04-30,5,2368.7
10026,6,15,2026-04-30,5,591.9
10027,6,17,2026-04-30,3,1316.4
10028,6,7,2026-04-30,3,1061.28
10029,6,12,2026-04-30,1,306.52
10030,7,39,2026-04-30,4,1326.47
10031,7,38,2026-04-30,5,432.35
10032,7,35,2026-04-30,4,1335.54
10033,7,35,2026-04-30,3,1001.66
10034,7,1,2026-04-30,1,99.78
10035,7,28,2026-04-30,5,1198.57
10036,7,10,2026-04-30,1,223.76
10037,7,2,2026-04-30,2,77.83
10038,7,11,2026-04-30,5,633.01
10039,7,24,2026-04-30,1,56.46
10040,7,8,2026-04-30,2,407.05
10041,7,7,2026-04-30,1,247.63
10042,7,34,2026-04-30,3,169.39
10043,8,40,2026-04-30,2,817.86
10044,8,15,2026-04-30,5,591.9
10045,8,31,2026-04-30,4,1944.32
10046,8,27,2026-04-30,1,431.09
10047,8,38,2026-04-30,2,247.06
10048,8,35,2026-04-30,4,1907.92
10049,8,35,2026-04-30,4,1907.92
10050,8,27,2026-04-30,1,431.09
10051,8,1,2026-04-30,3,427.65
10052,9,33,2026-04-30,4,1264.89
10053,9,18,2026-04-30,5,1004.2
10054,9,14,2026-04-30,4,454.84
10055,9,15,2026-04-30,1,118.38
10056,9,26,2026-04-30,1,498.08
10057,9,3,2026-04-30,2,849.02
10058,9,19,2026-04-30,1,75.72
10059,9,32,2026-04-30,4,1827.0
10060,9,19,2026-04-30,4,302.88
10061,9,13,2026-04-30,2,171.76
10062,10,31,2026-04-30,3,1020.77
10063,10,31,2026-04-30,1,340.26
10064,10,29,2026-04-30,3,809.47
10065,10,8,2026-04-30,3,610.58
10066,10,33,2026-04-30,5,1106.78
10067,10,30,2026-04-30,4,616.59
10068,10,9,2026-04-30,2,607.47
10069,10,25,2026-04-30,4,630.46
10070,10,6,2026-04-30,1,310.31
10071,11,31,2026-04-30,4,1944.32
10072,11,16,2026-04-30,1,203.58
10073,11,31,2026-04-30,5,2430.4
10074,11,3,2026-04-30,2,849.02
10075,11,11,2026-04-30,4,723.44
10076,11,38,2026-04-30,2,247.06
10077,11,15,2026-04-30,2,236.76
10078,12,16,2026-04-30,5,1017.9
10079,12,17,2026-04-30,1,438.8
10080,12,21,2026-04-30,5,2247.1
10081,12,15,2026-04-30,4,473.52
10082,12,39,2026-04-30,1,473.74
10083,12,21,2026-04-30,3,1348.26
10084,12,19,2026-04-30,4,302.88
10085,12,34,2026-04-30,4,322.64
10086,1,14,2026-05-01,1,113.71
10087,1,21,2026-05-01,2,898.84
10088,1,1,2026-05-01,1,142.55
10089,1,34,2026-05-01,4,322.64
10090,1,25,2026-05-01,3,672.99
10091,1,40,2026-05-01,3,1226.79
10092,2,3,2026-05-01,2,849.02
10093,2,15,2026-05-01,1,118.38
10094,2,35,2026-05-01,2,953.96
10095,2,7,2026-05-01,1,353.76
10096,2,14,2026-05-01,3,341.13
10097,2,35,2026-05-01,4,1907.92
10098,2,35,2026-05-01,1,476.98
10099,2,34,2026-05-01,3,241.98
10100,2,31,2026-05-01,4,1944.32
10101,2,33,2026-05-01,4,1260.21
10102,2,27,2026-05-01,5,2155.45
10103,2,29,2026-05-01,2,770.92
10104,2,13,2026-05-01,3,257.64
10105,3,34,2026-05-01,1,80.66
10106,3,11,2026-05-01,1,180.86
10107,3,29,2026-05-01,4,1541.84
10108,3,1,2026-05-01,3,427.65
10109,3,25,2026-05-01,3,672.99
10110,4,26,2026-05-01,2,996.16
10111,4,20,2026-05-01,3,815.37
10112,4,19,2026-05-01,4,302.88
10113,4,16,2026-05-01,4,814.32
10114,4,37,2026-05-01,4,1859.6
10115,5,7,2026-05-01,2,707.52
10116,5,1,2026-05-01,4,570.2
10117,5,37,2026-05-01,3,1394.7
10118,5,15,2026-05-01,5,591.9
10119,5,26,2026-05-01,4,1992.32
10120,5,33,2026-05-01,1,315.05
10121,5,8,2026-05-01,5,1448.38
10122,5,10,2026-05-01,5,1598.3
10123,5,14,2026-05-01,2,227.42
10124,5,20,2026-05-01,1,271.79
10125,5,27,2026-05-01,5,2155.45
10126,6,2,2026-05-01,2,111.18
10127,6,23,2026-05-01,3,150.0
10128,6,35,2026-05-01,3,1430.94
10129,6,36,2026-05-01,1,301.48
10130,6,34,2026-05-01,2,161.32
10131,6,6,2026-05-01,4,1773.2
10132,6,24,2026-05-01,2,161.32
10133,6,16,2026-05-01,4,814.32
10134,6,36,2026-05-01,3,904.44
10135,6,1,2026-05-01,1,142.55
10136,6,3,2026-05-01,4,1698.04
10137,6,30,2026-05-01,3,660.63
10138,7,3,2026-05-01,1,295.74
10139,7,28,2026-05-01,4,954.29
10140,7,25,2026-05-01,2,312.57
10141,7,19,2026-05-01,4,211.01
10142,7,20,2026-05-01,5,946.74
10143,7,4,2026-05-01,1,255.13
10144,7,32,2026-05-01,1,318.2
10145,7,28,2026-05-01,2,477.15
10146,7,40,2026-05-01,2,569.78
10147,7,38,2026-05-01,4,344.24
10148,7,2,2026-05-01,5,193.64
10149,8,35,2026-05-01,2,953.96
10150,8,32,2026-05-01,5,2283.75
10151,8,5,2026-05-01,4,176.04
10152,8,9,2026-05-01,2,867.82
10153,8,14,2026-05-01,3,341.13
10154,8,25,2026-05-01,2,448.66
10155,8,35,2026-05-01,2,953.96
10156,8,3,2026-05-01,5,2122.55
10157,8,28,2026-05-01,1,342.45
10158,8,7,2026-05-01,3,1061.28
10159,8,7,2026-05-01,3,1061.28
10160,8,7,2026-05-01,1,353.76
10161,8,8,2026-05-01,3,869.03
10162,8,13,2026-05-01,3,257.64
10163,8,37,2026-05-01,5,2324.5
10164,9,26,2026-05-01,4,1992.32
10165,9,29,2026-05-01,4,1541.84
10166,9,21,2026-05-01,4,1797.68
10167,9,14,2026-05-01,4,454.84
10168,10,35,2026-05-01,3,996.89
10169,10,8,2026-05-01,5,1009.04
10170,10,40,2026-05-01,4,1139.55
10171,10,30,2026-05-01,5,767.06
10172,10,36,2026-05-01,3,630.09
10173,10,19,2026-05-01,1,52.75
10174,10,20,2026-05-01,2,378.69
10175,10,38,2026-05-01,4,344.24
10176,11,15,2026-05-01,3,355.14
10177,11,2,2026-05-01,2,111.18
10178,11,31,2026-05-01,5,2430.4
10179,11,36,2026-05-01,5,1507.4
10180,11,6,2026-05-01,2,886.6
10181,11,35,2026-05-01,5,2384.9
10182,11,9,2026-05-01,4,1735.64
10183,11,34,2026-05-01,4,322.64
10184,11,15,2026-05-01,3,355.14
10185,12,36,2026-05-01,4,1205.92
10186,12,25,2026-05-01,3,672.99
10187,12,12,2026-05-01,5,1532.6
10188,12,26,2026-05-01,1,498.08
10189,12,4,2026-05-01,1,366.22
10190,12,40,2026-05-01,1,408.93
10191,12,3,2026-05-01,1,424.51
10192,12,23,2026-05-01,1,50.0
10193,12,19,2026-05-01,5,378.6
10194,12,15,2026-05-01,4,473.52
10195,12,1,2026-05-01,1,142.55
10196,12,15,2026-05-01,4,473.52
10197,12,27,2026-05-01,5,2155.45
10198,1,14,2026-05-02,1,113.71
10199,1,23,2026-05-02,4,200.0
10200,1,23,2026-05-02,5,250.0
10201,1,33,2026-05-02,5,1569.4
10202,1,17,2026-05-02,1,438.8
10203,1,2,2026-05-02,3,166.77
10204,1,18,2026-05-02,4,803.36
10205,1,17,2026-05-02,2,877.6
10206,1,1,2026-05-02,2,285.1
10207,1,22,2026-05-02,4,1994.72
10208,1,32,2026-05-02,5,2283.75
10209,2,27,2026-05-02,1,431.09
10210,2,3,2026-05-02,2,849.02
10211,2,13,2026-05-02,4,343.52
10212,2,39,2026-05-02,1,473.74
10213,2,21,2026-05-02,3,1348.26
10214,2,18,2026-05-02,4,803.36
10215,2,18,2026-05-02,4,803.36
10216,2,8,2026-05-02,4,1154.4
10217,2,25,2026-05-02,1,223.5
10218,3,8,2026-05-02,2,577.2
10219,3,1,2026-05-02,5,712.75
10220,3,1,2026-05-02,3,427.65
10221,3,17,2026-05-02,3,1316.4
10222,3,1,2026-05-02,3,427.65
10223,3,34,2026-05-02,3,241.98
10224,3,2,2026-05-02,4,222.36
10225,3,10,2026-05-02,2,639.32
10226,4,18,2026-05-02,4,803.36
10227,4,20,2026-05-02,1,271.79
10228,4,9,2026-05-02,1,433.91
10229,5,26,2026-05-02,2,996.16
10230,5,1,2026-05-02,3,427.65
10231,5,26,2026-05-02,5,2490.4
10232,6,39,2026-05-02,5,2368.7
10233,6,32,2026-05-02,3,1370.25
10234,6,39,2026-05-02,3,1421.22
10235,6,14,2026-05-02,2,227.42
10236,6,5,2026-05-02,5,220.05
10237,6,5,2026-05-02,4,176.04
10238,6,26,2026-05-02,2,996.16
10239,6,15,2026-05-02,5,591.9
10240,6,11,2026-05-02,4,723.44
10241,6,37,2026-05-02,2,929.8
10242,6,13,2026-05-02,5,429.4
10243,6,5,2026-05-02,4,176.04
10244,6,38,2026-05-02,1,123.53
10245,6,11,2026-05-02,5,904.3
10246,7,22,2026-05-02,2,691.5
10247,7,8,2026-05-02,4,800.38
10248,7,20,2026-05-02,2,376.88
10249,7,15,2026-05-02,4,328.31
10250,7,18,2026-05-02,3,417.75
10251,7,6,2026-05-02,5,1536.77
10252,7,36,2026-05-02,2,418.05
10253,7,15,2026-05-02,4,328.31
10254,7,14,2026-05-02,2,157.68
10255,8,7,2026-05-02,2,707.52
10256,8,2,2026-05-02,5,277.95
10257,8,4,2026-05-02,1,366.22
10258,8,20,2026-05-02,5,1358.95
10259,9,32,2026-05-02,4,1827.0
10260,9,4,2026-05-02,3,1098.66
10261,9,38,2026-05-02,5,617.65
10262,9,36,2026-05-02,2,602.96
10263,9,21,2026-05-02,3,1348.26
10264,9,32,2026-05-02,2,913.5
10265,9,27,2026-05-02,1,431.09
10266,9,23,2026-05-02,1,50.0
10267,9,6,2026-05-02,1,443.3
10268,9,30,2026-05-02,4,880.84
10269,9,13,2026-05-02,1,85.88
10270,9,18,2026-05-02,5,1004.2
10271,9,6,2026-05-02,2,886.6
10272,9,25,2026-05-02,1,223.5
10273,9,4,2026-05-02,5,1831.1
10274,10,2,2026-05-02,5,192.71
10275,10,19,2026-05-02,1,52.5
10276,10,19,2026-05-02,5,262.5
10277,10,32,2026-05-02,4,1266.72
10278,10,12,2026-05-02,1,212.52
10279,10,12,2026-05-02,2,425.04
10280,10,25,2026-05-02,4,619.83
10281,10,30,2026-05-02,3,458.04
10282,10,35,2026-05-02,2,661.41
10283,10,38,2026-05-02,2,171.29
10284,10,13,2026-05-02,2,119.09
10285,10,7,2026-05-02,3,735.82
10286,10,36,2026-05-02,2,418.05
10287,10,13,2026-05-02,5,297.72
10288,11,15,2026-05-02,4,473.52
10289,11,12,2026-05-02,3,919.56
10290,11,21,2026-05-02,1,449.42
10291,11,14,2026-05-02,3,341.13
10292,11,25,2026-05-02,1,223.5
10293,11,17,2026-05-02,2,877.6
10294,12,12,2026-05-02,1,306.52
10295,12,37,2026-05-02,5,2324.5
10296,12,26,2026-05-02,1,498.08
10297,12,35,2026-05-02,1,476.98
10298,12,22,2026-05-02,4,1994.72
10299,12,26,2026-05-02,5,2490.4
10300,12,37,2026-05-02,1,464.9
10301,12,22,2026-05-02,1,498.68
10302,12,33,2026-05-02,2,627.76
10303,12,28,2026-05-02,3,1027.35
10304,12,32,2026-05-02,3,1370.25
10305,12,7,2026-05-02,2,707.52
10306,12,31,2026-05-02,1,486.08
10307,1,1,2026-05-03,4,570.2
10308,1,3,2026-05-03,3,1273.53
10309,1,5,2026-05-03,2,88.02
10310,1,21,2026-05-03,4,1797.68
10311,2,11,2026-05-03,4,723.44
10312,2,6,2026-05-03,1,443.3
10313,2,35,2026-05-03,4,1907.92
10314,2,8,2026-05-03,1,287.52
10315,3,21,2026-05-03,1,449.42
10316,3,29,2026-05-03,2,770.92
10317,3,29,2026-05-03,4,1541.84
10318,3,38,2026-05-03,4,494.12
10319,3,30,2026-05-03,3,660.63
10320,3,7,2026-05-03,4,1415.04
10321,3,37,2026-05-03,2,929.8
10322,3,9,2026-05-03,2,867.82
10323,3,32,2026-05-03,3,1370.25
10324,3,18,2026-05-03,1,200.84
10325,4,22,2026-05-03,5,2493.4
10326,4,27,2026-05-03,5,2155.45
10327,4,22,2026-05-03,1,498.68
10328,4,30,2026-05-03,1,220.21
10329,4,31,2026-05-03,3,1458.24
10330,5,23,2026-05-03,4,200.0
10331,5,25,2026-05-03,5,1113.32
10332,5,14,2026-05-03,5,568.55
10333,5,17,2026-05-03,5,2194.0
10334,5,31,2026-05-03,1,486.08
10335,5,11,2026-05-03,2,361.72
10336,5,24,2026-05-03,5,403.3
10337,5,26,2026-05-03,3,1494.24
10338,6,25,2026-05-03,2,445.33
10339,6,5,2026-05-03,5,220.05
10340,6,3,2026-05-03,1,424.51
10341,6,9,2026-05-03,5,2169.55
10342,7,23,2026-05-03,5,172.5
10343,7,18,2026-05-03,5,692.9
10344,7,25,2026-05-03,2,307.28
10345,8,16,2026-05-03,3,610.74
10346,8,26,2026-05-03,1,498.08
10347,8,28,2026-05-03,2,684.9
10348,8,37,2026-05-03,1,464.9
10349,8,19,2026-05-03,3,227.16
10350,8,8,2026-05-03,2,575.04
10351,9,2,2026-05-03,1,55.59
10352,9,5,2026-05-03,2,88.02
10353,9,21,2026-05-03,3,1348.26
10354,9,38,2026-05-03,3,370.59
10355,9,21,2026-05-03,4,1797.68
10356,9,9,2026-05-03,2,867.82
10357,10,22,2026-05-03,3,1032.27
10358,10,13,2026-05-03,5,296.29
10359,10,33,2026-05-03,3,647.31
10360,10,6,2026-05-03,4,1223.51
10361,11,39,2026-05-03,4,1894.96
10362,11,30,2026-05-03,4,880.84
10363,11,40,2026-05-03,5,2044.65
10364,11,23,2026-05-03,4,200.0
10365,11,10,2026-05-03,2,639.32
10366,11,33,2026-05-03,3,938.13
10367,11,15,2026-05-03,2,236.76
10368,11,31,2026-05-03,2,972.16
10369,11,19,2026-05-03,3,227.16
10370,11,22,2026-05-03,4,1994.72
10371,11,8,2026-05-03,1,287.52
10372,11,30,2026-05-03,5,1101.05
10373,11,38,2026-05-03,5,617.65
10374,11,39,2026-05-03,3,1421.22
10375,12,40,2026-05-03,2,817.86
10376,12,12,2026-05-03,4,1226.08
10377,12,25,2026-05-03,4,890.65
10378,12,38,2026-05-03,4,494.12
10379,12,4,2026-05-03,4,1464.88
10380,1,37,2026-05-04,3,1394.7
10381,1,30,2026-05-04,3,660.63
10382,1,2,2026-05-04,5,277.95
10383,1,12,2026-05-04,1,306.52
10384,1,25,2026-05-04,5,1109.15
10385,1,5,2026-05-04,4,176.04
10386,1,37,2026-05-04,4,1859.6
10387,1,21,2026-05-04,2,898.84
10388,1,23,2026-05-04,5,250.0
10389,1,27,2026-05-04,3,1293.27
10390,1,36,2026-05-04,3,904.44
10391,1,40,2026-05-04,1,408.93
10392,2,37,2026-05-04,2,929.8
10393,2,2,2026-05-04,1,55.59
10394,2,4,2026-05-04,5,1831.1
10395,2,32,2026-05-04,3,1370.25
10396,2,23,2026-05-04,5,250.0
10397,2,19,2026-05-04,4,302.88
10398,2,2,2026-05-04,3,166.77
10399,2,28,2026-05-04,5,1712.25
10400,2,11,2026-05-04,5,904.3
10401,2,16,2026-05-04,3,610.74
10402,3,22,2026-05-04,1,498.68
10403,3,21,2026-05-04,1,449.42
10404,3,3,2026-05-04,2,849.02
10405,3,25,2026-05-04,3,665.49
10406,3,14,2026-05-04,4,454.84
10407,3,29,2026-05-04,2,770.92
10408,3,5,2026-05-04,3,132.03
10409,3,34,2026-05-04,2,161.32
10410,3,40,2026-05-04,1,408.93
10411,4,2,2026-05-04,3,166.77
10412,4,15,2026-05-04,3,355.14
10413,4,31,2026-05-04,2,972.16
10414,4,36,2026-05-04,3,904.44
10415,4,20,2026-05-04,1,271.79
10416,4,38,2026-05-04,1,123.53
10417,5,2,2026-05-04,1,55.59
10418,5,33,2026-05-04,3,934.61
10419,5,21,2026-05-04,2,898.84
10420,5,1,2026-05-04,4,570.2
10421,5,8,2026-05-04,5,1432.23
10422,5,14,2026-05-04,3,341.13
10423,5,40,2026-05-04,2,817.86
10424,5,20,2026-05-04,5,1358.95
10425,6,30,2026-05-04,4,880.84
10426,6,12,2026-05-04,3,919.56
10427,6,39,2026-05-04,5,2368.7
10428,6,4,2026-05-04,2,732.44
10429,7,36,2026-05-04,2,414.03
10430,7,18,2026-05-04,1,137.91
10431,7,27,2026-05-04,5,1480.08
10432,7,31,2026-05-04,3,1001.32
10433,7,9,2026-05-04,5,1489.76
10434,7,9,2026-05-04,1,297.95
10435,7,16,2026-05-04,5,698.96
10436,7,8,2026-05-04,4,786.77
10437,7,9,2026-05-04,4,1191.81
10438,7,2,2026-05-04,3,114.52
10439,7,9,2026-05-04,3,893.85
10440,8,33,2026-05-04,2,623.08
10441,8,1,2026-05-04,1,142.55
10442,8,6,2026-05-04,4,1773.2
10443,8,29,2026-05-04,4,1541.84
10444,8,18,2026-05-04,1,200.84
10445,8,21,2026-05-04,3,1348.26
10446,9,12,2026-05-04,1,306.52
10447,9,14,2026-05-04,1,113.71
10448,9,12,2026-05-04,4,1226.08
10449,9,7,2026-05-04,2,707.52
10450,9,34,2026-05-04,5,403.3
10451,9,33,2026-05-04,3,934.61
10452,9,1,2026-05-04,5,712.75
10453,9,3,2026-05-04,4,1698.04
10454,9,8,2026-05-04,2,572.89
10455,10,28,2026-05-04,1,235.15
10456,10,24,2026-05-04,3,166.16
10457,10,16,2026-05-04,1,139.79
10458,10,40,2026-05-04,5,1403.99
10459,10,31,2026-05-04,1,333.77
10460,10,29,2026-05-04,4,1058.73
10461,10,39,2026-05-04,3,975.9
10462,10,10,2026-05-04,2,439.0
10463,10,28,2026-05-04,4,940.6
10464,10,37,2026-05-04,1,319.23
10465,10,39,2026-05-04,5,1626.51
10466,10,32,2026-05-04,5,1568.18
10467,11,25,2026-05-04,3,665.49
10468,11,36,2026-05-04,1,301.48
10469,11,34,2026-05-04,1,80.66
10470,12,32,2026-05-04,1,456.75
10471,12,32,2026-05-04,4,1827.0
10472,12,25,2026-05-04,3,665.49
10473,12,31,2026-05-04,3,1458.24
10474,12,4,2026-05-04,3,1098.66
10475,12,6,2026-05-04,3,1329.9
10476,12,18,2026-05-04,4,803.36
10477,12,40,2026-05-04,1,408.93
10478,12,28,2026-05-04,5,1712.25
10479,12,8,2026-05-04,3,859.34
10480,1,21,2026-05-05,5,2247.1
10481,1,31,2026-05-05,1,486.08
10482,1,27,2026-05-05,4,1724.36
10483,1,21,2026-05-05,3,1348.26
10484,1,39,2026-05-05,4,1894.96
10485,1,35,2026-05-05,4,1907.92
10486,1,14,2026-05-05,1,113.71
10487,1,11,2026-05-05,3,542.58
10488,1,6,2026-05-05,5,2216.5
10489,1,32,2026-05-05,1,456.75
10490,2,1,2026-05-05,2,285.1
10491,2,15,2026-05-05,1,118.38
10492,2,18,2026-05-05,1,200.84
10493,3,32,2026-05-05,1,456.75
10494,3,22,2026-05-05,3,1496.04
10495,3,18,2026-05-05,4,803.36
10496,3,3,2026-05-05,2,849.02
10497,3,25,2026-05-05,2,441.99
10498,4,21,2026-05-05,2,898.84
10499,4,13,2026-05-05,3,257.64
10500,4,40,2026-05-05,5,2044.65
10501,4,31,2026-05-05,1,486.08
10502,5,20,2026-05-05,1,271.79
10503,5,1,2026-05-05,3,427.65
10504,5,15,2026-05-05,1,118.38
10505,5,2,2026-05-05,1,55.59
10506,5,15,2026-05-05,1,118.38
10507,5,6,2026-05-05,3,1329.9
10508,5,24,2026-05-05,1,80.66
10509,5,1,2026-05-05,3,427.65
10510,5,33,2026-05-05,3,931.1
10511,5,38,2026-05-05,5,617.65
10512,5,10,2026-05-05,4,1278.64
10513,5,31,2026-05-05,3,1458.24
10514,5,22,2026-05-05,2,997.36
10515,5,18,2026-05-05,2,401.68
10516,6,15,2026-05-05,4,473.52
10517,6,27,2026-05-05,1,431.09
10518,6,20,2026-05-05,2,543.58
10519,6,35,2026-05-05,3,1430.94
10520,6,21,2026-05-05,2,898.84
10521,6,27,2026-05-05,5,2155.45
10522,6,31,2026-05-05,4,1944.32
10523,6,17,2026-05-05,4,1755.2
10524,6,40,2026-05-05,1,408.93
10525,6,5,2026-05-05,5,220.05
10526,6,17,2026-05-05,5,2194.0
10527,6,24,2026-05-05,2,161.32
10528,7,39,2026-05-05,4,1294.89
10529,7,21,2026-05-05,4,1228.41
10530,7,40,2026-05-05,3,838.31
10531,7,7,2026-05-05,3,725.21
10532,7,40,2026-05-05,4,1117.74
10533,7,10,2026-05-05,2,436.87
10534,7,26,2026-05-05,1,340.35
10535,7,33,2026-05-05,3,636.25
10536,7,3,2026-05-05,3,870.25
10537,7,16,2026-05-05,1,139.11
10538,7,20,2026-05-05,3,557.17
10539,7,24,2026-05-05,5,275.59
10540,8,20,2026-05-05,2,543.58
10541,8,16,2026-05-05,1,203.58
10542,8,19,2026-05-05,1,75.72
10543,8,40,2026-05-05,4,1635.72
10544,8,35,2026-05-05,1,476.98
10545,8,12,2026-05-05,2,613.04
10546,9,25,2026-05-05,2,441.99
10547,9,11,2026-05-05,4,723.44
10548,9,18,2026-05-05,4,803.36
10549,10,1,2026-05-05,4,389.64
10550,10,27,2026-05-05,1,294.58
10551,10,8,2026-05-05,3,585.0
10552,10,39,2026-05-05,2,647.44
10553,10,30,2026-05-05,5,752.38
10554,10,9,2026-05-05,5,1482.53
10555,11,34,2026-05-05,3,241.98
10556,11,27,2026-05-05,3,1293.27
10557,11,7,2026-05-05,4,1415.04
10558,11,3,2026-05-05,2,849.02
10559,11,25,2026-05-05,5,1104.98
10560,11,33,2026-05-05,1,310.37
10561,11,10,2026-05-05,2,639.32
10562,11,7,2026-05-05,2,707.52
10563,11,39,2026-05-05,3,1421.22
10564,11,15,2026-05-05,4,473.52
10565,11,31,2026-05-05,4,1944.32
10566,12,36,2026-05-05,5,1507.4
10567,12,5,2026-05-05,2,88.02
10568,12,15,2026-05-05,4,473.52
10569,12,34,2026-05-05,2,161.32
10570,12,19,2026-05-05,1,75.72
10571,12,34,2026-05-05,3,241.98
10572,12,36,2026-05-05,4,1205.92
10573,12,22,2026-05-05,2,997.36
10574,12,7,2026-05-05,3,1061.28
10575,12,6,2026-05-05,5,2216.5
10576,12,26,2026-05-05,1,498.08
10577,12,40,2026-05-05,2,817.86
10578,1,32,2026-05-06,1,456.75
10579,1,14,2026-05-06,1,113.71
10580,1,6,2026-05-06,2,886.6
10581,1,17,2026-05-06,1,438.8
10582,1,34,2026-05-06,4,322.64
10583,1,24,2026-05-06,2,161.32
10584,1,25,2026-05-06,3,660.48
10585,1,3,2026-05-06,1,424.51
10586,1,32,2026-05-06,4,1827.0
10587,1,40,2026-05-06,5,2044.65
10588,2,24,2026-05-06,3,241.98
10589,2,4,2026-05-06,3,1098.66
10590,2,22,2026-05-06,1,498.68
10591,2,13,2026-05-06,5,429.4
10592,2,8,2026-05-06,1,284.29
10593,2,35,2026-05-06,3,1430.94
10594,2,26,2026-05-06,4,1992.32
10595,2,5,2026-05-06,2,88.02
10596,2,7,2026-05-06,2,707.52
10597,2,10,2026-05-06,4,1278.64
10598,3,33,2026-05-06,4,1236.78
10599,3,12,2026-05-06,5,1532.6
10600,3,3,2026-05-06,3,1273.53
10601,3,3,2026-05-06,1,424.51
10602,3,6,2026-05-06,4,1773.2
10603,3,33,2026-05-06,3,927.59
10604,3,24,2026-05-06,3,241.98
10605,3,40,2026-05-06,1,408.93
10606,3,24,2026-05-06,1,80.66
10607,3,30,2026-05-06,4,880.84
10608,3,35,2026-05-06,4,1907.92
10609,4,31,2026-05-06,3,1458.24
10610,4,30,2026-05-06,2,440.42
10611,4,21,2026-05-06,4,1797.68
10612,4,28,2026-05-06,2,684.9
10613,4,17,2026-05-06,5,2194.0
10614,4,3,2026-05-06,3,1273.53
10615,5,24,2026-05-06,5,403.3
10616,5,11,2026-05-06,4,723.44
10617,5,33,2026-05-06,5,1545.98
10618,5,27,2026-05-06,4,1724.36
10619,5,29,2026-05-06,1,385.46
10620,5,17,2026-05-06,1,438.8
10621,5,34,2026-05-06,2,161.32
10622,5,25,2026-05-06,1,220.16
10623,5,31,2026-05-06,2,972.16
10624,5,3,2026-05-06,1,424.51
10625,5,8,2026-05-06,1,284.29
10626,6,25,2026-05-06,5,1100.81
10627,6,31,2026-05-06,3,1458.24
10628,6,23,2026-05-06,2,100.0
10629,7,12,2026-05-06,5,1042.17
10630,7,33,2026-05-06,1,210.25
10631,7,2,2026-05-06,3,113.4
10632,7,29,2026-05-06,2,524.23
10633,8,9,2026-05-06,4,1735.64
10634,8,17,2026-05-06,4,1755.2
10635,8,36,2026-05-06,4,1205.92
10636,8,24,2026-05-06,1,80.66
10637,8,11,2026-05-06,2,361.72
10638,8,22,2026-05-06,3,1496.04
10639,8,16,2026-05-06,4,814.32
10640,8,12,2026-05-06,2,613.04
10641,8,36,2026-05-06,2,602.96
10642,8,16,2026-05-06,2,407.16
10643,8,33,2026-05-06,3,927.59
10644,8,5,2026-05-06,3,132.03
10645,9,8,2026-05-06,5,1421.46
10646,9,4,2026-05-06,3,1098.66
10647,9,38,2026-05-06,1,123.53
10648,9,18,2026-05-06,1,200.84
10649,9,12,2026-05-06,2,613.04
10650,9,26,2026-05-06,5,2490.4
10651,9,11,2026-05-06,5,904.3
10652,9,1,2026-05-06,4,570.2
10653,9,16,2026-05-06,3,610.74
10654,9,9,2026-05-06,2,867.82
10655,9,13,2026-05-06,2,171.76
10656,9,7,2026-05-06,3,1061.28
10657,9,26,2026-05-06,1,498.08
10658,9,37,2026-05-06,2,929.8
10659,10,21,2026-05-06,3,916.82
10660,10,23,2026-05-06,4,136.0
10661,10,18,2026-05-06,2,273.14
10662,10,7,2026-05-06,1,240.56
10663,10,1,2026-05-06,4,387.74
10664,11,30,2026-05-06,3,660.63
10665,11,23,2026-05-06,1,50.0
10666,11,35,2026-05-06,2,953.96
10667,11,20,2026-05-06,3,815.37
10668,11,36,2026-05-06,1,301.48
10669,11,37,2026-05-06,2,929.8
10670,11,2,2026-05-06,1,55.59
10671,11,22,2026-05-06,5,2493.4
10672,11,13,2026-05-06,3,257.64
10673,12,40,2026-05-06,5,2044.65
10674,12,14,2026-05-06,1,113.71
10675,12,33,2026-05-06,4,1236.78
10676,12,12,2026-05-06,2,613.04
10677,12,26,2026-05-06,4,1992.32
10678,12,7,2026-05-06,1,353.76
10679,12,10,2026-05-06,1,319.66
10680,12,12,2026-05-06,1,306.52
10681,12,37,2026-05-06,5,2324.5
10682,12,2,2026-05-06,3,166.77
10683,1,18,2026-05-07,5,1004.2
10684,1,16,2026-05-07,5,1017.9
10685,1,35,2026-05-07,2,953.96
10686,1,14,2026-05-07,2,227.42
10687,1,12,2026-05-07,1,306.52
10688,1,36,2026-05-07,1,301.48
10689,2,16,2026-05-07,3,610.74
10690,2,1,2026-05-07,4,570.2
10691,2,16,2026-05-07,4,814.32
10692,2,26,2026-05-07,3,1494.24
10693,2,20,2026-05-07,5,1358.95
10694,2,39,2026-05-07,3,1421.22
10695,2,14,2026-05-07,4,454.84
10696,3,29,2026-05-07,3,1156.38
10697,3,18,2026-05-07,4,803.36
10698,3,10,2026-05-07,1,319.66
10699,3,34,2026-05-07,3,241.98
10700,3,17,2026-05-07,3,1316.4
10701,3,8,2026-05-07,3,849.64
10702,3,7,2026-05-07,5,1768.8
10703,4,28,2026-05-07,5,1712.25
10704,4,19,2026-05-07,4,302.88
10705,4,36,2026-05-07,1,301.48
10706,4,19,2026-05-07,3,227.16
10707,4,2,2026-05-07,5,277.95
10708,4,2,2026-05-07,1,55.59
10709,4,22,2026-05-07,2,997.36
10710,4,5,2026-05-07,4,176.04
10711,4,31,2026-05-07,2,972.16
10712,4,5,2026-05-07,2,88.02
10713,4,33,2026-05-07,3,924.07
10714,4,5,2026-05-07,4,176.04
10715,4,7,2026-05-07,1,353.76
10716,4,30,2026-05-07,2,440.42
10717,4,36,2026-05-07,5,1507.4
10718,5,15,2026-05-07,4,473.52
10719,5,37,2026-05-07,3,1394.7
10720,5,20,2026-05-07,2,543.58
10721,5,13,2026-05-07,1,85.88
10722,5,23,2026-05-07,2,100.0
10723,5,3,2026-05-07,4,1698.04
10724,5,29,2026-05-07,1,385.46
10725,5,31,2026-05-07,3,1458.24
10726,5,11,2026-05-07,5,904.3
10727,5,6,2026-05-07,4,1773.2
10728,5,16,2026-05-07,5,1017.9
10729,5,1,2026-05-07,2,285.1
10730,5,24,2026-05-07,3,241.98
10731,5,35,2026-05-07,3,1430.94
10732,6,36,2026-05-07,4,1205.92
10733,6,3,2026-05-07,5,2122.55
10734,6,39,2026-05-07,4,1894.96
10735,6,27,2026-05-07,3,1293.27
10736,6,12,2026-05-07,3,919.56
10737,6,40,2026-05-07,2,817.86
10738,6,14,2026-05-07,1,113.71
10739,6,18,2026-05-07,5,1004.2
10740,7,31,2026-05-07,3,986.74
10741,7,1,2026-05-07,5,482.29
10742,7,22,2026-05-07,1,337.44
10743,7,4,2026-05-07,4,991.24
10744,7,26,2026-05-07,4,1348.14
10745,7,19,2026-05-07,5,256.19
10746,7,31,2026-05-07,3,986.74
10747,7,5,2026-05-07,3,89.34
10748,7,1,2026-05-07,1,96.46
10749,7,3,2026-05-07,1,287.25
10750,7,4,2026-05-07,4,991.24
10751,8,22,2026-05-07,2,997.36
10752,8,26,2026-05-07,4,1992.32
10753,8,28,2026-05-07,2,684.9
10754,8,13,2026-05-07,5,429.4
10755,8,19,2026-05-07,3,227.16
10756,8,36,2026-05-07,5,1507.4
10757,8,6,2026-05-07,5,2216.5
10758,8,32,2026-05-07,2,913.5
10759,8,25,2026-05-07,3,657.98
10760,8,14,2026-05-07,4,454.84
10761,8,17,2026-05-07,3,1316.4
10762,8,24,2026-05-07,1,80.66
10763,8,17,2026-05-07,3,1316.4
10764,9,21,2026-05-07,4,1797.68
10765,9,37,2026-05-07,1,464.9
10766,9,1,2026-05-07,2,285.1
10767,10,5,2026-05-07,5,148.9
10768,10,8,2026-05-07,1,191.64
10769,10,28,2026-05-07,1,231.72
10770,10,13,2026-05-07,4,232.45
10771,10,7,2026-05-07,3,718.13
10772,10,14,2026-05-07,1,76.94
10773,10,20,2026-05-07,4,735.64
10774,11,5,2026-05-07,1,44.01
10775,11,29,2026-05-07,1,385.46
10776,11,19,2026-05-07,3,227.16
10777,11,5,2026-05-07,2,88.02
10778,11,10,2026-05-07,3,958.98
10779,11,34,2026-05-07,3,241.98
10780,11,11,2026-05-07,5,904.3
10781,11,37,2026-05-07,5,2324.5
10782,12,28,2026-05-07,1,342.45
10783,12,38,2026-05-07,3,370.59
10784,12,22,2026-05-07,2,997.36
10785,12,3,2026-05-07,2,849.02
10786,12,17,2026-05-07,4,1755.2
10787,1,32,2026-05-08,1,456.75
10788,1,1,2026-05-08,3,427.65
10789,1,3,2026-05-08,2,849.02
10790,1,4,2026-05-08,1,366.22
10791,1,34,2026-05-08,4,322.64
10792,1,31,2026-05-08,3,1458.24
10793,1,2,2026-05-08,2,111.18
10794,1,25,2026-05-08,4,873.97
10795,1,3,2026-05-08,4,1698.04
10796,1,23,2026-05-08,4,200.0
10797,1,4,2026-05-08,1,366.22
10798,1,8,2026-05-08,3,846.41
10799,2,3,2026-05-08,5,2122.55
10800,2,10,2026-05-08,3,958.98
10801,2,7,2026-05-08,2,707.52
10802,2,36,2026-05-08,5,1507.4
10803,2,7,2026-05-08,4,1415.04
10804,2,5,2026-05-08,3,132.03
10805,2,11,2026-05-08,5,904.3
10806,3,39,2026-05-08,2,947.48
10807,3,13,2026-05-08,3,257.64
10808,3,12,2026-05-08,2,613.04
10809,3,3,2026-05-08,4,1698.04
10810,3,29,2026-05-08,5,1927.3
10811,4,16,2026-05-08,3,610.74
10812,4,18,2026-05-08,3,602.52
10813,4,31,2026-05-08,1,486.08
10814,4,13,2026-05-08,3,257.64
10815,4,2,2026-05-08,5,277.95
10816,4,15,2026-05-08,4,473.52
10817,5,9,2026-05-08,2,867.82
10818,5,7,2026-05-08,4,1415.04
10819,5,20,2026-05-08,4,1087.16
10820,5,32,2026-05-08,1,456.75
10821,5,4,2026-05-08,2,732.44
10822,5,21,2026-05-08,5,2247.1
10823,5,33,2026-05-08,4,1227.41
10824,5,11,2026-05-08,3,542.58
10825,5,37,2026-05-08,5,2324.5
10826,5,31,2026-05-08,3,1458.24
10827,5,20,2026-05-08,4,1087.16
10828,6,36,2026-05-08,4,1205.92
10829,6,18,2026-05-08,4,803.36
10830,6,1,2026-05-08,4,570.2
10831,6,20,2026-05-08,4,1087.16
10832,6,14,2026-05-08,4,454.84
10833,6,15,2026-05-08,1,118.38
10834,6,21,2026-05-08,5,2247.1
10835,6,19,2026-05-08,1,75.72
10836,7,13,2026-05-08,4,231.3
10837,7,23,2026-05-08,1,33.67
10838,7,25,2026-05-08,2,294.24
10839,7,36,2026-05-08,5,1014.98
10840,7,34,2026-05-08,3,162.93
10841,7,18,2026-05-08,2,270.46
10842,7,9,2026-05-08,5,1460.83
10843,7,39,2026-05-08,5,1594.92
10844,7,4,2026-05-08,3,739.76
10845,7,14,2026-05-08,2,153.13
10846,7,31,2026-05-08,5,1636.47
10847,7,11,2026-05-08,5,608.9
10848,7,25,2026-05-08,5,735.59
10849,7,26,2026-05-08,3,1006.12
10850,7,18,2026-05-08,1,135.23
10851,8,36,2026-05-08,4,1205.92
10852,8,9,2026-05-08,2,867.82
10853,8,4,2026-05-08,4,1464.88
10854,8,25,2026-05-08,1,218.49
10855,8,12,2026-05-08,4,1226.08
10856,8,2,2026-05-08,5,277.95
10857,8,2,2026-05-08,4,222.36
10858,8,8,2026-05-08,1,282.14
10859,8,7,2026-05-08,1,353.76
10860,8,34,2026-05-08,1,80.66
10861,8,34,2026-05-08,3,241.98
10862,8,6,2026-05-08,1,443.3
10863,8,37,2026-05-08,3,1394.7
10864,8,10,2026-05-08,5,1598.3
10865,8,39,2026-05-08,1,473.74
10866,9,23,2026-05-08,5,250.0
10867,9,14,2026-05-08,4,454.84
10868,9,1,2026-05-08,3,427.65
10869,9,7,2026-05-08,1,353.76
10870,9,20,2026-05-08,1,271.79
10871,9,3,2026-05-08,5,2122.55
10872,9,19,2026-05-08,5,378.6
10873,10,35,2026-05-08,1,321.17
10874,10,27,2026-05-08,2,580.53
10875,10,37,2026-05-08,5,1565.16
10876,10,14,2026-05-08,2,153.13
10877,10,21,2026-05-08,5,1513.05
10878,10,29,2026-05-08,4,1038.17
10879,10,17,2026-05-08,2,590.92
10880,10,25,2026-05-08,2,294.24
10881,10,33,2026-05-08,2,413.23
10882,10,31,2026-05-08,3,981.88
10883,10,7,2026-05-08,3,714.6
10884,10,14,2026-05-08,1,76.56
10885,10,15,2026-05-08,4,318.84
10886,10,35,2026-05-08,5,1605.83
10887,11,32,2026-05-08,2,913.5
10888,11,5,2026-05-08,1,44.01
10889,11,12,2026-05-08,1,306.52
10890,11,23,2026-05-08,1,50.0
10891,11,27,2026-05-08,2,862.18
10892,11,2,2026-05-08,5,277.95
10893,11,26,2026-05-08,1,498.08
10894,11,34,2026-05-08,5,403.3
10895,11,39,2026-05-08,1,473.74
10896,11,10,2026-05-08,2,639.32
10897,11,22,2026-05-08,2,997.36
10898,11,34,2026-05-08,1,80.66
10899,11,6,2026-05-08,4,1773.2
10900,11,16,2026-05-08,1,203.58
10901,12,17,2026-05-08,4,1755.2
10902,12,9,2026-05-08,4,1735.64
10903,12,8,2026-05-08,1,282.14
10904,12,14,2026-05-08,1,113.71
10905,12,12,2026-05-08,3,919.56
10906,12,2,2026-05-08,4,222.36
10907,12,13,2026-05-08,4,343.52
10908,12,25,2026-05-08,2,436.99
10909,12,10,2026-05-08,2,639.32
10910,12,2,2026-05-08,5,277.95
10911,12,6,2026-05-08,3,1329.9
10912,1,31,2026-05-09,4,1944.32
10913,1,28,2026-05-09,5,1712.25
10914,1,15,2026-05-09,1,118.38
10915,1,37,2026-05-09,4,1859.6
10916,1,22,2026-05-09,2,997.36
10917,1,4,2026-05-09,1,366.22
10918,1,23,2026-05-09,2,100.0
10919,1,18,2026-05-09,2,401.68
10920,1,4,2026-05-09,2,732.44
10921,1,30,2026-05-09,2,440.42
10922,1,39,2026-05-09,5,2368.7
10923,1,22,2026-05-09,5,2493.4
10924,2,9,2026-05-09,4,1735.64
10925,2,21,2026-05-09,4,1797.68
10926,2,9,2026-05-09,3,1301.73
10927,2,11,2026-05-09,3,542.58
10928,2,37,2026-05-09,1,464.9
10929,2,22,2026-05-09,5,2493.4
10930,3,19,2026-05-09,3,227.16
10931,3,39,2026-05-09,3,1421.22
10932,3,39,2026-05-09,4,1894.96
10933,3,2,2026-05-09,4,222.36
10934,3,39,2026-05-09,1,473.74
10935,3,19,2026-05-09,4,302.88
10936,3,11,2026-05-09,4,723.44
10937,3,27,2026-05-09,4,1724.36
10938,3,18,2026-05-09,2,401.68
10939,3,24,2026-05-09,1,80.66
10940,4,24,2026-05-09,4,322.64
10941,4,24,2026-05-09,1,80.66
10942,4,3,2026-05-09,5,2122.55
10943,4,6,2026-05-09,4,1773.2
10944,4,9,2026-05-09,1,433.91
10945,4,13,2026-05-09,5,429.4
10946,4,10,2026-05-09,3,958.98
10947,5,1,2026-05-09,5,712.75
10948,5,21,2026-05-09,4,1797.68
10949,5,22,2026-05-09,1,498.68
10950,6,24,2026-05-09,2,161.32
10951,6,18,2026-05-09,4,803.36
10952,6,26,2026-05-09,4,1992.32
10953,6,20,2026-05-09,3,815.37
10954,6,20,2026-05-09,1,271.79
10955,6,18,2026-05-09,2,401.68
10956,6,37,2026-05-09,3,1394.7
10957,6,12,2026-05-09,5,1532.6
10958,7,23,2026-05-09,2,67.0
10959,7,30,2026-05-09,3,442.62
10960,7,4,2026-05-09,5,1226.84
10961,7,21,2026-05-09,4,1204.45
10962,7,39,2026-05-09,5,1587.03
10963,7,4,2026-05-09,1,245.37
10964,7,28,2026-05-09,2,458.88
10965,7,15,2026-05-09,2,158.63
10966,7,10,2026-05-09,3,642.52
10967,7,38,2026-05-09,5,413.83
10968,7,22,2026-05-09,3,1002.35
10969,8,25,2026-05-09,2,435.32
10970,8,12,2026-05-09,3,919.56
10971,8,40,2026-05-09,3,1226.79
10972,8,12,2026-05-09,4,1226.08
10973,8,22,2026-05-09,1,498.68
10974,8,4,2026-05-09,4,1464.88
10975,8,25,2026-05-09,4,870.64
10976,8,38,2026-05-09,4,494.12
10977,8,17,2026-05-09,5,2194.0
10978,8,19,2026-05-09,2,151.44
10979,9,25,2026-05-09,5,1088.3
10980,9,33,2026-05-09,5,1528.41
10981,9,2,2026-05-09,3,166.77
10982,9,38,2026-05-09,2,247.06
10983,9,17,2026-05-09,3,1316.4
10984,9,39,2026-05-09,5,2368.7
10985,9,31,2026-05-09,5,2430.4
10986,9,20,2026-05-09,3,815.37
10987,9,30,2026-05-09,5,1101.05
10988,9,8,2026-05-09,5,1405.3
10989,9,29,2026-05-09,4,1541.84
10990,9,1,2026-05-09,1,142.55
10991,10,27,2026-05-09,1,288.83
10992,10,36,2026-05-09,2,403.98
10993,10,34,2026-05-09,2,108.08
10994,11,23,2026-05-09,1,50.0
10995,11,38,2026-05-09,4,494.12
10996,11,3,2026-05-09,4,1698.04
10997,11,28,2026-05-09,3,1027.35
10998,12,25,2026-05-09,2,435.32
10999,12,3,2026-05-09,2,849.02
11000,12,27,2026-05-09,1,431.09
11001,12,33,2026-05-09,2,611.36
11002,12,32,2026-05-09,4,1827.0
11003,12,4,2026-05-09,4,1464.88
11004,12,24,2026-05-09,1,80.66
11005,12,16,2026-05-09,1,203.58
11006,12,33,2026-05-09,5,1528.41
11007,12,30,2026-05-09,3,660.63
11008,12,37,2026-05-09,1,464.9
11009,12,15,2026-05-09,1,118.38
11010,12,33,2026-05-09,1,305.68
11011,12,18,2026-05-09,4,803.36
11012,12,4,2026-05-09,3,1098.66
11013,1,8,2026-05-10,1,279.98
11014,1,13,2026-05-10,2,171.76
11015,1,37,2026-05-10,3,1394.7
11016,1,26,2026-05-10,1,498.08
11017,1,13,2026-05-10,4,343.52
11018,1,2,2026-05-10,4,222.36
11019,1,39,2026-05-10,2,947.48
11020,1,21,2026-05-10,5,2247.1
11021,1,9,2026-05-10,5,2169.55
11022,1,16,2026-05-10,2,407.16
11023,1,4,2026-05-10,2,732.44
11024,1,38,2026-05-10,3,370.59
11025,2,6,2026-05-10,4,1773.2
11026,2,22,2026-05-10,3,1496.04
11027,2,37,2026-05-10,2,929.8
11028,2,28,2026-05-10,2,684.9
11029,2,3,2026-05-10,2,849.02
11030,2,18,2026-05-10,4,803.36
11031,2,27,2026-05-10,5,2155.45
11032,2,3,2026-05-10,2,849.02
11033,2,30,2026-05-10,1,220.21
11034,2,26,2026-05-10,5,2490.4
11035,3,26,2026-05-10,1,498.08
11036,3,40,2026-05-10,2,817.86
11037,3,8,2026-05-10,1,279.98
11038,4,21,2026-05-10,2,898.84
11039,4,15,2026-05-10,1,118.38
11040,4,10,2026-05-10,3,958.98
11041,4,14,2026-05-10,4,454.84
11042,4,17,2026-05-10,5,2194.0
11043,4,9,2026-05-10,5,2169.55
11044,4,27,2026-05-10,1,431.09
11045,4,9,2026-05-10,3,1301.73
11046,4,1,2026-05-10,2,285.1
11047,4,26,2026-05-10,5,2490.4
11048,4,27,2026-05-10,4,1724.36
11049,4,28,2026-05-10,2,684.9
11050,4,6,2026-05-10,2,886.6
11051,4,4,2026-05-10,5,1831.1
11052,4,29,2026-05-10,4,1541.84
11053,5,11,2026-05-10,3,542.58
11054,5,3,2026-05-10,3,1273.53
11055,5,37,2026-05-10,5,2324.5
11056,5,15,2026-05-10,5,591.9
11057,5,39,2026-05-10,2,947.48
11058,5,20,2026-05-10,1,271.79
11059,5,30,2026-05-10,4,880.84
11060,5,28,2026-05-10,4,1369.8
11061,5,35,2026-05-10,4,1907.92
11062,5,5,2026-05-10,1,44.01
11063,5,20,2026-05-10,5,1358.95
11064,6,2,2026-05-10,2,111.18
11065,6,26,2026-05-10,5,2490.4
11066,6,7,2026-05-10,3,1061.28
11067,6,26,2026-05-10,1,498.08
11068,7,36,2026-05-10,4,803.95
11069,7,15,2026-05-10,2,157.84
11070,7,17,2026-05-10,1,292.53
11071,7,8,2026-05-10,5,933.28
11072,8,25,2026-05-10,3,650.48
11073,8,30,2026-05-10,1,220.21
11074,8,30,2026-05-10,2,440.42
11075,8,19,2026-05-10,3,227.16
11076,8,29,2026-05-10,3,1156.38
11077,8,24,2026-05-10,4,322.64
11078,8,11,2026-05-10,3,542.58
11079,8,10,2026-05-10,1,319.66
11080,8,3,2026-05-10,2,849.02
11081,8,29,2026-05-10,3,1156.38
11082,8,32,2026-05-10,1,456.75
11083,9,7,2026-05-10,5,1768.8
11084,9,7,2026-05-10,2,707.52
11085,9,38,2026-05-10,5,617.65
11086,9,5,2026-05-10,5,220.05
11087,9,25,2026-05-10,5,1084.13
11088,9,30,2026-05-10,3,660.63
11089,9,38,2026-05-10,4,494.12
11090,9,12,2026-05-10,5,1532.6
11091,9,39,2026-05-10,1,473.74
11092,9,7,2026-05-10,5,1768.8
11093,9,40,2026-05-10,1,408.93
11094,10,11,2026-05-10,4,482.29
11095,10,22,2026-05-10,3,997.36
11096,10,39,2026-05-10,1,315.83
11097,10,38,2026-05-10,1,82.35
11098,10,30,2026-05-10,3,440.42
11099,10,30,2026-05-10,4,587.23
11100,10,28,2026-05-10,3,684.9
11101,10,22,2026-05-10,2,664.91
11102,10,37,2026-05-10,3,929.8
11103,10,26,2026-05-10,1,332.05
11104,10,20,2026-05-10,2,362.39
11105,10,29,2026-05-10,2,513.95
11106,11,33,2026-05-10,3,913.53
11107,11,29,2026-05-10,1,385.46
11108,11,37,2026-05-10,2,929.8
11109,11,28,2026-05-10,4,1369.8
11110,11,31,2026-05-10,1,486.08
11111,11,36,2026-05-10,5,1507.4
11112,11,36,2026-05-10,5,1507.4
11113,11,25,2026-05-10,1,216.83
11114,11,29,2026-05-10,3,1156.38
11115,11,7,2026-05-10,1,353.76
11116,11,36,2026-05-10,4,1205.92
11117,12,20,2026-05-10,5,1358.95
11118,12,15,2026-05-10,1,118.38
11119,12,32,2026-05-10,5,2283.75
11120,12,35,2026-05-10,4,1907.92
11121,12,4,2026-05-10,2,732.44
11122,12,21,2026-05-10,3,1348.26
11123,12,16,2026-05-10,1,203.58
11124,12,23,2026-05-10,1,50.0
11125,12,28,2026-05-10,1,342.45
11126,12,10,2026-05-10,4,1278.64
11127,12,7,2026-05-10,5,1768.8
11128,12,1,2026-05-10,2,285.1
11129,1,26,2026-05-11,3,1494.24
11130,1,11,2026-05-11,4,723.44
11131,1,5,2026-05-11,4,176.04
11132,1,36,2026-05-11,3,904.44
11133,1,12,2026-05-11,2,613.04
11134,1,20,2026-05-11,1,271.79
11135,1,29,2026-05-11,1,385.46
11136,1,38,2026-05-11,1,123.53
11137,1,20,2026-05-11,2,543.58
11138,1,32,2026-05-11,5,2283.75
11139,1,6,2026-05-11,5,2216.5
11140,1,15,2026-05-11,4,473.52
11141,1,23,2026-05-11,1,50.0
11142,2,6,2026-05-11,4,1773.2
11143,2,13,2026-05-11,1,85.88
11144,2,27,2026-05-11,4,1724.36
11145,2,37,2026-05-11,4,1859.6
11146,2,22,2026-05-11,2,997.36
11147,2,13,2026-05-11,4,343.52
11148,2,4,2026-05-11,4,1464.88
11149,2,14,2026-05-11,5,568.55
11150,2,40,2026-05-11,2,817.86
11151,2,7,2026-05-11,1,353.76
11152,2,15,2026-05-11,4,473.52
11153,3,1,2026-05-11,5,712.75
11154,3,19,2026-05-11,3,227.16
11155,3,25,2026-05-11,3,647.97
11156,3,11,2026-05-11,2,361.72
11157,4,2,2026-05-11,4,222.36
11158,4,4,2026-05-11,1,366.22
11159,4,37,2026-05-11,2,929.8
11160,4,40,2026-05-11,2,817.86
11161,4,29,2026-05-11,1,385.46
11162,4,23,2026-05-11,5,250.0
11163,4,28,2026-05-11,1,342.45
11164,4,22,2026-05-11,2,997.36
11165,5,27,2026-05-11,5,2155.45
11166,5,2,2026-05-11,5,277.95
11167,5,33,2026-05-11,1,303.34
11168,5,5,2026-05-11,1,44.01
11169,5,27,2026-05-11,2,862.18
11170,5,10,2026-05-11,1,319.66
11171,5,2,2026-05-11,1,55.59
11172,5,7,2026-05-11,1,353.76
11173,5,6,2026-05-11,2,886.6
11174,6,38,2026-05-11,2,247.06
11175,6,28,2026-05-11,3,1027.35
11176,6,34,2026-05-11,1,80.66
11177,6,20,2026-05-11,3,815.37
11178,6,25,2026-05-11,3,647.97
11179,6,36,2026-05-11,5,1507.4
11180,6,9,2026-05-11,2,867.82
11181,6,23,2026-05-11,3,150.0
11182,6,9,2026-05-11,2,867.82
11183,6,36,2026-05-11,5,1507.4
11184,7,31,2026-05-11,4,1289.73
11185,7,12,2026-05-11,1,203.32
11186,7,40,2026-05-11,1,271.26
11187,7,39,2026-05-11,1,314.25
11188,7,13,2026-05-11,3,170.9
11189,7,38,2026-05-11,5,409.71
11190,7,6,2026-05-11,2,588.11
11191,7,3,2026-05-11,4,1126.37
11192,7,5,2026-05-11,3,87.58
11193,8,40,2026-05-11,4,1635.72
11194,8,23,2026-05-11,3,150.0
11195,8,36,2026-05-11,3,904.44
11196,8,5,2026-05-11,5,220.05
11197,8,11,2026-05-11,3,542.58
11198,8,25,2026-05-11,2,431.98
11199,9,37,2026-05-11,3,1394.7
11200,9,23,2026-05-11,3,150.0
11201,9,12,2026-05-11,5,1532.6
11202,9,28,2026-05-11,5,1712.25
11203,9,10,2026-05-11,1,319.66
11204,9,30,2026-05-11,1,220.21
11205,9,38,2026-05-11,3,370.59
11206,9,2,2026-05-11,4,222.36
11207,9,35,2026-05-11,5,2384.9
11208,9,5,2026-05-11,4,176.04
11209,9,8,2026-05-11,3,836.72
11210,10,2,2026-05-11,2,73.75
11211,10,23,2026-05-11,2,66.33
11212,10,14,2026-05-11,5,377.14
11213,10,38,2026-05-11,2,163.88
11214,11,28,2026-05-11,5,1712.25
11215,11,12,2026-05-11,2,613.04
11216,11,27,2026-05-11,1,431.09
11217,11,21,2026-05-11,3,1348.26
11218,11,37,2026-05-11,2,929.8
11219,11,3,2026-05-11,1,424.51
11220,11,5,2026-05-11,2,88.02
11221,12,13,2026-05-11,4,343.52
11222,12,13,2026-05-11,4,343.52
11223,12,11,2026-05-11,1,180.86
11224,12,32,2026-05-11,1,456.75
11225,12,19,2026-05-11,4,302.88
11226,12,22,2026-05-11,1,498.68
11227,12,28,2026-05-11,3,1027.35
11228,12,4,2026-05-11,3,1098.66
11229,12,27,2026-05-11,5,2155.45
11230,12,16,2026-05-11,4,814.32
11231,12,17,2026-05-11,3,1316.4
11232,12,32,2026-05-11,1,456.75
11233,12,30,2026-05-11,1,220.21
11234,12,36,2026-05-11,3,904.44
11235,1,31,2026-05-12,4,1944.32
11236,1,8,2026-05-12,4,1111.32
11237,1,6,2026-05-12,1,443.3
11238,1,18,2026-05-12,4,803.36
11239,1,13,2026-05-12,4,343.52
11240,1,33,2026-05-12,4,1208.67
11241,1,10,2026-05-12,1,319.66
11242,1,38,2026-05-12,2,247.06
11243,1,40,2026-05-12,2,817.86
11244,1,34,2026-05-12,4,322.64
11245,1,15,2026-05-12,2,236.76
11246,1,21,2026-05-12,4,1797.68
11247,2,40,2026-05-12,1,408.93
11248,2,27,2026-05-12,3,1293.27
11249,2,18,2026-05-12,1,200.84
11250,2,22,2026-05-12,5,2493.4
11251,2,6,2026-05-12,3,1329.9
11252,2,35,2026-05-12,1,476.98
11253,2,7,2026-05-12,5,1768.8
11254,2,20,2026-05-12,3,815.37
11255,2,13,2026-05-12,3,257.64
11256,2,34,2026-05-12,5,403.3
11257,2,21,2026-05-12,2,898.84
11258,3,21,2026-05-12,1,449.42
11259,3,21,2026-05-12,3,1348.26
11260,3,18,2026-05-12,5,1004.2
11261,3,24,2026-05-12,4,322.64
11262,3,11,2026-05-12,4,723.44
11263,3,38,2026-05-12,1,123.53
11264,3,15,2026-05-12,1,118.38
11265,3,26,2026-05-12,5,2490.4
11266,3,30,2026-05-12,4,880.84
11267,3,35,2026-05-12,3,1430.94
11268,3,9,2026-05-12,5,2169.55
11269,3,10,2026-05-12,4,1278.64
11270,3,30,2026-05-12,4,880.84
11271,3,37,2026-05-12,5,2324.5
11272,3,6,2026-05-12,5,2216.5
11273,4,9,2026-05-12,5,2169.55
11274,4,5,2026-05-12,3,132.03
11275,4,33,2026-05-12,2,604.34
11276,4,11,2026-05-12,4,723.44
11277,4,6,2026-05-12,4,1773.2
11278,4,21,2026-05-12,2,898.84
11279,4,24,2026-05-12,2,161.32
11280,4,27,2026-05-12,1,431.09
11281,4,11,2026-05-12,3,542.58
11282,4,6,2026-05-12,3,1329.9
11283,4,5,2026-05-12,1,44.01
11284,4,11,2026-05-12,2,361.72
11285,4,35,2026-05-12,5,2384.9
11286,4,28,2026-05-12,3,1027.35
11287,4,6,2026-05-12,3,1329.9
11288,5,10,2026-05-12,4,1278.64
11289,5,38,2026-05-12,1,123.53
11290,5,40,2026-05-12,5,2044.65
11291,5,23,2026-05-12,3,150.0
11292,5,3,2026-05-12,3,1273.53
11293,5,16,2026-05-12,3,610.74
11294,5,1,2026-05-12,3,427.65
11295,5,6,2026-05-12,5,2216.5
11296,5,12,2026-05-12,1,306.52
11297,5,20,2026-05-12,1,271.79
11298,5,1,2026-05-12,3,427.65
11299,5,11,2026-05-12,5,904.3
11300,6,34,2026-05-12,3,241.98
11301,6,28,2026-05-12,3,1027.35
11302,6,25,2026-05-12,2,430.32
11303,6,15,2026-05-12,4,473.52
11304,6,10,2026-05-12,4,1278.64
11305,6,2,2026-05-12,1,55.59
11306,6,4,2026-05-12,4,1464.88
11307,6,28,2026-05-12,1,342.45
11308,6,39,2026-05-12,4,1894.96
11309,6,23,2026-05-12,1,50.0
11310,6,37,2026-05-12,3,1394.7
11311,6,5,2026-05-12,4,176.04
11312,6,18,2026-05-12,5,1004.2
11313,7,8,2026-05-12,4,733.47
11314,7,31,2026-05-12,1,320.81
11315,7,16,2026-05-12,5,671.81
11316,7,6,2026-05-12,1,292.58
11317,7,5,2026-05-12,3,87.14
11318,7,7,2026-05-12,5,1167.41
11319,8,15,2026-05-12,3,355.14
11320,8,7,2026-05-12,1,353.76
11321,8,8,2026-05-12,4,1111.32
11322,8,9,2026-05-12,2,867.82
11323,8,29,2026-05-12,3,1156.38
11324,8,26,2026-05-12,3,1494.24
11325,8,19,2026-05-12,3,227.16
11326,8,3,2026-05-12,4,1698.04
11327,8,6,2026-05-12,2,886.6
11328,8,16,2026-05-12,2,407.16
11329,8,27,2026-05-12,2,862.18
11330,9,16,2026-05-12,5,1017.9
11331,9,31,2026-05-12,1,486.08
11332,9,6,2026-05-12,2,886.6
11333,9,8,2026-05-12,1,277.83
11334,9,22,2026-05-12,1,498.68
11335,10,31,2026-05-12,5,1604.06
11336,10,14,2026-05-12,4,300.19
11337,10,38,2026-05-12,5,407.65
11338,10,8,2026-05-12,3,550.1
11339,10,12,2026-05-12,1,202.3
11340,11,16,2026-05-12,2,407.16
11341,11,34,2026-05-12,1,80.66
11342,11,12,2026-05-12,3,919.56
11343,11,8,2026-05-12,3,833.49
11344,11,13,2026-05-12,1,85.88
11345,11,37,2026-05-12,3,1394.7
11346,11,12,2026-05-12,5,1532.6
11347,11,9,2026-05-12,1,433.91
11348,11,19,2026-05-12,5,378.6
11349,11,37,2026-05-12,2,929.8
11350,11,22,2026-05-12,3,1496.04
11351,12,20,2026-05-12,1,271.79
11352,12,38,2026-05-12,5,617.65
11353,12,25,2026-05-12,4,860.63
11354,12,31,2026-05-12,1,486.08
11355,1,23,2026-05-13,1,50.0
11356,1,36,2026-05-13,2,602.96
11357,1,9,2026-05-13,2,867.82
11358,1,23,2026-05-13,3,150.0
11359,1,11,2026-05-13,5,904.3
11360,1,28,2026-05-13,3,1027.35
11361,1,15,2026-05-13,4,473.52
11362,1,14,2026-05-13,1,113.71
11363,1,35,2026-05-13,4,1907.92
11364,1,40,2026-05-13,3,1226.79
11365,1,18,2026-05-13,2,401.68
11366,2,26,2026-05-13,3,1494.24
11367,2,22,2026-05-13,5,2493.4
11368,2,12,2026-05-13,3,919.56
11369,3,16,2026-05-13,4,814.32
11370,3,34,2026-05-13,3,241.98
11371,3,6,2026-05-13,4,1773.2
11372,3,3,2026-05-13,3,1273.53
11373,3,34,2026-05-13,5,403.3
11374,3,38,2026-05-13,1,123.53
11375,3,14,2026-05-13,2,227.42
11376,3,19,2026-05-13,3,227.16
11377,4,3,2026-05-13,3,1273.53
11378,4,20,2026-05-13,2,543.58
11379,4,23,2026-05-13,5,250.0
11380,5,19,2026-05-13,1,75.72
11381,5,38,2026-05-13,5,617.65
11382,5,29,2026-05-13,2,770.92
11383,6,33,2026-05-13,3,902.99
11384,6,11,2026-05-13,5,904.3
11385,6,22,2026-05-13,5,2493.4
11386,6,10,2026-05-13,5,1598.3
11387,6,36,2026-05-13,3,904.44
11388,6,37,2026-05-13,2,929.8
11389,6,8,2026-05-13,4,1107.01
11390,6,22,2026-05-13,5,2493.4
11391,6,18,2026-05-13,1,200.84
11392,6,36,2026-05-13,2,602.96
11393,6,10,2026-05-13,4,1278.64
11394,6,14,2026-05-13,1,113.71
11395,6,4,2026-05-13,1,366.22
11396,6,12,2026-05-13,2,613.04
11397,6,25,2026-05-13,5,1071.62
11398,7,29,2026-05-13,5,1265.59
11399,7,4,2026-05-13,5,1202.42
11400,7,20,2026-05-13,4,713.9
11401,7,23,2026-05-13,5,164.17
11402,7,12,2026-05-13,1,201.28
11403,7,34,2026-05-13,5,264.83
11404,7,10,2026-05-13,1,209.91
11405,7,24,2026-05-13,5,264.83
11406,7,9,2026-05-13,4,1139.74
11407,7,22,2026-05-13,5,1637.33
11408,7,23,2026-05-13,5,164.17
11409,8,10,2026-05-13,3,958.98
11410,8,33,2026-05-13,3,902.99
11411,8,38,2026-05-13,2,247.06
11412,8,38,2026-05-13,5,617.65
11413,8,23,2026-05-13,3,150.0
11414,8,17,2026-05-13,2,877.6
11415,8,36,2026-05-13,3,904.44
11416,8,4,2026-05-13,2,732.44
11417,8,28,2026-05-13,3,1027.35
11418,8,15,2026-05-13,2,236.76
11419,9,40,2026-05-13,3,1226.79
11420,9,21,2026-05-13,1,449.42
11421,9,7,2026-05-13,2,707.52
11422,9,4,2026-05-13,4,1464.88
11423,9,4,2026-05-13,4,1464.88
11424,9,21,2026-05-13,3,1348.26
11425,9,32,2026-05-13,1,456.75
11426,9,9,2026-05-13,3,1301.73
11427,9,24,2026-05-13,5,403.3
11428,9,3,2026-05-13,5,2122.55
11429,10,30,2026-05-13,3,433.81
11430,10,22,2026-05-13,4,1309.87
11431,10,18,2026-05-13,5,659.42
11432,10,19,2026-05-13,2,99.45
11433,11,22,2026-05-13,4,1994.72
11434,11,37,2026-05-13,2,929.8
11435,11,14,2026-05-13,5,568.55
11436,11,22,2026-05-13,2,997.36
11437,11,25,2026-05-13,5,1071.62
11438,11,8,2026-05-13,2,553.51
11439,11,28,2026-05-13,4,1369.8
11440,11,31,2026-05-13,5,2430.4
11441,11,32,2026-05-13,2,913.5
11442,11,16,2026-05-13,5,1017.9
11443,12,4,2026-05-13,3,1098.66
11444,12,10,2026-05-13,3,958.98
11445,12,30,2026-05-13,3,660.63
11446,12,5,2026-05-13,1,44.01
11447,12,7,2026-05-13,1,353.76
11448,12,20,2026-05-13,4,1087.16
11449,12,21,2026-05-13,4,1797.68
11450,1,26,2026-05-14,2,996.16
11451,1,21,2026-05-14,5,2247.1
11452,1,37,2026-05-14,4,1859.6
11453,1,34,2026-05-14,2,161.32
11454,1,26,2026-05-14,2,996.16
11455,1,39,2026-05-14,4,1894.96
11456,1,34,2026-05-14,1,80.66
11457,1,5,2026-05-14,2,88.02
11458,1,34,2026-05-14,1,80.66
11459,1,17,2026-05-14,4,1755.2
11460,1,7,2026-05-14,3,1061.28
11461,2,40,2026-05-14,5,2044.65
11462,2,2,2026-05-14,4,222.36
11463,2,36,2026-05-14,1,301.48
11464,2,6,2026-05-14,2,886.6
11465,2,14,2026-05-14,1,113.71
11466,2,19,2026-05-14,4,302.88
11467,2,8,2026-05-14,1,275.68
11468,2,14,2026-05-14,2,227.42
11469,2,22,2026-05-14,1,498.68
11470,2,12,2026-05-14,2,613.04
11471,2,34,2026-05-14,5,403.3
11472,2,12,2026-05-14,5,1532.6
11473,2,2,2026-05-14,4,222.36
11474,2,2,2026-05-14,4,222.36
11475,2,12,2026-05-14,3,919.56
11476,3,37,2026-05-14,4,1859.6
11477,3,16,2026-05-14,5,1017.9
11478,3,2,2026-05-14,2,111.18
11479,3,14,2026-05-14,3,341.13
11480,3,21,2026-05-14,1,449.42
11481,4,5,2026-05-14,3,132.03
11482,4,39,2026-05-14,5,2368.7
11483,4,4,2026-05-14,5,1831.1
11484,4,8,2026-05-14,5,1378.38
11485,4,22,2026-05-14,1,498.68
11486,4,6,2026-05-14,1,443.3
11487,4,36,2026-05-14,1,301.48
11488,4,9,2026-05-14,3,1301.73
11489,5,1,2026-05-14,4,570.2
11490,5,3,2026-05-14,4,1698.04
11491,5,39,2026-05-14,4,1894.96
11492,5,23,2026-05-14,3,150.0
11493,5,24,2026-05-14,4,322.64
11494,5,37,2026-05-14,2,929.8
11495,5,21,2026-05-14,2,898.84
11496,5,26,2026-05-14,5,2490.4
11497,5,7,2026-05-14,5,1768.8
11498,5,6,2026-05-14,1,443.3
11499,6,19,2026-05-14,1,75.72
11500,6,17,2026-05-14,5,2194.0
11501,6,1,2026-05-14,5,712.75
11502,6,26,2026-05-14,3,1494.24
11503,6,29,2026-05-14,4,1541.84
11504,7,27,2026-05-14,3,844.94
11505,7,17,2026-05-14,4,1146.73
11506,7,1,2026-05-14,2,186.27
11507,7,8,2026-05-14,5,900.54
11508,7,20,2026-05-14,5,887.85
11509,7,34,2026-05-14,3,158.09
11510,7,10,2026-05-14,1,208.84
11511,7,7,2026-05-14,2,462.25
11512,7,5,2026-05-14,3,86.26
11513,8,11,2026-05-14,3,542.58
11514,8,24,2026-05-14,1,80.66
11515,8,4,2026-05-14,5,1831.1
11516,8,13,2026-05-14,5,429.4
11517,8,37,2026-05-14,5,2324.5
11518,8,19,2026-05-14,5,378.6
11519,8,5,2026-05-14,5,220.05
11520,8,28,2026-05-14,4,1369.8
11521,8,11,2026-05-14,3,542.58
11522,8,22,2026-05-14,3,1496.04
11523,9,35,2026-05-14,3,1430.94
11524,9,32,2026-05-14,2,913.5
11525,9,8,2026-05-14,2,551.35
11526,9,16,2026-05-14,1,203.58
11527,9,21,2026-05-14,2,898.84
11528,9,9,2026-05-14,4,1735.64
11529,9,35,2026-05-14,5,2384.9
11530,9,13,2026-05-14,3,257.64
11531,9,30,2026-05-14,5,1101.05
11532,10,11,2026-05-14,3,354.49
11533,10,16,2026-05-14,1,133.01
11534,10,28,2026-05-14,3,671.2
11535,10,38,2026-05-14,3,242.12
11536,10,17,2026-05-14,2,573.37
11537,10,2,2026-05-14,1,36.32
11538,10,33,2026-05-14,3,587.66
11539,10,17,2026-05-14,3,860.05
11540,10,2,2026-05-14,4,145.28
11541,10,24,2026-05-14,4,210.79
11542,10,29,2026-05-14,2,503.67
11543,10,15,2026-05-14,2,154.68
11544,11,14,2026-05-14,3,341.13
11545,11,39,2026-05-14,5,2368.7
11546,11,31,2026-05-14,1,486.08
11547,11,12,2026-05-14,2,613.04
11548,11,13,2026-05-14,3,257.64
11549,11,6,2026-05-14,2,886.6
11550,11,37,2026-05-14,1,464.9
11551,12,15,2026-05-14,5,591.9
11552,12,10,2026-05-14,5,1598.3
11553,12,23,2026-05-14,2,100.0
11554,12,3,2026-05-14,1,424.51
11555,12,29,2026-05-14,5,1927.3
11556,12,33,2026-05-14,1,299.83
11557,1,33,2026-05-15,5,1493.27
11558,1,26,2026-05-15,2,996.16
11559,1,35,2026-05-15,1,476.98
11560,1,39,2026-05-15,4,1894.96
11561,1,34,2026-05-15,1,80.66
11562,1,8,2026-05-15,3,823.8
11563,1,34,2026-05-15,2,161.32
11564,1,12,2026-05-15,3,919.56
11565,1,22,2026-05-15,5,2493.4
11566,1,3,2026-05-15,4,1698.04
11567,1,26,2026-05-15,4,1992.32
11568,2,35,2026-05-15,2,953.96
11569,2,14,2026-05-15,4,454.84
11570,2,29,2026-05-15,3,1156.38
11571,2,4,2026-05-15,1,366.22
11572,2,27,2026-05-15,1,431.09
11573,2,3,2026-05-15,4,1698.04
11574,2,24,2026-05-15,4,322.64
11575,2,30,2026-05-15,4,880.84
11576,2,13,2026-05-15,3,257.64
11577,2,28,2026-05-15,1,342.45
11578,2,3,2026-05-15,2,849.02
11579,3,9,2026-05-15,1,433.91
11580,3,25,2026-05-15,3,637.97
11581,3,34,2026-05-15,1,80.66
11582,3,37,2026-05-15,2,929.8
11583,3,38,2026-05-15,1,123.53
11584,3,14,2026-05-15,3,341.13
11585,3,21,2026-05-15,2,898.84
11586,4,9,2026-05-15,3,1301.73
11587,4,1,2026-05-15,3,427.65
11588,4,12,2026-05-15,4,1226.08
11589,4,13,2026-05-15,5,429.4
11590,4,23,2026-05-15,1,50.0
11591,4,33,2026-05-15,3,895.96
11592,4,27,2026-05-15,1,431.09
11593,4,32,2026-05-15,4,1827.0
11594,4,11,2026-05-15,1,180.86
11595,4,4,2026-05-15,5,1831.1
11596,4,37,2026-05-15,3,1394.7
11597,5,37,2026-05-15,5,2324.5
11598,5,18,2026-05-15,1,200.84
11599,5,12,2026-05-15,1,306.52
11600,5,38,2026-05-15,2,247.06
11601,5,28,2026-05-15,2,684.9
11602,5,18,2026-05-15,5,1004.2
11603,6,2,2026-05-15,2,111.18
11604,6,27,2026-05-15,2,862.18
11605,6,10,2026-05-15,3,958.98
11606,6,36,2026-05-15,4,1205.92
11607,6,19,2026-05-15,2,151.44
11608,6,23,2026-05-15,4,200.0
11609,6,11,2026-05-15,2,361.72
11610,6,14,2026-05-15,4,454.84
11611,6,19,2026-05-15,3,227.16
11612,7,34,2026-05-15,2,104.86
11613,7,23,2026-05-15,1,32.5
11614,7,38,2026-05-15,5,401.47
11615,7,34,2026-05-15,2,104.86
11616,7,21,2026-05-15,1,292.12
11617,8,26,2026-05-15,1,498.08
11618,8,10,2026-05-15,4,1278.64
11619,8,35,2026-05-15,5,2384.9
11620,8,5,2026-05-15,5,220.05
11621,8,39,2026-05-15,2,947.48
11622,8,4,2026-05-15,2,732.44
11623,8,30,2026-05-15,1,220.21
11624,8,39,2026-05-15,4,1894.96
11625,8,4,2026-05-15,3,1098.66
11626,9,9,2026-05-15,4,1735.64
11627,9,15,2026-05-15,5,591.9
11628,9,39,2026-05-15,2,947.48
11629,9,10,2026-05-15,3,958.98
11630,9,9,2026-05-15,4,1735.64
11631,9,1,2026-05-15,5,712.75
11632,9,10,2026-05-15,2,639.32
11633,9,14,2026-05-15,3,341.13
11634,9,22,2026-05-15,2,997.36
11635,9,23,2026-05-15,3,150.0
11636,9,12,2026-05-15,4,1226.08
11637,9,5,2026-05-15,4,176.04
11638,10,1,2026-05-15,4,370.63
11639,10,18,2026-05-15,5,652.73
11640,10,21,2026-05-15,3,876.37
11641,10,15,2026-05-15,5,384.73
11642,10,4,2026-05-15,4,952.17
11643,10,25,2026-05-15,3,414.68
11644,10,5,2026-05-15,1,28.61
11645,10,30,2026-05-15,2,286.27
11646,10,29,2026-05-15,1,250.55
11647,10,11,2026-05-15,3,352.68
11648,10,4,2026-05-15,4,952.17
11649,10,6,2026-05-15,4,1152.58
11650,10,13,2026-05-15,3,167.47
11651,10,32,2026-05-15,2,593.77
11652,10,33,2026-05-15,4,776.5
11653,11,17,2026-05-15,2,877.6
11654,11,37,2026-05-15,4,1859.6
11655,11,12,2026-05-15,3,919.56
11656,11,10,2026-05-15,1,319.66
11657,12,22,2026-05-15,4,1994.72
11658,12,7,2026-05-15,2,707.52
11659,12,40,2026-05-15,4,1635.72
11660,12,1,2026-05-15,4,570.2
11661,12,3,2026-05-15,5,2122.55
11662,12,4,2026-05-15,4,1464.88
11663,12,3,2026-05-15,2,849.02
11664,12,8,2026-05-15,1,274.6
11665,1,21,2026-05-16,3,1348.26
11666,1,10,2026-05-16,5,1598.3
11667,1,5,2026-05-16,2,88.02
11668,1,37,2026-05-16,4,1859.6
11669,1,5,2026-05-16,1,44.01
11670,1,9,2026-05-16,5,2169.55
11671,1,10,2026-05-16,3,958.98
11672,2,27,2026-05-16,3,1293.27
11673,2,3,2026-05-16,4,1698.04
11674,2,28,2026-05-16,4,1369.8
11675,2,18,2026-05-16,4,803.36
11676,2,10,2026-05-16,4,1278.64
11677,2,30,2026-05-16,4,880.84
11678,2,4,2026-05-16,3,1098.66
11679,3,19,2026-05-16,3,227.16
11680,3,9,2026-05-16,4,1735.64
11681,3,33,2026-05-16,2,594.97
11682,4,18,2026-05-16,1,200.84
11683,4,38,2026-05-16,3,370.59
11684,4,28,2026-05-16,4,1369.8
11685,4,7,2026-05-16,4,1415.04
11686,4,28,2026-05-16,2,684.9
11687,4,31,2026-05-16,5,2430.4
11688,4,17,2026-05-16,2,877.6
11689,4,7,2026-05-16,5,1768.8
11690,5,2,2026-05-16,1,55.59
11691,5,11,2026-05-16,5,904.3
11692,5,8,2026-05-16,5,1367.61
11693,5,25,2026-05-16,3,635.47
11694,5,14,2026-05-16,2,227.42
11695,5,39,2026-05-16,5,2368.7
11696,6,3,2026-05-16,1,424.51
11697,6,26,2026-05-16,1,498.08
11698,6,28,2026-05-16,4,1369.8
11699,6,4,2026-05-16,1,366.22
11700,6,22,2026-05-16,3,1496.04
11701,6,34,2026-05-16,3,241.98
11702,6,13,2026-05-16,5,429.4
11703,6,37,2026-05-16,1,464.9
11704,6,16,2026-05-16,1,203.58
11705,6,3,2026-05-16,5,2122.55
11706,6,24,2026-05-16,2,161.32
11707,7,7,2026-05-16,5,1143.82
11708,7,4,2026-05-16,2,473.64
11709,7,22,2026-05-16,2,644.96
11710,7,5,2026-05-16,5,142.3
11711,7,9,2026-05-16,4,1122.38
11712,7,11,2026-05-16,2,233.91
11713,7,36,2026-05-16,3,584.87
11714,7,13,2026-05-16,2,111.07
11715,8,37,2026-05-16,3,1394.7
11716,8,9,2026-05-16,4,1735.64
11717,8,15,2026-05-16,2,236.76
11718,8,34,2026-05-16,5,403.3
11719,8,18,2026-05-16,2,401.68
11720,8,24,2026-05-16,1,80.66
11721,8,13,2026-05-16,1,85.88
11722,8,25,2026-05-16,1,211.82
11723,9,23,2026-05-16,5,250.0
11724,9,28,2026-05-16,1,342.45
11725,9,28,2026-05-16,5,1712.25
11726,9,40,2026-05-16,4,1635.72
11727,9,29,2026-05-16,4,1541.84
11728,9,32,2026-05-16,1,456.75
11729,9,4,2026-05-16,2,732.44
11730,9,29,2026-05-16,3,1156.38
11731,9,33,2026-05-16,3,892.45
11732,9,5,2026-05-16,1,44.01
11733,9,13,2026-05-16,2,171.76
11734,9,25,2026-05-16,2,423.64
11735,9,3,2026-05-16,1,424.51
11736,9,9,2026-05-16,3,1301.73
11737,9,38,2026-05-16,1,123.53
11738,10,12,2026-05-16,4,792.87
11739,10,8,2026-05-16,4,707.51
11740,10,23,2026-05-16,2,64.67
11741,10,29,2026-05-16,3,747.79
11742,10,35,2026-05-16,1,308.45
11743,10,31,2026-05-16,1,314.33
11744,10,25,2026-05-16,1,136.98
11745,10,25,2026-05-16,5,684.89
11746,10,11,2026-05-16,4,467.82
11747,10,9,2026-05-16,1,280.6
11748,10,36,2026-05-16,1,194.96
11749,10,1,2026-05-16,5,460.91
11750,10,15,2026-05-16,5,382.76
11751,10,14,2026-05-16,2,147.06
11752,10,10,2026-05-16,1,206.71
11753,11,1,2026-05-16,5,712.75
11754,11,6,2026-05-16,4,1773.2
11755,11,8,2026-05-16,2,547.05
11756,11,14,2026-05-16,5,568.55
11757,11,8,2026-05-16,3,820.57
11758,11,6,2026-05-16,3,1329.9
11759,11,38,2026-05-16,4,494.12
11760,11,38,2026-05-16,5,617.65
11761,11,16,2026-05-16,1,203.58
11762,11,25,2026-05-16,3,635.47
11763,11,24,2026-05-16,3,241.98
11764,11,17,2026-05-16,4,1755.2
11765,11,29,2026-05-16,2,770.92
11766,11,13,2026-05-16,1,85.88
11767,12,1,2026-05-16,5,712.75
11768,12,33,2026-05-16,4,1189.93
11769,12,34,2026-05-16,4,322.64
11770,12,33,2026-05-16,3,892.45
11771,12,19,2026-05-16,4,302.88
11772,12,33,2026-05-16,1,297.48
11773,12,25,2026-05-16,2,423.64
11774,1,28,2026-05-17,5,1712.25
11775,1,11,2026-05-17,3,542.58
11776,1,10,2026-05-17,4,1278.64
11777,1,38,2026-05-17,3,370.59
11778,1,10,2026-05-17,5,1598.3
11779,1,6,2026-05-17,5,2216.5
11780,1,23,2026-05-17,2,100.0
11781,1,12,2026-05-17,4,1226.08
11782,1,40,2026-05-17,1,408.93
11783,2,24,2026-05-17,4,322.64
11784,2,36,2026-05-17,3,904.44
11785,2,9,2026-05-17,5,2169.55
11786,2,30,2026-05-17,1,220.21
11787,2,31,2026-05-17,4,1944.32
11788,2,15,2026-05-17,2,236.76
11789,2,16,2026-05-17,5,1017.9
11790,2,40,2026-05-17,1,408.93
11791,2,38,2026-05-17,4,494.12
11792,2,21,2026-05-17,2,898.84
11793,3,12,2026-05-17,3,919.56
11794,3,18,2026-05-17,4,803.36
11795,3,22,2026-05-17,5,2493.4
11796,3,39,2026-05-17,1,473.74
11797,3,19,2026-05-17,3,227.16
11798,3,15,2026-05-17,3,355.14
11799,3,6,2026-05-17,2,886.6
11800,3,13,2026-05-17,1,85.88
11801,3,40,2026-05-17,1,408.93
11802,3,39,2026-05-17,5,2368.7
11803,4,30,2026-05-17,2,440.42
11804,4,22,2026-05-17,4,1994.72
11805,4,2,2026-05-17,5,277.95
11806,4,29,2026-05-17,2,770.92
11807,4,18,2026-05-17,1,200.84
11808,5,36,2026-05-17,4,1205.92
11809,5,34,2026-05-17,5,403.3
11810,5,30,2026-05-17,4,880.84
11811,5,13,2026-05-17,5,429.4
11812,5,40,2026-05-17,5,2044.65
11813,6,31,2026-05-17,2,972.16
11814,6,40,2026-05-17,1,408.93
11815,6,37,2026-05-17,4,1859.6
11816,6,15,2026-05-17,3,355.14
11817,6,1,2026-05-17,4,570.2
11818,6,2,2026-05-17,3,166.77
11819,6,37,2026-05-17,3,1394.7
11820,6,37,2026-05-17,2,929.8
11821,6,1,2026-05-17,1,142.55
11822,6,1,2026-05-17,3,427.65
11823,6,11,2026-05-17,5,904.3
11824,6,36,2026-05-17,5,1507.4
11825,6,35,2026-05-17,4,1907.92
11826,6,9,2026-05-17,1,433.91
11827,6,22,2026-05-17,3,1496.04
11828,7,33,2026-05-17,2,381.26
11829,7,26,2026-05-17,5,1602.16
11830,7,1,2026-05-17,4,366.83
11831,7,20,2026-05-17,5,874.26
11832,7,1,2026-05-17,4,366.83
11833,7,2,2026-05-17,3,107.29
11834,7,9,2026-05-17,2,558.3
11835,7,40,2026-05-17,3,789.23
11836,7,8,2026-05-17,4,701.09
11837,7,12,2026-05-17,4,788.78
11838,7,7,2026-05-17,5,1137.93
11839,7,25,2026-05-17,5,678.68
11840,7,37,2026-05-17,1,299.09
11841,7,5,2026-05-17,1,28.31
11842,8,21,2026-05-17,1,449.42
11843,8,3,2026-05-17,4,1698.04
11844,8,35,2026-05-17,2,953.96
11845,8,37,2026-05-17,1,464.9
11846,8,18,2026-05-17,2,401.68
11847,8,27,2026-05-17,5,2155.45
11848,8,39,2026-05-17,1,473.74
11849,8,34,2026-05-17,2,161.32
11850,8,9,2026-05-17,2,867.82
11851,9,2,2026-05-17,1,55.59
11852,9,1,2026-05-17,1,142.55
11853,9,2,2026-05-17,4,222.36
11854,9,39,2026-05-17,4,1894.96
11855,9,21,2026-05-17,2,898.84
11856,9,29,2026-05-17,5,1927.3
11857,9,14,2026-05-17,4,454.84
11858,9,17,2026-05-17,2,877.6
11859,9,27,2026-05-17,5,2155.45
11860,9,6,2026-05-17,4,1773.2
11861,10,24,2026-05-17,1,51.89
11862,10,6,2026-05-17,3,855.57
11863,10,11,2026-05-17,1,116.35
11864,10,20,2026-05-17,4,699.41
11865,10,40,2026-05-17,3,789.23
11866,10,34,2026-05-17,3,155.67
11867,10,14,2026-05-17,5,365.77
11868,10,11,2026-05-17,3,349.06
11869,10,32,2026-05-17,5,1469.21
11870,11,27,2026-05-17,5,2155.45
11871,11,25,2026-05-17,2,421.98
11872,11,24,2026-05-17,2,161.32
11873,11,7,2026-05-17,3,1061.28
11874,11,7,2026-05-17,5,1768.8
11875,11,20,2026-05-17,2,543.58
11876,11,18,2026-05-17,5,1004.2
11877,11,32,2026-05-17,3,1370.25
11878,12,40,2026-05-17,5,2044.65
11879,12,3,2026-05-17,3,1273.53
11880,12,21,2026-05-17,4,1797.68
11881,12,3,2026-05-17,4,1698.04
11882,12,22,2026-05-17,2,997.36
11883,12,40,2026-05-17,3,1226.79
11884,12,17,2026-05-17,2,877.6
11885,12,23,2026-05-17,2,100.0
11886,12,7,2026-05-17,5,1768.8
11887,12,18,2026-05-17,4,803.36
11888,12,10,2026-05-17,1,319.66
11889,1,21,2026-05-18,4,1797.68
11890,1,12,2026-05-18,2,613.04
11891,1,7,2026-05-18,2,707.52
11892,1,35,2026-05-18,4,1907.92
11893,1,36,2026-05-18,1,301.48
11894,1,5,2026-05-18,1,44.01
11895,1,40,2026-05-18,3,1226.79
11896,1,37,2026-05-18,2,929.8
11897,2,6,2026-05-18,1,443.3
11898,2,8,2026-05-18,5,1356.84
11899,2,19,2026-05-18,4,302.88
11900,2,13,2026-05-18,3,257.64
11901,2,7,2026-05-18,1,353.76
11902,2,35,2026-05-18,1,476.98
11903,3,13,2026-05-18,4,343.52
11904,3,22,2026-05-18,5,2493.4
11905,3,15,2026-05-18,2,236.76
11906,3,5,2026-05-18,1,44.01
11907,3,40,2026-05-18,3,1226.79
11908,3,16,2026-05-18,5,1017.9
11909,3,26,2026-05-18,2,996.16
11910,3,4,2026-05-18,3,1098.66
11911,3,1,2026-05-18,1,142.55
11912,3,9,2026-05-18,2,867.82
11913,3,34,2026-05-18,3,241.98
11914,3,30,2026-05-18,3,660.63
11915,4,5,2026-05-18,5,220.05
11916,4,2,2026-05-18,3,166.77
11917,4,34,2026-05-18,3,241.98
11918,4,8,2026-05-18,5,1356.84
11919,4,36,2026-05-18,4,1205.92
11920,4,21,2026-05-18,3,1348.26
11921,4,14,2026-05-18,5,568.55
11922,4,34,2026-05-18,5,403.3
11923,4,9,2026-05-18,2,867.82
11924,5,1,2026-05-18,5,712.75
11925,5,10,2026-05-18,2,639.32
11926,5,19,2026-05-18,1,75.72
11927,5,16,2026-05-18,2,407.16
11928,6,25,2026-05-18,2,420.31
11929,6,20,2026-05-18,3,815.37
11930,6,8,2026-05-18,5,1356.84
11931,6,11,2026-05-18,1,180.86
11932,6,27,2026-05-18,2,862.18
11933,6,10,2026-05-18,5,1598.3
11934,6,35,2026-05-18,5,2384.9
11935,7,2,2026-05-18,4,142.31
11936,7,19,2026-05-18,3,145.38
11937,7,31,2026-05-18,5,1555.46
11938,7,4,2026-05-18,5,1171.9
11939,7,9,2026-05-18,5,1388.51
11940,7,26,2026-05-18,3,956.31
11941,7,11,2026-05-18,5,578.75
11942,7,15,2026-05-18,4,303.05
11943,7,18,2026-05-18,2,257.08
11944,7,4,2026-05-18,2,468.76
11945,7,7,2026-05-18,1,226.41
11946,7,34,2026-05-18,2,103.24
11947,7,13,2026-05-18,2,109.93
11948,8,19,2026-05-18,5,378.6
11949,8,29,2026-05-18,2,770.92
11950,8,12,2026-05-18,2,613.04
11951,8,16,2026-05-18,2,407.16
11952,9,14,2026-05-18,1,113.71
11953,9,38,2026-05-18,3,370.59
11954,9,25,2026-05-18,1,210.15
11955,9,26,2026-05-18,1,498.08
11956,9,35,2026-05-18,2,953.96
11957,9,17,2026-05-18,5,2194.0
11958,9,36,2026-05-18,4,1205.92
11959,9,6,2026-05-18,4,1773.2
11960,9,2,2026-05-18,4,222.36
11961,9,36,2026-05-18,3,904.44
11962,10,25,2026-05-18,5,672.49
11963,10,30,2026-05-18,1,140.93
11964,10,2,2026-05-18,2,71.16
11965,10,9,2026-05-18,5,1388.51
11966,10,29,2026-05-18,4,986.78
11967,10,30,2026-05-18,4,563.74
11968,10,13,2026-05-18,4,219.85
11969,11,9,2026-05-18,4,1735.64
11970,11,4,2026-05-18,3,1098.66
11971,11,18,2026-05-18,3,602.52
11972,11,16,2026-05-18,5,1017.9
11973,11,17,2026-05-18,3,1316.4
11974,11,14,2026-05-18,5,568.55
11975,11,5,2026-05-18,1,44.01
11976,11,16,2026-05-18,5,1017.9
11977,11,21,2026-05-18,2,898.84
11978,11,11,2026-05-18,2,361.72
11979,11,23,2026-05-18,3,150.0
11980,11,29,2026-05-18,2,770.92
11981,11,40,2026-05-18,4,1635.72
11982,11,33,2026-05-18,5,1475.7
11983,12,34,2026-05-18,4,322.64
11984,12,22,2026-05-18,3,1496.04
11985,12,1,2026-05-18,1,142.55
11986,12,33,2026-05-18,5,1475.7
11987,12,39,2026-05-18,4,1894.96
11988,12,14,2026-05-18,3,341.13
11989,12,28,2026-05-18,2,684.9
11990,12,38,2026-05-18,1,123.53
11991,12,40,2026-05-18,3,1226.79
11992,12,26,2026-05-18,4,1992.32
11993,1,6,2026-05-19,3,1329.9
11994,1,18,2026-05-19,4,803.36
11995,1,17,2026-05-19,2,877.6
11996,1,3,2026-05-19,5,2122.55
11997,1,8,2026-05-19,5,1351.46
11998,1,14,2026-05-19,2,227.42
11999,1,39,2026-05-19,4,1894.96
12000,1,13,2026-05-19,3,257.64
12001,1,17,2026-05-19,2,877.6
12002,1,29,2026-05-19,1,385.46
12003,1,36,2026-05-19,2,602.96
12004,1,21,2026-05-19,4,1797.68
12005,1,15,2026-05-19,3,355.14
12006,1,1,2026-05-19,5,712.75
12007,1,39,2026-05-19,2,947.48
12008,2,4,2026-05-19,5,1831.1
12009,2,33,2026-05-19,3,881.91
12010,2,32,2026-05-19,3,1370.25
12011,3,25,2026-05-19,3,627.96
12012,3,3,2026-05-19,3,1273.53
12013,3,22,2026-05-19,5,2493.4
12014,3,5,2026-05-19,1,44.01
12015,4,5,2026-05-19,3,132.03
12016,4,11,2026-05-19,1,180.86
12017,4,22,2026-05-19,3,1496.04
12018,4,39,2026-05-19,4,1894.96
12019,4,31,2026-05-19,4,1944.32
12020,4,24,2026-05-19,1,80.66
12021,4,34,2026-05-19,3,241.98
12022,4,39,2026-05-19,3,1421.22
12023,4,4,2026-05-19,1,366.22
12024,4,32,2026-05-19,5,2283.75
12025,4,4,2026-05-19,1,366.22
12026,4,18,2026-05-19,4,803.36
12027,5,15,2026-05-19,4,473.52
12028,5,38,2026-05-19,4,494.12
12029,5,1,2026-05-19,2,285.1
12030,5,13,2026-05-19,4,343.52
12031,5,10,2026-05-19,5,1598.3
12032,5,39,2026-05-19,1,473.74
12033,5,22,2026-05-19,1,498.68
12034,5,4,2026-05-19,3,1098.66
12035,5,33,2026-05-19,1,293.97
12036,5,40,2026-05-19,5,2044.65
12037,5,7,2026-05-19,2,707.52
12038,5,20,2026-05-19,2,543.58
12039,6,15,2026-05-19,1,118.38
12040,6,28,2026-05-19,4,1369.8
12041,6,33,2026-05-19,1,293.97
12042,6,5,2026-05-19,1,44.01
12043,6,38,2026-05-19,4,494.12
12044,7,7,2026-05-19,1,225.23
12045,7,13,2026-05-19,3,164.03
12046,7,27,2026-05-19,1,274.46
12047,7,11,2026-05-19,5,575.74
12048,7,38,2026-05-19,3,235.94
12049,7,35,2026-05-19,2,607.35
12050,7,24,2026-05-19,5,256.77
12051,7,7,2026-05-19,1,225.23
12052,7,28,2026-05-19,3,654.08
12053,7,21,2026-05-19,3,858.39
12054,7,40,2026-05-19,2,520.7
12055,7,36,2026-05-19,5,959.71
12056,7,15,2026-05-19,3,226.11
12057,8,27,2026-05-19,1,431.09
12058,8,39,2026-05-19,4,1894.96
12059,8,11,2026-05-19,4,723.44
12060,8,8,2026-05-19,1,270.29
12061,8,8,2026-05-19,1,270.29
12062,8,28,2026-05-19,2,684.9
12063,8,38,2026-05-19,5,617.65
12064,8,14,2026-05-19,2,227.42
12065,8,35,2026-05-19,3,1430.94
12066,8,29,2026-05-19,1,385.46
12067,8,39,2026-05-19,2,947.48
12068,9,9,2026-05-19,1,433.91
12069,9,17,2026-05-19,3,1316.4
12070,9,19,2026-05-19,5,378.6
12071,9,19,2026-05-19,2,151.44
12072,9,5,2026-05-19,5,220.05
12073,9,10,2026-05-19,4,1278.64
12074,9,16,2026-05-19,2,407.16
12075,9,35,2026-05-19,1,476.98
12076,9,22,2026-05-19,3,1496.04
12077,9,20,2026-05-19,3,815.37
12078,10,10,2026-05-19,3,610.55
12079,10,11,2026-05-19,1,115.15
12080,10,11,2026-05-19,3,345.44
12081,10,26,2026-05-19,4,1268.44
12082,10,29,2026-05-19,5,1227.05
12083,10,40,2026-05-19,1,260.35
12084,10,8,2026-05-19,5,860.43
12085,10,26,2026-05-19,4,1268.44
12086,10,5,2026-05-19,1,28.02
12087,10,18,2026-05-19,1,127.87
12088,10,1,2026-05-19,1,90.76
12089,11,28,2026-05-19,1,342.45
12090,11,14,2026-05-19,2,227.42
12091,11,15,2026-05-19,3,355.14
12092,11,8,2026-05-19,5,1351.46
12093,11,37,2026-05-19,1,464.9
12094,12,23,2026-05-19,2,100.0
12095,12,39,2026-05-19,1,473.74
12096,12,31,2026-05-19,2,972.16
12097,12,27,2026-05-19,3,1293.27
12098,12,22,2026-05-19,4,1994.72
12099,12,15,2026-05-19,1,118.38
12100,12,34,2026-05-19,2,161.32
12101,12,2,2026-05-19,3,166.77
12102,12,9,2026-05-19,2,867.82
12103,12,7,2026-05-19,2,707.52
12104,12,5,2026-05-19,3,132.03
12105,12,10,2026-05-19,1,319.66
12106,12,14,2026-05-19,4,454.84
12107,12,30,2026-05-19,3,660.63
12108,12,28,2026-05-19,2,684.9
12109,1,32,2026-05-20,2,913.5
12110,1,20,2026-05-20,5,1358.95
12111,1,11,2026-05-20,3,542.58
12112,1,28,2026-05-20,4,1369.8
12113,1,20,2026-05-20,2,543.58
12114,1,34,2026-05-20,2,161.32
12115,1,7,2026-05-20,3,1061.28
12116,2,17,2026-05-20,2,877.6
12117,2,10,2026-05-20,3,958.98
12118,2,28,2026-05-20,3,1027.35
12119,2,35,2026-05-20,4,1907.92
12120,2,22,2026-05-20,3,1496.04
12121,2,27,2026-05-20,1,431.09
12122,3,20,2026-05-20,3,815.37
12123,3,36,2026-05-20,5,1507.4
12124,3,17,2026-05-20,3,1316.4
12125,3,12,2026-05-20,3,919.56
12126,3,1,2026-05-20,5,712.75
12127,3,16,2026-05-20,4,814.32
12128,3,17,2026-05-20,2,877.6
12129,3,26,2026-05-20,1,498.08
12130,3,29,2026-05-20,5,1927.3
12131,3,21,2026-05-20,4,1797.68
12132,4,5,2026-05-20,5,220.05
12133,4,35,2026-05-20,5,2384.9
12134,4,35,2026-05-20,2,953.96
12135,4,7,2026-05-20,4,1415.04
12136,4,18,2026-05-20,3,602.52
12137,5,26,2026-05-20,3,1494.24
12138,5,40,2026-05-20,2,817.86
12139,5,10,2026-05-20,3,958.98
12140,5,22,2026-05-20,5,2493.4
12141,5,31,2026-05-20,5,2430.4
12142,5,1,2026-05-20,3,427.65
12143,5,3,2026-05-20,1,424.51
12144,5,18,2026-05-20,5,1004.2
12145,5,35,2026-05-20,2,953.96
12146,5,9,2026-05-20,3,1301.73
12147,5,9,2026-05-20,2,867.82
12148,5,19,2026-05-20,4,302.88
12149,5,3,2026-05-20,3,1273.53
12150,6,33,2026-05-20,1,292.8
12151,6,39,2026-05-20,5,2368.7
12152,6,24,2026-05-20,2,161.32
12153,7,25,2026-05-20,2,264.08
12154,7,1,2026-05-20,4,361.13
12155,7,9,2026-05-20,5,1374.05
12156,7,25,2026-05-20,3,396.12
12157,7,20,2026-05-20,3,516.4
12158,7,13,2026-05-20,5,271.95
12159,7,1,2026-05-20,4,361.13
12160,7,36,2026-05-20,5,954.69
12161,7,7,2026-05-20,1,224.05
12162,7,14,2026-05-20,3,216.05
12163,8,1,2026-05-20,1,142.55
12164,8,17,2026-05-20,3,1316.4
12165,8,16,2026-05-20,1,203.58
12166,8,1,2026-05-20,2,285.1
12167,8,34,2026-05-20,4,322.64
12168,8,28,2026-05-20,4,1369.8
12169,8,22,2026-05-20,3,1496.04
12170,8,21,2026-05-20,3,1348.26
12171,8,6,2026-05-20,1,443.3
12172,8,27,2026-05-20,2,862.18
12173,8,8,2026-05-20,3,807.65
12174,8,16,2026-05-20,3,610.74
12175,8,33,2026-05-20,2,585.6
12176,8,26,2026-05-20,4,1992.32
12177,9,38,2026-05-20,2,247.06
12178,9,28,2026-05-20,1,342.45
12179,9,39,2026-05-20,4,1894.96
12180,9,22,2026-05-20,5,2493.4
12181,9,28,2026-05-20,4,1369.8
12182,9,38,2026-05-20,5,617.65
12183,9,38,2026-05-20,5,617.65
12184,9,2,2026-05-20,4,222.36
12185,9,30,2026-05-20,4,880.84
12186,9,38,2026-05-20,4,494.12
12187,9,18,2026-05-20,2,401.68
12188,10,30,2026-05-20,3,418.4
12189,10,23,2026-05-20,5,158.33
12190,10,27,2026-05-20,3,819.07
12191,10,28,2026-05-20,4,867.54
12192,10,6,2026-05-20,4,1123.03
12193,10,4,2026-05-20,3,695.82
12194,10,23,2026-05-20,1,31.67
12195,11,29,2026-05-20,5,1927.3
12196,11,12,2026-05-20,1,306.52
12197,11,5,2026-05-20,4,176.04
12198,11,40,2026-05-20,4,1635.72
12199,11,2,2026-05-20,3,166.77
12200,11,13,2026-05-20,5,429.4
12201,12,29,2026-05-20,5,1927.3
12202,12,25,2026-05-20,1,208.49
12203,12,11,2026-05-20,2,361.72
12204,12,18,2026-05-20,5,1004.2
12205,12,19,2026-05-20,2,151.44
12206,12,13,2026-05-20,3,257.64
12207,12,36,2026-05-20,5,1507.4
12208,12,24,2026-05-20,5,403.3
12209,12,40,2026-05-20,2,817.86
12210,1,21,2026-05-21,2,898.84
12211,1,30,2026-05-21,2,440.42
12212,1,4,2026-05-21,3,1098.66
12213,1,16,2026-05-21,1,203.58
12214,1,19,2026-05-21,1,75.72
12215,1,18,2026-05-21,3,602.52
12216,1,14,2026-05-21,2,227.42
12217,1,25,2026-05-21,3,622.96
12218,1,18,2026-05-21,4,803.36
12219,1,34,2026-05-21,4,322.64
12220,1,2,2026-05-21,2,111.18
12221,1,1,2026-05-21,4,570.2
12222,2,10,2026-05-21,2,639.32
12223,2,17,2026-05-21,2,877.6
12224,2,8,2026-05-21,2,536.28
12225,3,26,2026-05-21,3,1494.24
12226,3,16,2026-05-21,1,203.58
12227,3,35,2026-05-21,2,953.96
12228,3,22,2026-05-21,2,997.36
12229,3,21,2026-05-21,2,898.84
12230,3,29,2026-05-21,4,1541.84
12231,3,6,2026-05-21,1,443.3
12232,4,19,2026-05-21,2,151.44
12233,4,24,2026-05-21,2,161.32
12234,4,20,2026-05-21,5,1358.95
12235,4,21,2026-05-21,3,1348.26
12236,4,37,2026-05-21,1,464.9
12237,4,37,2026-05-21,4,1859.6
12238,4,25,2026-05-21,2,415.3
12239,4,34,2026-05-21,3,241.98
12240,4,9,2026-05-21,1,433.91
12241,4,25,2026-05-21,4,830.61
12242,4,14,2026-05-21,5,568.55
12243,4,40,2026-05-21,4,1635.72
12244,4,4,2026-05-21,2,732.44
12245,4,22,2026-05-21,4,1994.72
12246,5,31,2026-05-21,4,1944.32
12247,5,2,2026-05-21,4,222.36
12248,5,33,2026-05-21,2,583.25
12249,5,13,2026-05-21,1,85.88
12250,5,3,2026-05-21,4,1698.04
12251,5,19,2026-05-21,2,151.44
12252,5,8,2026-05-21,3,804.42
12253,5,39,2026-05-21,2,947.48
12254,5,11,2026-05-21,4,723.44
12255,5,1,2026-05-21,3,427.65
12256,5,5,2026-05-21,3,132.03
12257,5,2,2026-05-21,4,222.36
12258,5,24,2026-05-21,5,403.3
12259,6,30,2026-05-21,5,1101.05
12260,6,28,2026-05-21,1,342.45
12261,6,22,2026-05-21,3,1496.04
12262,6,7,2026-05-21,4,1415.04
12263,6,30,2026-05-21,5,1101.05
12264,6,4,2026-05-21,1,366.22
12265,6,30,2026-05-21,2,440.42
12266,6,27,2026-05-21,5,2155.45
12267,6,38,2026-05-21,2,247.06
12268,7,22,2026-05-21,2,628.34
12269,7,25,2026-05-21,3,392.46
12270,7,14,2026-05-21,3,214.91
12271,7,24,2026-05-21,3,152.45
12272,7,5,2026-05-21,5,138.63
12273,7,38,2026-05-21,1,77.82
12274,7,37,2026-05-21,5,1464.44
12275,7,16,2026-05-21,5,641.28
12276,7,40,2026-05-21,4,1030.5
12277,7,31,2026-05-21,1,306.23
12278,7,5,2026-05-21,2,55.45
12279,7,27,2026-05-21,2,543.17
12280,7,15,2026-05-21,4,298.32
12281,7,6,2026-05-21,2,558.56
12282,7,30,2026-05-21,1,138.73
12283,8,32,2026-05-21,3,1370.25
12284,8,19,2026-05-21,4,302.88
12285,8,20,2026-05-21,1,271.79
12286,8,1,2026-05-21,3,427.65
12287,8,25,2026-05-21,4,830.61
12288,8,37,2026-05-21,2,929.8
12289,9,29,2026-05-21,2,770.92
12290,9,37,2026-05-21,3,1394.7
12291,9,2,2026-05-21,3,166.77
12292,9,40,2026-05-21,4,1635.72
12293,9,27,2026-05-21,4,1724.36
12294,9,37,2026-05-21,1,464.9
12295,9,15,2026-05-21,3,355.14
12296,9,36,2026-05-21,4,1205.92
12297,9,30,2026-05-21,2,440.42
12298,10,4,2026-05-21,4,922.87
12299,10,31,2026-05-21,5,1531.15
12300,10,31,2026-05-21,1,306.23
12301,10,20,2026-05-21,4,684.91
12302,10,30,2026-05-21,1,138.73
12303,11,9,2026-05-21,1,433.91
12304,11,19,2026-05-21,4,302.88
12305,11,37,2026-05-21,1,464.9
12306,11,32,2026-05-21,2,913.5
12307,11,21,2026-05-21,3,1348.26
12308,11,19,2026-05-21,2,151.44
12309,11,34,2026-05-21,5,403.3
12310,11,2,2026-05-21,5,277.95
12311,12,24,2026-05-21,4,322.64
12312,12,34,2026-05-21,1,80.66
12313,12,5,2026-05-21,4,176.04
12314,12,32,2026-05-21,4,1827.0
12315,12,40,2026-05-21,4,1635.72
12316,12,39,2026-05-21,1,473.74
12317,12,10,2026-05-21,3,958.98
12318,12,33,2026-05-21,4,1166.51
12319,12,9,2026-05-21,3,1301.73
12320,1,35,2026-05-22,1,476.98
12321,1,36,2026-05-22,5,1507.4
12322,1,4,2026-05-22,4,1464.88
12323,1,31,2026-05-22,5,2430.4
12324,1,22,2026-05-22,3,1496.04
12325,1,1,2026-05-22,4,570.2
12326,1,23,2026-05-22,3,150.0
12327,1,2,2026-05-22,5,277.95
12328,1,14,2026-05-22,3,341.13
12329,1,13,2026-05-22,1,85.88
12330,1,18,2026-05-22,2,401.68
12331,1,16,2026-05-22,4,814.32
12332,1,37,2026-05-22,5,2324.5
12333,1,39,2026-05-22,4,1894.96
12334,2,6,2026-05-22,1,443.3
12335,2,31,2026-05-22,2,972.16
12336,2,34,2026-05-22,1,80.66
12337,2,1,2026-05-22,3,427.65
12338,2,11,2026-05-22,5,904.3
12339,2,25,2026-05-22,3,620.45
12340,2,33,2026-05-22,2,580.91
12341,2,12,2026-05-22,5,1532.6
12342,2,16,2026-05-22,5,1017.9
12343,2,24,2026-05-22,4,322.64
12344,2,5,2026-05-22,4,176.04
12345,2,15,2026-05-22,1,118.38
12346,2,21,2026-05-22,4,1797.68
12347,3,28,2026-05-22,1,342.45
12348,3,14,2026-05-22,1,113.71
12349,3,12,2026-05-22,4,1226.08
12350,3,9,2026-05-22,4,1735.64
12351,3,29,2026-05-22,3,1156.38
12352,3,21,2026-05-22,1,449.42
12353,3,13,2026-05-22,5,429.4
12354,4,33,2026-05-22,3,871.37
12355,4,20,2026-05-22,3,815.37
12356,4,27,2026-05-22,4,1724.36
12357,4,38,2026-05-22,3,370.59
12358,4,11,2026-05-22,3,542.58
12359,4,19,2026-05-22,1,75.72
12360,4,30,2026-05-22,5,1101.05
12361,4,12,2026-05-22,3,919.56
12362,4,33,2026-05-22,2,580.91
12363,4,18,2026-05-22,3,602.52
12364,4,15,2026-05-22,3,355.14
12365,4,22,2026-05-22,4,1994.72
12366,4,9,2026-05-22,1,433.91
12367,5,6,2026-05-22,3,1329.9
12368,5,24,2026-05-22,3,241.98
12369,5,37,2026-05-22,1,464.9
12370,5,2,2026-05-22,5,277.95
12371,5,17,2026-05-22,1,438.8
12372,5,22,2026-05-22,3,1496.04
12373,5,20,2026-05-22,1,271.79
12374,5,13,2026-05-22,5,429.4
12375,5,17,2026-05-22,4,1755.2
12376,5,27,2026-05-22,2,862.18
12377,6,10,2026-05-22,1,319.66
12378,6,21,2026-05-22,5,2247.1
12379,6,27,2026-05-22,1,431.09
12380,6,20,2026-05-22,2,543.58
12381,6,34,2026-05-22,2,161.32
12382,7,12,2026-05-22,4,768.34
12383,7,3,2026-05-22,4,1064.11
12384,7,10,2026-05-22,3,600.96
12385,7,6,2026-05-22,3,833.4
12386,7,32,2026-05-22,4,1144.92
12387,7,29,2026-05-22,5,1207.77
12388,7,28,2026-05-22,2,429.2
12389,7,9,2026-05-22,5,1359.58
12390,7,40,2026-05-22,5,1281.31
12391,7,8,2026-05-22,4,669.43
12392,7,9,2026-05-22,1,271.92
12393,7,2,2026-05-22,1,34.84
12394,7,3,2026-05-22,3,798.08
12395,8,39,2026-05-22,1,473.74
12396,8,5,2026-05-22,2,88.02
12397,8,32,2026-05-22,5,2283.75
12398,8,31,2026-05-22,1,486.08
12399,8,20,2026-05-22,4,1087.16
12400,8,22,2026-05-22,5,2493.4
12401,8,12,2026-05-22,1,306.52
12402,8,37,2026-05-22,3,1394.7
12403,9,28,2026-05-22,3,1027.35
12404,9,11,2026-05-22,4,723.44
12405,9,12,2026-05-22,4,1226.08
12406,9,4,2026-05-22,1,366.22
12407,9,12,2026-05-22,2,613.04
12408,9,32,2026-05-22,3,1370.25
12409,9,35,2026-05-22,1,476.98
12410,9,22,2026-05-22,4,1994.72
12411,9,5,2026-05-22,1,44.01
12412,9,23,2026-05-22,2,100.0
12413,9,17,2026-05-22,5,2194.0
12414,9,25,2026-05-22,3,620.45
12415,9,20,2026-05-22,3,815.37
12416,10,32,2026-05-22,5,1431.15
12417,10,26,2026-05-22,5,1560.65
12418,10,25,2026-05-22,2,259.21
12419,10,16,2026-05-22,1,127.58
12420,10,30,2026-05-22,3,413.99
12421,10,1,2026-05-22,5,446.66
12422,10,20,2026-05-22,4,681.29
12423,10,1,2026-05-22,2,178.66
12424,10,23,2026-05-22,4,125.33
12425,10,15,2026-05-22,3,222.55
12426,10,16,2026-05-22,2,255.15
12427,10,12,2026-05-22,3,576.26
12428,11,36,2026-05-22,1,301.48
12429,11,6,2026-05-22,5,2216.5
12430,11,32,2026-05-22,4,1827.0
12431,11,31,2026-05-22,2,972.16
12432,11,37,2026-05-22,3,1394.7
12433,11,2,2026-05-22,3,166.77
12434,11,12,2026-05-22,1,306.52
12435,11,12,2026-05-22,4,1226.08
12436,11,10,2026-05-22,2,639.32
12437,11,30,2026-05-22,1,220.21
12438,11,13,2026-05-22,4,343.52
12439,12,13,2026-05-22,2,171.76
12440,12,26,2026-05-22,3,1494.24
12441,12,4,2026-05-22,3,1098.66
12442,12,3,2026-05-22,4,1698.04
12443,12,40,2026-05-22,5,2044.65
12444,12,36,2026-05-22,3,904.44
12445,12,8,2026-05-22,1,267.06
12446,12,1,2026-05-22,2,285.1
12447,12,23,2026-05-22,2,100.0
12448,12,31,2026-05-22,1,486.08
12449,12,26,2026-05-22,3,1494.24
12450,12,11,2026-05-22,2,361.72
12451,12,7,2026-05-22,1,353.76
12452,1,13,2026-05-23,3,257.64
12453,1,12,2026-05-23,5,1532.6
12454,1,6,2026-05-23,4,1773.2
12455,1,20,2026-05-23,5,1358.95
12456,1,31,2026-05-23,4,1944.32
12457,1,39,2026-05-23,5,2368.7
12458,1,29,2026-05-23,3,1156.38
12459,1,22,2026-05-23,5,2493.4
12460,1,23,2026-05-23,4,200.0
12461,1,4,2026-05-23,4,1464.88
12462,1,2,2026-05-23,5,277.95
12463,1,18,2026-05-23,1,200.84
12464,2,4,2026-05-23,3,1098.66
12465,2,32,2026-05-23,3,1370.25
12466,2,15,2026-05-23,3,355.14
12467,2,37,2026-05-23,4,1859.6
12468,2,36,2026-05-23,2,602.96
12469,2,40,2026-05-23,4,1635.72
12470,2,35,2026-05-23,4,1907.92
12471,2,12,2026-05-23,2,613.04
12472,3,10,2026-05-23,2,639.32
12473,3,3,2026-05-23,4,1698.04
12474,3,39,2026-05-23,3,1421.22
12475,3,1,2026-05-23,4,570.2
12476,3,34,2026-05-23,1,80.66
12477,3,21,2026-05-23,5,2247.1
12478,3,11,2026-05-23,1,180.86
12479,3,40,2026-05-23,4,1635.72
12480,3,16,2026-05-23,5,1017.9
12481,3,27,2026-05-23,3,1293.27
12482,3,37,2026-05-23,1,464.9
12483,4,36,2026-05-23,5,1507.4
12484,4,26,2026-05-23,3,1494.24
12485,4,8,2026-05-23,3,797.95
12486,4,29,2026-05-23,3,1156.38
12487,4,6,2026-05-23,3,1329.9
12488,4,5,2026-05-23,4,176.04
12489,5,24,2026-05-23,4,322.64
12490,5,35,2026-05-23,1,476.98
12491,5,10,2026-05-23,2,639.32
12492,5,29,2026-05-23,5,1927.3
12493,5,38,2026-05-23,5,617.65
12494,5,32,2026-05-23,2,913.5
12495,5,15,2026-05-23,5,591.9
12496,5,29,2026-05-23,3,1156.38
12497,5,33,2026-05-23,5,1446.43
12498,5,24,2026-05-23,4,322.64
12499,5,40,2026-05-23,4,1635.72
12500,5,18,2026-05-23,1,200.84
12501,5,27,2026-05-23,3,1293.27
12502,6,17,2026-05-23,4,1755.2
12503,6,9,2026-05-23,2,867.82
12504,6,35,2026-05-23,4,1907.92
12505,6,12,2026-05-23,5,1532.6
12506,6,12,2026-05-23,2,613.04
12507,6,21,2026-05-23,4,1797.68
12508,6,15,2026-05-23,5,591.9
12509,6,9,2026-05-23,1,433.91
12510,6,6,2026-05-23,1,443.3
12511,6,29,2026-05-23,4,1541.84
12512,6,28,2026-05-23,2,684.9
12513,7,36,2026-05-23,1,187.92
12514,7,3,2026-05-23,5,1323.06
12515,7,3,2026-05-23,3,793.83
12516,7,1,2026-05-23,2,177.71
12517,7,27,2026-05-23,2,537.43
12518,7,2,2026-05-23,4,138.6
12519,8,34,2026-05-23,4,322.64
12520,8,22,2026-05-23,3,1496.04
12521,8,22,2026-05-23,2,997.36
12522,8,37,2026-05-23,4,1859.6
12523,8,34,2026-05-23,5,403.3
12524,8,28,2026-05-23,3,1027.35
12525,8,25,2026-05-23,3,617.95
12526,8,11,2026-05-23,3,542.58
12527,8,40,2026-05-23,1,408.93
12528,8,27,2026-05-23,3,1293.27
12529,8,19,2026-05-23,5,378.6
12530,9,8,2026-05-23,5,1329.92
12531,9,26,2026-05-23,4,1992.32
12532,9,5,2026-05-23,2,88.02
12533,9,23,2026-05-23,4,200.0
12534,9,35,2026-05-23,4,1907.92
12535,9,36,2026-05-23,4,1205.92
12536,9,17,2026-05-23,3,1316.4
12537,9,23,2026-05-23,4,200.0
12538,9,13,2026-05-23,2,171.76
12539,9,40,2026-05-23,2,817.86
12540,9,5,2026-05-23,4,176.04
12541,10,15,2026-05-23,1,73.79
12542,10,6,2026-05-23,5,1381.62
12543,10,17,2026-05-23,3,820.56
12544,10,36,2026-05-23,4,751.69
12545,10,2,2026-05-23,2,69.3
12546,10,11,2026-05-23,1,112.74
12547,10,9,2026-05-23,4,1081.88
12548,11,27,2026-05-23,4,1724.36
12549,11,8,2026-05-23,4,1063.94
12550,11,13,2026-05-23,4,343.52
12551,11,27,2026-05-23,2,862.18
12552,11,20,2026-05-23,1,271.79
12553,11,3,2026-05-23,5,2122.55
12554,11,38,2026-05-23,2,247.06
12555,11,13,2026-05-23,2,171.76
12556,11,12,2026-05-23,5,1532.6
12557,11,7,2026-05-23,5,1768.8
12558,11,23,2026-05-23,5,250.0
12559,11,9,2026-05-23,1,433.91
12560,12,26,2026-05-23,5,2490.4
12561,12,20,2026-05-23,4,1087.16
12562,12,27,2026-05-23,1,431.09
12563,12,28,2026-05-23,3,1027.35
12564,12,31,2026-05-23,5,2430.4
12565,12,24,2026-05-23,2,161.32
12566,12,20,2026-05-23,2,543.58
12567,12,13,2026-05-23,5,429.4
12568,12,9,2026-05-23,4,1735.64
12569,12,11,2026-05-23,1,180.86
12570,12,1,2026-05-23,3,427.65
12571,12,27,2026-05-23,1,431.09
12572,1,10,2026-05-24,5,1598.3
12573,1,17,2026-05-24,4,1755.2
12574,1,27,2026-05-24,5,2155.45
12575,1,38,2026-05-24,5,617.65
12576,1,28,2026-05-24,2,684.9
12577,1,21,2026-05-24,2,898.84
12578,1,19,2026-05-24,4,302.88
12579,1,26,2026-05-24,3,1494.24
12580,1,30,2026-05-24,2,440.42
12581,1,9,2026-05-24,2,867.82
12582,1,34,2026-05-24,4,322.64
12583,1,27,2026-05-24,2,862.18
12584,1,9,2026-05-24,3,1301.73
12585,1,12,2026-05-24,2,613.04
12586,2,22,2026-05-24,1,498.68
12587,2,39,2026-05-24,1,473.74
12588,2,24,2026-05-24,2,161.32
12589,2,1,2026-05-24,5,712.75
12590,2,38,2026-05-24,4,494.12
12591,2,31,2026-05-24,4,1944.32
12592,2,28,2026-05-24,2,684.9
12593,3,19,2026-05-24,5,378.6
12594,3,27,2026-05-24,4,1724.36
12595,3,20,2026-05-24,2,543.58
12596,3,13,2026-05-24,2,171.76
12597,3,23,2026-05-24,4,200.0
12598,3,29,2026-05-24,5,1927.3
12599,3,33,2026-05-24,1,288.11
12600,3,5,2026-05-24,5,220.05
12601,3,30,2026-05-24,3,660.63
12602,3,5,2026-05-24,2,88.02
12603,3,9,2026-05-24,2,867.82
12604,3,28,2026-05-24,4,1369.8
12605,3,8,2026-05-24,1,264.91
12606,4,35,2026-05-24,1,476.98
12607,4,33,2026-05-24,4,1152.46
12608,4,40,2026-05-24,5,2044.65
12609,5,25,2026-05-24,4,820.6
12610,5,40,2026-05-24,1,408.93
12611,5,31,2026-05-24,4,1944.32
12612,5,1,2026-05-24,3,427.65
12613,5,13,2026-05-24,5,429.4
12614,5,18,2026-05-24,1,200.84
12615,5,18,2026-05-24,5,1004.2
12616,5,4,2026-05-24,5,1831.1
12617,5,18,2026-05-24,1,200.84
12618,5,1,2026-05-24,4,570.2
12619,6,22,2026-05-24,1,498.68
12620,6,33,2026-05-24,3,864.34
12621,6,27,2026-05-24,4,1724.36
12622,6,27,2026-05-24,1,431.09
12623,6,38,2026-05-24,3,370.59
12624,6,10,2026-05-24,4,1278.64
12625,6,4,2026-05-24,5,1831.1
12626,6,7,2026-05-24,4,1415.04
12627,6,4,2026-05-24,4,1464.88
12628,6,7,2026-05-24,1,353.76
12629,7,26,2026-05-24,2,617.62
12630,7,9,2026-05-24,3,807.07
12631,7,8,2026-05-24,5,821.21
12632,7,36,2026-05-24,1,186.92
12633,8,10,2026-05-24,2,639.32
12634,8,19,2026-05-24,3,227.16
12635,8,4,2026-05-24,4,1464.88
12636,8,15,2026-05-24,3,355.14
12637,8,22,2026-05-24,2,997.36
12638,8,8,2026-05-24,2,529.82
12639,8,9,2026-05-24,4,1735.64
12640,8,30,2026-05-24,2,440.42
12641,8,38,2026-05-24,3,370.59
12642,8,29,2026-05-24,1,385.46
12643,8,31,2026-05-24,3,1458.24
12644,8,21,2026-05-24,1,449.42
12645,8,21,2026-05-24,4,1797.68
12646,8,12,2026-05-24,4,1226.08
12647,9,27,2026-05-24,2,862.18
12648,9,8,2026-05-24,3,794.72
12649,9,21,2026-05-24,3,1348.26
12650,9,26,2026-05-24,3,1494.24
12651,9,9,2026-05-24,4,1735.64
12652,9,14,2026-05-24,3,341.13
12653,9,37,2026-05-24,4,1859.6
12654,9,3,2026-05-24,3,1273.53
12655,9,20,2026-05-24,5,1358.95
12656,9,2,2026-05-24,3,166.77
12657,9,40,2026-05-24,5,2044.65
12658,9,22,2026-05-24,1,498.68
12659,9,5,2026-05-24,2,88.02
12660,9,27,2026-05-24,2,862.18
12661,9,25,2026-05-24,5,1025.75
12662,10,24,2026-05-24,1,50.01
12663,10,30,2026-05-24,2,273.06
12664,10,10,2026-05-24,3,594.57
12665,10,10,2026-05-24,5,990.95
12666,10,24,2026-05-24,3,150.03
12667,10,37,2026-05-24,3,864.71
12668,10,27,2026-05-24,3,801.83
12669,11,30,2026-05-24,2,440.42
12670,11,17,2026-05-24,5,2194.0
12671,11,26,2026-05-24,3,1494.24
12672,11,30,2026-05-24,4,880.84
12673,11,3,2026-05-24,4,1698.04
12674,11,12,2026-05-24,3,919.56
12675,11,30,2026-05-24,2,440.42
12676,11,3,2026-05-24,2,849.02
12677,11,31,2026-05-24,2,972.16
12678,11,13,2026-05-24,5,429.4
12679,11,30,2026-05-24,3,660.63
12680,11,26,2026-05-24,4,1992.32
12681,11,32,2026-05-24,3,1370.25
12682,11,3,2026-05-24,2,849.02
12683,12,34,2026-05-24,2,161.32
12684,12,29,2026-05-24,5,1927.3
12685,12,8,2026-05-24,3,794.72
12686,1,5,2026-05-25,5,220.05
12687,1,32,2026-05-25,1,456.75
12688,1,23,2026-05-25,3,150.0
12689,1,4,2026-05-25,3,1098.66
12690,1,26,2026-05-25,5,2490.4
12691,2,14,2026-05-25,5,568.55
12692,2,2,2026-05-25,4,222.36
12693,2,16,2026-05-25,4,814.32
12694,2,6,2026-05-25,5,2216.5
12695,2,27,2026-05-25,2,862.18
12696,2,18,2026-05-25,3,602.52
12697,2,11,2026-05-25,2,361.72
12698,2,30,2026-05-25,5,1101.05
12699,2,1,2026-05-25,5,712.75
12700,2,27,2026-05-25,3,1293.27
12701,2,20,2026-05-25,5,1358.95
12702,2,39,2026-05-25,3,1421.22
12703,2,2,2026-05-25,4,222.36
12704,2,11,2026-05-25,4,723.44
12705,3,22,2026-05-25,2,997.36
12706,3,22,2026-05-25,5,2493.4
12707,3,11,2026-05-25,4,723.44
12708,3,7,2026-05-25,2,707.52
12709,3,29,2026-05-25,4,1541.84
12710,3,13,2026-05-25,4,343.52
12711,3,8,2026-05-25,1,263.83
12712,3,13,2026-05-25,1,85.88
12713,3,32,2026-05-25,3,1370.25
12714,3,20,2026-05-25,2,543.58
12715,3,23,2026-05-25,3,150.0
12716,3,6,2026-05-25,2,886.6
12717,3,14,2026-05-25,2,227.42
12718,4,5,2026-05-25,3,132.03
12719,4,23,2026-05-25,5,250.0
12720,4,7,2026-05-25,1,353.76
12721,4,6,2026-05-25,2,886.6
12722,4,24,2026-05-25,3,241.98
12723,5,19,2026-05-25,4,302.88
12724,5,13,2026-05-25,5,429.4
12725,5,1,2026-05-25,1,142.55
12726,5,17,2026-05-25,5,2194.0
12727,5,31,2026-05-25,2,972.16
12728,5,23,2026-05-25,2,100.0
12729,5,35,2026-05-25,3,1430.94
12730,5,32,2026-05-25,1,456.75
12731,5,33,2026-05-25,4,1147.77
12732,5,26,2026-05-25,1,498.08
12733,6,30,2026-05-25,5,1101.05
12734,6,18,2026-05-25,1,200.84
12735,6,11,2026-05-25,3,542.58
12736,6,11,2026-05-25,5,904.3
12737,6,22,2026-05-25,5,2493.4
12738,6,8,2026-05-25,5,1319.15
12739,6,1,2026-05-25,1,142.55
12740,6,3,2026-05-25,1,424.51
12741,7,25,2026-05-25,5,629.98
12742,7,32,2026-05-25,5,1408.31
12743,7,10,2026-05-25,2,394.25
12744,7,20,2026-05-25,2,335.21
12745,7,1,2026-05-25,3,263.72
12746,7,10,2026-05-25,2,394.25
12747,7,7,2026-05-25,2,436.3
12748,7,14,2026-05-25,2,140.24
12749,7,17,2026-05-25,4,1082.37
12750,7,22,2026-05-25,2,615.04
12751,8,12,2026-05-25,5,1532.6
12752,8,35,2026-05-25,3,1430.94
12753,8,10,2026-05-25,5,1598.3
12754,9,3,2026-05-25,1,424.51
12755,9,6,2026-05-25,2,886.6
12756,9,24,2026-05-25,1,80.66
12757,9,26,2026-05-25,2,996.16
12758,9,28,2026-05-25,5,1712.25
12759,9,25,2026-05-25,3,612.95
12760,9,17,2026-05-25,1,438.8
12761,10,25,2026-05-25,2,251.99
12762,10,36,2026-05-25,2,371.83
12763,10,4,2026-05-25,5,1129.18
12764,10,38,2026-05-25,5,380.88
12765,10,17,2026-05-25,4,1082.37
12766,10,39,2026-05-25,4,1168.56
12767,11,37,2026-05-25,5,2324.5
12768,11,34,2026-05-25,1,80.66
12769,11,10,2026-05-25,3,958.98
12770,11,20,2026-05-25,1,271.79
12771,12,18,2026-05-25,4,803.36
12772,12,32,2026-05-25,1,456.75
12773,12,26,2026-05-25,4,1992.32
12774,12,12,2026-05-25,1,306.52
12775,12,33,2026-05-25,4,1147.77
12776,12,15,2026-05-25,2,236.76
12777,1,23,2026-05-26,5,250.0
12778,1,24,2026-05-26,5,403.3
12779,1,35,2026-05-26,2,953.96
12780,1,39,2026-05-26,5,2368.7
12781,2,18,2026-05-26,3,602.52
12782,2,31,2026-05-26,5,2430.4
12783,2,21,2026-05-26,1,449.42
12784,2,38,2026-05-26,5,617.65
12785,2,29,2026-05-26,4,1541.84
12786,2,3,2026-05-26,1,424.51
12787,2,23,2026-05-26,4,200.0
12788,2,10,2026-05-26,2,639.32
12789,2,18,2026-05-26,5,1004.2
12790,2,29,2026-05-26,5,1927.3
12791,3,21,2026-05-26,4,1797.68
12792,3,10,2026-05-26,1,319.66
12793,3,39,2026-05-26,3,1421.22
12794,3,35,2026-05-26,4,1907.92
12795,3,31,2026-05-26,5,2430.4
12796,3,11,2026-05-26,3,542.58
12797,3,14,2026-05-26,4,454.84
12798,3,16,2026-05-26,2,407.16
12799,3,38,2026-05-26,3,370.59
12800,3,32,2026-05-26,5,2283.75
12801,3,22,2026-05-26,4,1994.72
12802,3,2,2026-05-26,5,277.95
12803,3,16,2026-05-26,3,610.74
12804,3,32,2026-05-26,3,1370.25
12805,3,1,2026-05-26,3,427.65
12806,4,11,2026-05-26,2,361.72
12807,4,6,2026-05-26,3,1329.9
12808,4,24,2026-05-26,3,241.98
12809,4,25,2026-05-26,5,1017.41
12810,4,15,2026-05-26,5,591.9
12811,4,28,2026-05-26,3,1027.35
12812,4,24,2026-05-26,4,322.64
12813,4,12,2026-05-26,1,306.52
12814,4,34,2026-05-26,2,161.32
12815,4,5,2026-05-26,4,176.04
12816,4,35,2026-05-26,1,476.98
12817,5,9,2026-05-26,5,2169.55
12818,5,8,2026-05-26,4,1051.02
12819,5,28,2026-05-26,4,1369.8
12820,5,7,2026-05-26,2,707.52
12821,5,23,2026-05-26,2,100.0
12822,5,9,2026-05-26,1,433.91
12823,5,25,2026-05-26,4,813.93
12824,5,40,2026-05-26,3,1226.79
12825,6,1,2026-05-26,4,570.2
12826,6,31,2026-05-26,3,1458.24
12827,6,17,2026-05-26,5,2194.0
12828,6,1,2026-05-26,2,285.1
12829,7,6,2026-05-26,1,271.89
12830,7,3,2026-05-26,2,520.73
12831,7,12,2026-05-26,2,376.0
12832,7,12,2026-05-26,3,564.0
12833,7,1,2026-05-26,5,437.15
12834,7,10,2026-05-26,3,588.17
12835,8,13,2026-05-26,5,429.4
12836,8,13,2026-05-26,4,343.52
12837,8,2,2026-05-26,1,55.59
12838,8,23,2026-05-26,3,150.0
12839,8,14,2026-05-26,5,568.55
12840,8,16,2026-05-26,2,407.16
12841,8,8,2026-05-26,5,1313.77
12842,8,22,2026-05-26,2,997.36
12843,9,29,2026-05-26,2,770.92
12844,9,17,2026-05-26,2,877.6
12845,9,26,2026-05-26,4,1992.32
12846,9,10,2026-05-26,2,639.32
12847,9,19,2026-05-26,2,151.44
12848,9,27,2026-05-26,5,2155.45
12849,9,26,2026-05-26,2,996.16
12850,9,29,2026-05-26,3,1156.38
12851,10,24,2026-05-26,4,197.89
12852,10,35,2026-05-26,5,1462.74
12853,10,24,2026-05-26,4,197.89
12854,10,23,2026-05-26,3,92.0
12855,10,20,2026-05-26,2,333.4
12856,10,3,2026-05-26,3,781.1
12857,10,21,2026-05-26,4,1102.58
12858,10,5,2026-05-26,3,80.98
12859,10,2,2026-05-26,3,102.29
12860,10,36,2026-05-26,2,369.82
12861,10,5,2026-05-26,3,80.98
12862,11,32,2026-05-26,3,1370.25
12863,11,31,2026-05-26,3,1458.24
12864,11,19,2026-05-26,4,302.88
12865,11,26,2026-05-26,3,1494.24
12866,11,35,2026-05-26,4,1907.92
12867,11,33,2026-05-26,5,1428.86
12868,11,9,2026-05-26,4,1735.64
12869,11,7,2026-05-26,4,1415.04
12870,12,25,2026-05-26,4,813.93
12871,12,22,2026-05-26,1,498.68
12872,12,1,2026-05-26,4,570.2
12873,1,14,2026-05-27,2,227.42
12874,1,40,2026-05-27,4,1635.72
12875,1,36,2026-05-27,3,904.44
12876,1,18,2026-05-27,1,200.84
12877,1,38,2026-05-27,2,247.06
12878,1,16,2026-05-27,2,407.16
12879,1,14,2026-05-27,3,341.13
12880,1,39,2026-05-27,3,1421.22
12881,2,35,2026-05-27,1,476.98
12882,2,23,2026-05-27,3,150.0
12883,2,31,2026-05-27,4,1944.32
12884,2,5,2026-05-27,4,176.04
12885,2,34,2026-05-27,3,241.98
12886,2,36,2026-05-27,5,1507.4
12887,2,32,2026-05-27,5,2283.75
12888,2,5,2026-05-27,2,88.02
12889,3,16,2026-05-27,2,407.16
12890,3,32,2026-05-27,5,2283.75
12891,3,14,2026-05-27,5,568.55
12892,3,10,2026-05-27,4,1278.64
12893,3,4,2026-05-27,3,1098.66
12894,3,25,2026-05-27,1,202.65
12895,3,26,2026-05-27,1,498.08
12896,3,39,2026-05-27,2,947.48
12897,3,3,2026-05-27,2,849.02
12898,3,30,2026-05-27,3,660.63
12899,3,14,2026-05-27,4,454.84
12900,3,13,2026-05-27,5,429.4
12901,3,36,2026-05-27,4,1205.92
12902,3,31,2026-05-27,1,486.08
12903,3,8,2026-05-27,4,1046.71
12904,4,13,2026-05-27,4,343.52
12905,4,8,2026-05-27,2,523.35
12906,4,35,2026-05-27,3,1430.94
12907,4,18,2026-05-27,5,1004.2
12908,4,2,2026-05-27,5,277.95
12909,4,1,2026-05-27,4,570.2
12910,4,39,2026-05-27,1,473.74
12911,4,33,2026-05-27,1,284.6
12912,4,38,2026-05-27,1,123.53
12913,4,11,2026-05-27,3,542.58
12914,4,16,2026-05-27,3,610.74
12915,4,7,2026-05-27,5,1768.8
12916,4,3,2026-05-27,3,1273.53
12917,4,8,2026-05-27,4,1046.71
12918,5,15,2026-05-27,1,118.38
12919,5,8,2026-05-27,4,1046.71
12920,5,17,2026-05-27,2,877.6
12921,5,28,2026-05-27,1,342.45
12922,5,30,2026-05-27,3,660.63
12923,5,32,2026-05-27,4,1827.0
12924,5,9,2026-05-27,2,867.82
12925,6,37,2026-05-27,5,2324.5
12926,6,8,2026-05-27,3,785.03
12927,6,35,2026-05-27,5,2384.9
12928,6,36,2026-05-27,2,602.96
12929,6,1,2026-05-27,5,712.75
12930,7,37,2026-05-27,4,1134.36
12931,7,28,2026-05-27,2,417.79
12932,7,21,2026-05-27,3,822.44
12933,7,40,2026-05-27,5,1247.24
12934,8,3,2026-05-27,3,1273.53
12935,8,19,2026-05-27,5,378.6
12936,8,37,2026-05-27,5,2324.5
12937,8,11,2026-05-27,3,542.58
12938,8,32,2026-05-27,1,456.75
12939,8,27,2026-05-27,2,862.18
12940,8,19,2026-05-27,1,75.72
12941,8,15,2026-05-27,3,355.14
12942,8,39,2026-05-27,3,1421.22
12943,8,13,2026-05-27,4,343.52
12944,8,4,2026-05-27,2,732.44
12945,9,6,2026-05-27,3,1329.9
12946,9,21,2026-05-27,4,1797.68
12947,9,6,2026-05-27,2,886.6
12948,9,10,2026-05-27,4,1278.64
12949,9,18,2026-05-27,3,602.52
12950,10,12,2026-05-27,2,373.95
12951,10,40,2026-05-27,3,748.34
12952,10,31,2026-05-27,3,889.53
12953,10,31,2026-05-27,5,1482.54
12954,10,16,2026-05-27,1,124.18
12955,10,12,2026-05-27,2,373.95
12956,10,5,2026-05-27,1,26.85
12957,10,36,2026-05-27,4,735.61
12958,11,10,2026-05-27,4,1278.64
12959,11,22,2026-05-27,4,1994.72
12960,11,38,2026-05-27,1,123.53
12961,11,38,2026-05-27,5,617.65
12962,11,8,2026-05-27,1,261.68
12963,11,2,2026-05-27,5,277.95
12964,11,8,2026-05-27,3,785.03
12965,11,15,2026-05-27,1,118.38
12966,11,6,2026-05-27,5,2216.5
12967,12,7,2026-05-27,1,353.76
12968,12,25,2026-05-27,5,1013.24
12969,12,7,2026-05-27,3,1061.28
12970,12,28,2026-05-27,5,1712.25
12971,12,34,2026-05-27,4,322.64
12972,12,26,2026-05-27,3,1494.24
12973,12,19,2026-05-27,5,378.6
12974,12,14,2026-05-27,3,341.13
12975,12,35,2026-05-27,1,476.98
12976,1,19,2026-05-28,1,75.72
12977,1,4,2026-05-28,5,1831.1
12978,1,22,2026-05-28,1,498.68
12979,1,26,2026-05-28,5,2490.4
12980,1,7,2026-05-28,1,353.76
12981,1,31,2026-05-28,5,2430.4
12982,1,18,2026-05-28,2,401.68
12983,1,35,2026-05-28,5,2384.9
12984,1,21,2026-05-28,1,449.42
12985,1,15,2026-05-28,5,591.9
12986,1,29,2026-05-28,4,1541.84
12987,1,4,2026-05-28,5,1831.1
12988,1,24,2026-05-28,2,161.32
12989,1,29,2026-05-28,1,385.46
12990,2,30,2026-05-28,4,880.84
12991,2,14,2026-05-28,3,341.13
12992,2,5,2026-05-28,4,176.04
12993,2,21,2026-05-28,4,1797.68
12994,2,40,2026-05-28,2,817.86
12995,2,38,2026-05-28,3,370.59
12996,2,38,2026-05-28,1,123.53
12997,2,33,2026-05-28,2,566.86
12998,2,9,2026-05-28,5,2169.55
12999,2,1,2026-05-28,3,427.65
13000,2,30,2026-05-28,4,880.84
13001,2,10,2026-05-28,5,1598.3
13002,2,2,2026-05-28,4,222.36
13003,2,18,2026-05-28,1,200.84
13004,2,16,2026-05-28,4,814.32
13005,3,5,2026-05-28,3,132.03
13006,3,24,2026-05-28,1,80.66
13007,3,31,2026-05-28,5,2430.4
13008,3,35,2026-05-28,4,1907.92
13009,3,11,2026-05-28,1,180.86
13010,3,34,2026-05-28,1,80.66
13011,3,19,2026-05-28,2,151.44
13012,3,24,2026-05-28,3,241.98
13013,3,35,2026-05-28,4,1907.92
13014,3,38,2026-05-28,2,247.06
13015,3,11,2026-05-28,3,542.58
13016,3,8,2026-05-28,2,521.2
13017,4,15,2026-05-28,3,355.14
13018,4,39,2026-05-28,5,2368.7
13019,4,3,2026-05-28,4,1698.04
13020,4,11,2026-05-28,2,361.72
13021,4,6,2026-05-28,5,2216.5
13022,4,37,2026-05-28,3,1394.7
13023,4,31,2026-05-28,5,2430.4
13024,4,25,2026-05-28,2,403.63
13025,4,36,2026-05-28,2,602.96
13026,4,29,2026-05-28,2,770.92
13027,4,38,2026-05-28,2,247.06
13028,4,19,2026-05-28,3,227.16
13029,5,26,2026-05-28,1,498.08
13030,5,29,2026-05-28,1,385.46
13031,5,21,2026-05-28,5,2247.1
13032,5,37,2026-05-28,5,2324.5
13033,5,10,2026-05-28,1,319.66
13034,6,2,2026-05-28,2,111.18
13035,6,22,2026-05-28,5,2493.4
13036,6,13,2026-05-28,3,257.64
13037,6,38,2026-05-28,1,123.53
13038,6,11,2026-05-28,3,542.58
13039,6,31,2026-05-28,3,1458.24
13040,6,16,2026-05-28,2,407.16
13041,6,22,2026-05-28,2,997.36
13042,6,20,2026-05-28,2,543.58
13043,6,19,2026-05-28,3,227.16
13044,6,32,2026-05-28,2,913.5
13045,6,13,2026-05-28,4,343.52
13046,6,40,2026-05-28,3,1226.79
13047,6,1,2026-05-28,2,285.1
13048,6,17,2026-05-28,2,877.6
13049,7,25,2026-05-28,3,367.3
13050,7,1,2026-05-28,1,86.48
13051,7,23,2026-05-28,2,60.67
13052,7,14,2026-05-28,4,275.94
13053,7,18,2026-05-28,1,121.84
13054,7,26,2026-05-28,4,1208.67
13055,7,22,2026-05-28,1,302.53
13056,7,14,2026-05-28,4,275.94
13057,7,40,2026-05-28,2,496.17
13058,7,9,2026-05-28,4,1052.95
13059,7,38,2026-05-28,1,74.94
13060,7,22,2026-05-28,4,1210.13
13061,7,22,2026-05-28,4,1210.13
13062,7,18,2026-05-28,4,487.37
13063,7,27,2026-05-28,2,523.06
13064,8,40,2026-05-28,4,1635.72
13065,8,39,2026-05-28,5,2368.7
13066,8,11,2026-05-28,1,180.86
13067,8,11,2026-05-28,1,180.86
13068,8,22,2026-05-28,2,997.36
13069,8,9,2026-05-28,5,2169.55
13070,9,33,2026-05-28,5,1417.15
13071,9,22,2026-05-28,1,498.68
13072,9,20,2026-05-28,2,543.58
13073,9,16,2026-05-28,2,407.16
13074,9,12,2026-05-28,1,306.52
13075,9,30,2026-05-28,4,880.84
13076,9,2,2026-05-28,5,277.95
13077,9,34,2026-05-28,3,241.98
13078,9,31,2026-05-28,3,1458.24
13079,9,12,2026-05-28,4,1226.08
13080,9,3,2026-05-28,2,849.02
13081,9,6,2026-05-28,2,886.6
13082,10,11,2026-05-28,5,548.61
13083,10,19,2026-05-28,3,137.81
13084,10,16,2026-05-28,4,494.02
13085,10,9,2026-05-28,3,789.72
13086,11,9,2026-05-28,1,433.91
13087,11,10,2026-05-28,4,1278.64
13088,11,1,2026-05-28,1,142.55
13089,11,36,2026-05-28,1,301.48
13090,11,40,2026-05-28,4,1635.72
13091,11,34,2026-05-28,4,322.64
13092,11,12,2026-05-28,4,1226.08
13093,11,21,2026-05-28,1,449.42
13094,11,33,2026-05-28,3,850.29
13095,11,13,2026-05-28,3,257.64
13096,11,35,2026-05-28,3,1430.94
13097,12,25,2026-05-28,4,807.26
13098,12,40,2026-05-28,3,1226.79
13099,12,5,2026-05-28,2,88.02
13100,12,37,2026-05-28,1,464.9
13101,1,26,2026-05-29,4,1992.32
13102,1,27,2026-05-29,4,1724.36
13103,1,1,2026-05-29,1,142.55
13104,1,13,2026-05-29,3,257.64
13105,1,25,2026-05-29,3,602.94
13106,1,39,2026-05-29,1,473.74
13107,1,6,2026-05-29,2,886.6
13108,1,12,2026-05-29,2,613.04
13109,1,19,2026-05-29,2,151.44
13110,1,28,2026-05-29,5,1712.25
13111,1,29,2026-05-29,1,385.46
13112,1,37,2026-05-29,2,929.8
13113,1,39,2026-05-29,5,2368.7
13114,2,24,2026-05-29,2,161.32
13115,2,17,2026-05-29,4,1755.2
13116,2,2,2026-05-29,1,55.59
13117,2,28,2026-05-29,1,342.45
13118,2,4,2026-05-29,5,1831.1
13119,3,33,2026-05-29,2,564.52
13120,3,9,2026-05-29,3,1301.73
13121,3,7,2026-05-29,3,1061.28
13122,3,6,2026-05-29,5,2216.5
13123,3,9,2026-05-29,4,1735.64
13124,3,14,2026-05-29,2,227.42
13125,3,4,2026-05-29,4,1464.88
13126,3,21,2026-05-29,2,898.84
13127,3,35,2026-05-29,2,953.96
13128,3,38,2026-05-29,5,617.65
13129,3,17,2026-05-29,2,877.6
13130,3,38,2026-05-29,2,247.06
13131,3,38,2026-05-29,3,370.59
13132,3,39,2026-05-29,1,473.74
13133,3,39,2026-05-29,2,947.48
13134,4,37,2026-05-29,4,1859.6
13135,4,16,2026-05-29,2,407.16
13136,4,13,2026-05-29,3,257.64
13137,5,8,2026-05-29,3,778.57
13138,5,29,2026-05-29,3,1156.38
13139,5,12,2026-05-29,5,1532.6
13140,5,23,2026-05-29,3,150.0
13141,5,37,2026-05-29,1,464.9
13142,5,37,2026-05-29,1,464.9
13143,5,30,2026-05-29,3,660.63
13144,5,25,2026-05-29,1,200.98
13145,5,8,2026-05-29,4,1038.09
13146,6,34,2026-05-29,2,161.32
13147,6,37,2026-05-29,4,1859.6
13148,6,36,2026-05-29,1,301.48
13149,7,34,2026-05-29,4,194.66
13150,7,21,2026-05-29,5,1355.75
13151,7,33,2026-05-29,5,851.48
13152,7,26,2026-05-29,2,601.02
13153,7,17,2026-05-29,2,529.49
13154,7,6,2026-05-29,1,267.46
13155,7,35,2026-05-29,1,287.78
13156,7,18,2026-05-29,3,363.52
13157,7,22,2026-05-29,2,601.74
13158,7,31,2026-05-29,1,293.27
13159,7,22,2026-05-29,4,1203.48
13160,8,13,2026-05-29,1,85.88
13161,8,27,2026-05-29,4,1724.36
13162,8,3,2026-05-29,4,1698.04
13163,8,31,2026-05-29,4,1944.32
13164,9,13,2026-05-29,4,343.52
13165,9,37,2026-05-29,2,929.8
13166,9,13,2026-05-29,5,429.4
13167,9,12,2026-05-29,1,306.52
13168,9,26,2026-05-29,3,1494.24
13169,9,25,2026-05-29,4,803.92
13170,9,15,2026-05-29,4,473.52
13171,9,31,2026-05-29,3,1458.24
13172,9,8,2026-05-29,2,519.05
13173,9,17,2026-05-29,3,1316.4
13174,9,27,2026-05-29,5,2155.45
13175,10,16,2026-05-29,5,614.13
13176,10,32,2026-05-29,1,275.57
13177,10,36,2026-05-29,4,727.57
13178,10,27,2026-05-29,4,1040.36
13179,10,26,2026-05-29,5,1502.54
13180,10,3,2026-05-29,2,512.24
13181,10,1,2026-05-29,2,172.01
13182,10,37,2026-05-29,2,560.98
13183,11,5,2026-05-29,2,88.02
13184,11,7,2026-05-29,2,707.52
13185,11,18,2026-05-29,2,401.68
13186,11,12,2026-05-29,1,306.52
13187,11,32,2026-05-29,1,456.75
13188,11,26,2026-05-29,4,1992.32
13189,11,23,2026-05-29,3,150.0
13190,11,15,2026-05-29,5,591.9
13191,11,39,2026-05-29,1,473.74
13192,11,29,2026-05-29,2,770.92
13193,11,30,2026-05-29,2,440.42
13194,12,35,2026-05-29,2,953.96
13195,12,8,2026-05-29,3,778.57
13196,12,26,2026-05-29,3,1494.24
13197,12,20,2026-05-29,4,1087.16
13198,12,40,2026-05-29,5,2044.65
13199,12,7,2026-05-29,5,1768.8
13200,12,34,2026-05-29,5,403.3
13201,1,36,2026-05-30,3,904.44
13202,1,2,2026-05-30,2,111.18
13203,1,10,2026-05-30,3,958.98
13204,1,1,2026-05-30,4,570.2
13205,1,31,2026-05-30,3,1458.24
13206,1,5,2026-05-30,2,88.02
13207,1,9,2026-05-30,5,2169.55
13208,1,27,2026-05-30,1,431.09
13209,1,16,2026-05-30,4,814.32
13210,1,21,2026-05-30,1,449.42
13211,1,2,2026-05-30,2,111.18
13212,1,2,2026-05-30,2,111.18
13213,2,22,2026-05-30,2,997.36
13214,2,32,2026-05-30,1,456.75
13215,2,29,2026-05-30,2,770.92
13216,3,13,2026-05-30,4,343.52
13217,3,13,2026-05-30,3,257.64
13218,3,37,2026-05-30,1,464.9
13219,3,7,2026-05-30,5,1768.8
13220,3,3,2026-05-30,4,1698.04
13221,4,1,2026-05-30,3,427.65
13222,4,31,2026-05-30,2,972.16
13223,4,2,2026-05-30,5,277.95
13224,4,12,2026-05-30,4,1226.08
13225,4,19,2026-05-30,4,302.88
13226,4,36,2026-05-30,2,602.96
13227,4,18,2026-05-30,4,803.36
13228,4,18,2026-05-30,5,1004.2
13229,4,40,2026-05-30,3,1226.79
13230,4,13,2026-05-30,5,429.4
13231,5,11,2026-05-30,1,180.86
13232,5,14,2026-05-30,3,341.13
13233,5,36,2026-05-30,5,1507.4
13234,5,14,2026-05-30,3,341.13
13235,5,23,2026-05-30,3,150.0
13236,5,38,2026-05-30,2,247.06
13237,5,38,2026-05-30,3,370.59
13238,5,26,2026-05-30,3,1494.24
13239,5,34,2026-05-30,4,322.64
13240,5,31,2026-05-30,5,2430.4
13241,6,34,2026-05-30,1,80.66
13242,6,7,2026-05-30,3,1061.28
13243,6,8,2026-05-30,5,1292.23
13244,6,16,2026-05-30,3,610.74
13245,6,33,2026-05-30,1,281.09
13246,6,17,2026-05-30,3,1316.4
13247,6,14,2026-05-30,4,454.84
13248,6,4,2026-05-30,1,366.22
13249,6,24,2026-05-30,5,403.3
13250,6,28,2026-05-30,2,684.9
13251,7,39,2026-05-30,2,568.49
13252,7,35,2026-05-30,4,1144.75
13253,7,22,2026-05-30,1,299.21
13254,7,10,2026-05-30,1,191.8
13255,8,32,2026-05-30,3,1370.25
13256,8,32,2026-05-30,2,913.5
13257,8,29,2026-05-30,3,1156.38
13258,8,13,2026-05-30,3,257.64
13259,8,34,2026-05-30,4,322.64
13260,8,27,2026-05-30,4,1724.36
13261,8,27,2026-05-30,5,2155.45
13262,8,20,2026-05-30,1,271.79
13263,8,27,2026-05-30,5,2155.45
13264,8,19,2026-05-30,2,151.44
13265,8,31,2026-05-30,4,1944.32
13266,9,20,2026-05-30,2,543.58
13267,9,21,2026-05-30,2,898.84
13268,9,23,2026-05-30,2,100.0
13269,9,22,2026-05-30,1,498.68
13270,9,13,2026-05-30,2,171.76
13271,9,16,2026-05-30,3,610.74
13272,9,16,2026-05-30,5,1017.9
13273,9,27,2026-05-30,5,2155.45
13274,9,34,2026-05-30,2,161.32
13275,9,24,2026-05-30,5,403.3
13276,9,31,2026-05-30,5,2430.4
13277,10,32,2026-05-30,1,274.05
13278,10,16,2026-05-30,5,610.74
13279,10,12,2026-05-30,3,551.74
13280,10,21,2026-05-30,5,1348.26
13281,10,6,2026-05-30,2,531.96
13282,10,37,2026-05-30,5,1394.7
13283,10,22,2026-05-30,2,598.42
13284,10,17,2026-05-30,3,789.84
13285,10,21,2026-05-30,2,539.3
13286,10,31,2026-05-30,1,291.65
13287,10,20,2026-05-30,2,326.15
13288,11,27,2026-05-30,5,2155.45
13289,11,23,2026-05-30,2,100.0
13290,11,33,2026-05-30,2,562.17
13291,11,24,2026-05-30,5,403.3
13292,11,7,2026-05-30,5,1768.8
13293,11,28,2026-05-30,4,1369.8
13294,11,11,2026-05-30,2,361.72
13295,11,21,2026-05-30,3,1348.26
13296,11,1,2026-05-30,1,142.55
13297,11,30,2026-05-30,4,880.84
13298,11,39,2026-05-30,3,1421.22
13299,11,26,2026-05-30,4,1992.32
13300,11,24,2026-05-30,5,403.3
13301,12,18,2026-05-30,4,803.36
13302,12,27,2026-05-30,4,1724.36
13303,12,40,2026-05-30,3,1226.79
13304,12,39,2026-05-30,2,947.48
13305,12,7,2026-05-30,3,1061.28
13306,12,19,2026-05-30,1,75.72
13307,12,33,2026-05-30,1,281.09
13308,12,8,2026-05-30,3,775.34
13309,12,7,2026-05-30,5,1768.8
13310,1,38,2026-05-31,3,370.59
13311,1,6,2026-05-31,2,886.6
13312,1,10,2026-05-31,5,1598.3
13313,1,30,2026-05-31,5,1101.05
13314,1,24,2026-05-31,1,80.66
13315,1,3,2026-05-31,1,424.51
13316,1,25,2026-05-31,4,797.25
13317,1,11,2026-05-31,2,361.72
13318,1,33,2026-05-31,2,559.83
13319,1,33,2026-05-31,4,1119.66
13320,1,34,2026-05-31,2,161.32
13321,1,20,2026-05-31,2,543.58
13322,1,10,2026-05-31,4,1278.64
13323,2,17,2026-05-31,2,877.6
13324,2,37,2026-05-31,4,1859.6
13325,2,31,2026-05-31,4,1944.32
13326,2,33,2026-05-31,5,1399.58
13327,2,38,2026-05-31,2,247.06
13328,2,11,2026-05-31,2,361.72
13329,2,36,2026-05-31,3,904.44
13330,2,7,2026-05-31,1,353.76
13331,2,25,2026-05-31,2,398.63
13332,2,29,2026-05-31,3,1156.38
13333,2,30,2026-05-31,2,440.42
13334,2,4,2026-05-31,4,1464.88
13335,2,2,2026-05-31,1,55.59
13336,2,38,2026-05-31,5,617.65
13337,2,30,2026-05-31,2,440.42
13338,3,20,2026-05-31,4,1087.16
13339,3,11,2026-05-31,2,361.72
13340,3,13,2026-05-31,3,257.64
13341,3,31,2026-05-31,3,1458.24
13342,3,19,2026-05-31,1,75.72
13343,3,38,2026-05-31,1,123.53
13344,4,20,2026-05-31,3,815.37
13345,4,5,2026-05-31,5,220.05
13346,4,36,2026-05-31,1,301.48
13347,4,9,2026-05-31,5,2169.55
13348,4,19,2026-05-31,4,302.88
13349,4,8,2026-05-31,2,514.74
13350,4,24,2026-05-31,4,322.64
13351,4,21,2026-05-31,3,1348.26
13352,4,20,2026-05-31,1,271.79
13353,4,22,2026-05-31,5,2493.4
13354,4,28,2026-05-31,5,1712.25
13355,5,27,2026-05-31,2,862.18
13356,5,8,2026-05-31,1,257.37
13357,5,29,2026-05-31,3,1156.38
13358,5,38,2026-05-31,3,370.59
13359,5,33,2026-05-31,1,279.92
13360,5,30,2026-05-31,4,880.84
13361,5,29,2026-05-31,3,1156.38
13362,5,13,2026-05-31,1,85.88
13363,5,13,2026-05-31,4,343.52
13364,5,27,2026-05-31,4,1724.36
13365,6,8,2026-05-31,2,514.74
13366,6,22,2026-05-31,4,1994.72
13367,6,6,2026-05-31,3,1329.9
13368,6,21,2026-05-31,2,898.84
13369,6,31,2026-05-31,5,2430.4
13370,6,8,2026-05-31,1,257.37
13371,6,5,2026-05-31,1,44.01
13372,6,28,2026-05-31,5,1712.25
13373,6,13,2026-05-31,5,429.4
13374,6,29,2026-05-31,3,1156.38
13375,6,19,2026-05-31,2,151.44
13376,6,35,2026-05-31,4,1907.92
13377,7,3,2026-05-31,4,1013.16
13378,7,38,2026-05-31,4,294.82
13379,7,2,2026-05-31,1,33.17
13380,7,2,2026-05-31,1,33.17
13381,7,36,2026-05-31,3,539.65
13382,7,2,2026-05-31,3,99.51
13383,7,29,2026-05-31,3,689.97
13384,7,27,2026-05-31,5,1286.09
13385,7,21,2026-05-31,3,804.46
13386,7,37,2026-05-31,4,1109.56
13387,7,2,2026-05-31,3,99.51
13388,7,36,2026-05-31,3,539.65
13389,7,23,2026-05-31,1,29.83
13390,7,13,2026-05-31,1,51.24
13391,8,9,2026-05-31,4,1735.64
13392,8,5,2026-05-31,2,88.02
13393,8,38,2026-05-31,5,617.65
13394,8,25,2026-05-31,4,797.25
13395,9,40,2026-05-31,5,2044.65
13396,9,33,2026-05-31,4,1119.66
13397,9,1,2026-05-31,3,427.65
13398,9,30,2026-05-31,1,220.21
13399,9,4,2026-05-31,4,1464.88
13400,9,34,2026-05-31,5,403.3
13401,10,11,2026-05-31,5,539.57
13402,10,3,2026-05-31,4,1013.16
13403,10,17,2026-05-31,5,1309.09
13404,10,6,2026-05-31,5,1322.51
13405,10,27,2026-05-31,4,1028.87
13406,10,13,2026-05-31,1,51.24
13407,10,37,2026-05-31,5,1386.95
13408,10,38,2026-05-31,1,73.71
13409,10,1,2026-05-31,5,425.27
13410,10,18,2026-05-31,1,119.83
13411,10,14,2026-05-31,5,339.23
13412,10,15,2026-05-31,1,70.63
13413,11,40,2026-05-31,2,817.86
13414,11,9,2026-05-31,3,1301.73
13415,11,21,2026-05-31,5,2247.1
13416,11,36,2026-05-31,5,1507.4
13417,12,2,2026-05-31,4,222.36
13418,12,36,2026-05-31,1,301.48
13419,12,20,2026-05-31,3,815.37
13420,12,17,2026-05-31,4,1755.2
13421,12,23,2026-05-31,4,200.0
13422,12,16,2026-05-31,5,1017.9
13423,12,6,2026-05-31,5,2216.5
13424,12,8,2026-05-31,1,257.37
13425,12,2,2026-05-31,4,222.36
13426,1,9,2026-06-01,4,1735.64
13427,1,27,2026-06-01,1,431.09
13428,1,34,2026-06-01,2,161.32
13429,1,30,2026-06-01,5,1101.05
13430,1,12,2026-06-01,2,613.04
13431,1,35,2026-06-01,1,476.98
13432,1,8,2026-06-01,3,768.88
13433,1,6,2026-06-01,1,443.3
13434,1,20,2026-06-01,3,815.37
13435,1,35,2026-06-01,4,1907.92
13436,1,12,2026-06-01,1,306.52
13437,1,31,2026-06-01,4,1944.32
13438,1,14,2026-06-01,3,341.13
13439,1,12,2026-06-01,3,919.56
13440,1,36,2026-06-01,3,904.44
13441,2,18,2026-06-01,2,401.68
13442,2,33,2026-06-01,3,836.23
13443,2,15,2026-06-01,4,473.52
13444,2,4,2026-06-01,1,366.22
13445,2,15,2026-06-01,3,355.14
13446,2,10,2026-06-01,4,1278.64
13447,2,2,2026-06-01,3,166.77
13448,2,11,2026-06-01,2,361.72
13449,3,30,2026-06-01,5,1101.05
13450,3,2,2026-06-01,5,277.95
13451,3,27,2026-06-01,3,1293.27
13452,3,5,2026-06-01,4,176.04
13453,3,29,2026-06-01,3,1156.38
13454,3,32,2026-06-01,2,913.5
13455,4,13,2026-06-01,1,85.88
13456,4,36,2026-06-01,3,904.44
13457,4,26,2026-06-01,3,1494.24
13458,4,37,2026-06-01,5,2324.5
13459,4,20,2026-06-01,5,1358.95
13460,4,26,2026-06-01,2,996.16
13461,4,19,2026-06-01,3,227.16
13462,4,36,2026-06-01,3,904.44
13463,4,21,2026-06-01,1,449.42
13464,4,15,2026-06-01,1,118.38
13465,5,5,2026-06-01,4,176.04
13466,5,6,2026-06-01,3,1329.9
13467,5,32,2026-06-01,5,2283.75
13468,5,39,2026-06-01,4,1894.96
13469,5,33,2026-06-01,2,557.49
13470,5,5,2026-06-01,4,176.04
13471,5,11,2026-06-01,2,361.72
13472,5,23,2026-06-01,3,150.0
13473,5,33,2026-06-01,4,1114.98
13474,5,38,2026-06-01,3,370.59
13475,5,9,2026-06-01,3,1301.73
13476,5,40,2026-06-01,4,1635.72
13477,5,10,2026-06-01,3,958.98
13478,6,5,2026-06-01,2,88.02
13479,6,36,2026-06-01,2,602.96
13480,6,34,2026-06-01,3,241.98
13481,6,33,2026-06-01,1,278.74
13482,6,33,2026-06-01,1,278.74
13483,6,18,2026-06-01,2,401.68
13484,6,30,2026-06-01,5,1101.05
13485,6,19,2026-06-01,3,227.16
13486,6,40,2026-06-01,5,2044.65
13487,6,37,2026-06-01,5,2324.5
13488,6,24,2026-06-01,3,241.98
13489,6,20,2026-06-01,5,1358.95
13490,6,27,2026-06-01,5,2155.45
13491,6,26,2026-06-01,2,996.16
13492,6,2,2026-06-01,4,222.36
13493,7,5,2026-06-01,1,26.11
13494,7,1,2026-06-01,2,169.16
13495,7,35,2026-06-01,1,283.01
13496,7,20,2026-06-01,1,161.26
13497,7,18,2026-06-01,5,595.83
13498,7,39,2026-06-01,4,1124.34
13499,7,40,2026-06-01,3,727.9
13500,7,38,2026-06-01,2,146.59
13501,7,17,2026-06-01,3,781.06
13502,7,37,2026-06-01,5,1379.2
13503,7,24,2026-06-01,3,143.57
13504,7,35,2026-06-01,4,1132.03
13505,8,8,2026-06-01,4,1025.17
13506,8,23,2026-06-01,1,50.0
13507,8,40,2026-06-01,3,1226.79
13508,8,2,2026-06-01,5,277.95
13509,8,18,2026-06-01,5,1004.2
13510,9,17,2026-06-01,3,1316.4
13511,9,4,2026-06-01,2,732.44
13512,9,3,2026-06-01,4,1698.04
13513,9,2,2026-06-01,1,55.59
13514,10,10,2026-06-01,5,948.32
13515,10,6,2026-06-01,2,526.05
13516,10,34,2026-06-01,3,143.57
13517,10,36,2026-06-01,1,178.88
13518,10,11,2026-06-01,4,429.24
13519,10,7,2026-06-01,2,419.8
13520,11,36,2026-06-01,2,602.96
13521,11,28,2026-06-01,2,684.9
13522,11,19,2026-06-01,2,151.44
13523,11,14,2026-06-01,4,454.84
13524,11,36,2026-06-01,2,602.96
13525,11,28,2026-06-01,2,684.9
13526,11,31,2026-06-01,1,486.08
13527,11,12,2026-06-01,3,919.56
13528,11,30,2026-06-01,2,440.42
13529,11,12,2026-06-01,1,306.52
13530,11,16,2026-06-01,5,1017.9
13531,11,28,2026-06-01,4,1369.8
13532,11,22,2026-06-01,4,1994.72
13533,11,14,2026-06-01,4,454.84
13534,12,34,2026-06-01,5,403.3
13535,12,37,2026-06-01,5,2324.5
13536,12,28,2026-06-01,2,684.9
13537,12,14,2026-06-01,4,454.84
13538,12,34,2026-06-01,2,161.32
13539,12,3,2026-06-01,5,2122.55
13540,12,21,2026-06-01,5,2247.1
13541,12,32,2026-06-01,4,1827.0
13542,12,16,2026-06-01,5,1017.9
13543,12,9,2026-06-01,4,1735.64
13544,12,1,2026-06-01,3,427.65
13545,1,7,2026-06-02,3,1061.28
13546,1,6,2026-06-02,3,1329.9
13547,1,12,2026-06-02,4,1226.08
13548,1,14,2026-06-02,3,341.13
13549,1,22,2026-06-02,3,1496.04
13550,1,1,2026-06-02,2,285.1
13551,1,26,2026-06-02,3,1494.24
13552,1,13,2026-06-02,5,429.4
13553,1,23,2026-06-02,3,150.0
13554,1,31,2026-06-02,1,486.08
13555,1,6,2026-06-02,2,886.6
13556,1,2,2026-06-02,3,166.77
13557,1,21,2026-06-02,2,898.84
13558,1,3,2026-06-02,5,2122.55
13559,2,33,2026-06-02,2,555.15
13560,2,16,2026-06-02,1,203.58
13561,2,19,2026-06-02,5,378.6
13562,2,20,2026-06-02,4,1087.16
13563,2,34,2026-06-02,5,403.3
13564,2,2,2026-06-02,3,166.77
13565,2,33,2026-06-02,1,277.57
13566,2,22,2026-06-02,5,2493.4
13567,2,8,2026-06-02,2,510.43
13568,2,8,2026-06-02,3,765.65
13569,2,22,2026-06-02,5,2493.4
13570,2,38,2026-06-02,2,247.06
13571,3,29,2026-06-02,3,1156.38
13572,3,37,2026-06-02,5,2324.5
13573,3,24,2026-06-02,1,80.66
13574,3,13,2026-06-02,4,343.52
13575,3,13,2026-06-02,5,429.4
13576,3,26,2026-06-02,4,1992.32
13577,3,35,2026-06-02,4,1907.92
13578,3,6,2026-06-02,5,2216.5
13579,3,16,2026-06-02,4,814.32
13580,3,29,2026-06-02,1,385.46
13581,4,21,2026-06-02,1,449.42
13582,4,16,2026-06-02,5,1017.9
13583,4,7,2026-06-02,4,1415.04
13584,4,16,2026-06-02,5,1017.9
13585,4,40,2026-06-02,1,408.93
13586,5,26,2026-06-02,4,1992.32
13587,5,37,2026-06-02,2,929.8
13588,5,20,2026-06-02,1,271.79
13589,5,35,2026-06-02,3,1430.94
13590,5,13,2026-06-02,1,85.88
13591,5,39,2026-06-02,3,1421.22
13592,5,34,2026-06-02,5,403.3
13593,5,18,2026-06-02,3,602.52
13594,6,40,2026-06-02,1,408.93
13595,6,7,2026-06-02,5,1768.8
13596,6,24,2026-06-02,4,322.64
13597,6,14,2026-06-02,4,454.84
13598,6,30,2026-06-02,2,440.42
13599,6,24,2026-06-02,4,322.64
13600,6,34,2026-06-02,2,161.32
13601,6,14,2026-06-02,4,454.84
13602,6,8,2026-06-02,3,765.65
13603,6,18,2026-06-02,5,1004.2
13604,6,15,2026-06-02,3,355.14
13605,6,10,2026-06-02,3,958.98
13606,6,33,2026-06-02,2,555.15
13607,6,25,2026-06-02,5,988.22
13608,7,40,2026-06-02,5,1206.34
13609,7,21,2026-06-02,4,1060.63
13610,7,4,2026-06-02,2,432.14
13611,7,10,2026-06-02,5,943.0
13612,7,5,2026-06-02,5,129.83
13613,7,18,2026-06-02,3,355.49
13614,7,3,2026-06-02,1,250.46
13615,7,37,2026-06-02,5,1371.46
13616,7,16,2026-06-02,1,120.11
13617,7,14,2026-06-02,3,201.27
13618,7,13,2026-06-02,5,253.35
13619,7,27,2026-06-02,1,254.34
13620,7,15,2026-06-02,1,69.84
13621,7,7,2026-06-02,5,1043.59
13622,7,32,2026-06-02,1,269.48
13623,8,3,2026-06-02,4,1698.04
13624,8,28,2026-06-02,2,684.9
13625,8,22,2026-06-02,2,997.36
13626,8,24,2026-06-02,2,161.32
13627,8,19,2026-06-02,5,378.6
13628,8,3,2026-06-02,2,849.02
13629,8,12,2026-06-02,2,613.04
13630,8,39,2026-06-02,1,473.74
13631,8,26,2026-06-02,4,1992.32
13632,8,4,2026-06-02,1,366.22
13633,8,35,2026-06-02,3,1430.94
13634,9,20,2026-06-02,1,271.79
13635,9,10,2026-06-02,4,1278.64
13636,9,21,2026-06-02,5,2247.1
13637,9,5,2026-06-02,4,176.04
13638,10,2,2026-06-02,4,131.19
13639,10,9,2026-06-02,4,1024.03
13640,10,3,2026-06-02,4,1001.84
13641,10,23,2026-06-02,2,59.0
13642,10,14,2026-06-02,3,201.27
13643,10,10,2026-06-02,2,377.2
13644,10,3,2026-06-02,1,250.46
13645,10,3,2026-06-02,3,751.38
13646,10,16,2026-06-02,3,360.34
13647,10,36,2026-06-02,2,355.75
13648,10,6,2026-06-02,4,1046.19
13649,10,19,2026-06-02,3,134.02
13650,10,4,2026-06-02,4,864.28
13651,10,25,2026-06-02,1,116.61
13652,10,23,2026-06-02,2,59.0
13653,11,23,2026-06-02,4,200.0
13654,11,38,2026-06-02,2,247.06
13655,11,8,2026-06-02,2,510.43
13656,11,24,2026-06-02,3,241.98
13657,11,9,2026-06-02,1,433.91
13658,11,34,2026-06-02,3,241.98
13659,11,30,2026-06-02,4,880.84
13660,12,25,2026-06-02,1,197.64
13661,12,21,2026-06-02,5,2247.1
13662,12,19,2026-06-02,3,227.16
13663,12,2,2026-06-02,1,55.59
13664,12,34,2026-06-02,5,403.3
13665,12,9,2026-06-02,1,433.91
13666,12,16,2026-06-02,5,1017.9
13667,12,8,2026-06-02,1,255.22
13668,12,5,2026-06-02,3,132.03
13669,12,37,2026-06-02,1,464.9
13670,12,40,2026-06-02,2,817.86
13671,12,34,2026-06-02,1,80.66
13672,12,17,2026-06-02,5,2194.0
13673,12,34,2026-06-02,1,80.66
13674,12,33,2026-06-02,1,277.57
13675,1,38,2026-06-03,4,494.12
13676,1,28,2026-06-03,3,1027.35
13677,1,11,2026-06-03,1,180.86
13678,1,39,2026-06-03,5,2368.7
13679,1,24,2026-06-03,5,403.3
13680,1,12,2026-06-03,3,919.56
13681,1,39,2026-06-03,1,473.74
13682,1,18,2026-06-03,2,401.68
13683,2,16,2026-06-03,5,1017.9
13684,2,35,2026-06-03,4,1907.92
13685,2,23,2026-06-03,2,100.0
13686,2,9,2026-06-03,5,2169.55
13687,2,1,2026-06-03,2,285.1
13688,2,36,2026-06-03,3,904.44
13689,3,28,2026-06-03,2,684.9
13690,3,24,2026-06-03,5,403.3
13691,3,18,2026-06-03,3,602.52
13692,3,34,2026-06-03,5,403.3
13693,4,1,2026-06-03,4,570.2
13694,4,23,2026-06-03,2,100.0
13695,4,5,2026-06-03,5,220.05
13696,4,38,2026-06-03,2,247.06
13697,4,12,2026-06-03,4,1226.08
13698,5,25,2026-06-03,5,984.05
13699,5,12,2026-06-03,1,306.52
13700,5,36,2026-06-03,5,1507.4
13701,6,34,2026-06-03,1,80.66
13702,6,35,2026-06-03,3,1430.94
13703,6,17,2026-06-03,3,1316.4
13704,6,38,2026-06-03,1,123.53
13705,6,22,2026-06-03,3,1496.04
13706,6,3,2026-06-03,2,849.02
13707,6,40,2026-06-03,5,2044.65
13708,6,32,2026-06-03,5,2283.75
13709,6,6,2026-06-03,2,886.6
13710,6,7,2026-06-03,1,353.76
13711,6,17,2026-06-03,4,1755.2
13712,6,37,2026-06-03,2,929.8
13713,6,11,2026-06-03,5,904.3
13714,6,12,2026-06-03,2,613.04
13715,6,34,2026-06-03,5,403.3
13716,7,13,2026-06-03,4,201.53
13717,7,17,2026-06-03,5,1287.15
13718,7,1,2026-06-03,4,334.52
13719,7,15,2026-06-03,4,277.8
13720,7,10,2026-06-03,1,187.53
13721,7,6,2026-06-03,5,1300.35
13722,7,18,2026-06-03,1,117.83
13723,7,18,2026-06-03,3,353.48
13724,8,35,2026-06-03,3,1430.94
13725,8,36,2026-06-03,2,602.96
13726,8,32,2026-06-03,2,913.5
13727,8,26,2026-06-03,4,1992.32
13728,8,39,2026-06-03,2,947.48
13729,8,7,2026-06-03,4,1415.04
13730,9,26,2026-06-03,3,1494.24
13731,9,11,2026-06-03,1,180.86
13732,9,20,2026-06-03,4,1087.16
13733,10,25,2026-06-03,5,577.31
13734,10,28,2026-06-03,1,200.9
13735,10,3,2026-06-03,5,1245.23
13736,10,26,2026-06-03,1,292.21
13737,10,2,2026-06-03,3,97.84
13738,10,6,2026-06-03,5,1300.35
13739,10,13,2026-06-03,5,251.91
13740,10,1,2026-06-03,5,418.15
13741,10,16,2026-06-03,5,597.17
13742,10,28,2026-06-03,5,1004.52
13743,10,38,2026-06-03,4,289.88
13744,10,4,2026-06-03,5,1074.25
13745,10,17,2026-06-03,2,514.86
13746,10,5,2026-06-03,3,77.46
13747,10,31,2026-06-03,3,855.5
13748,11,34,2026-06-03,4,322.64
13749,11,4,2026-06-03,2,732.44
13750,11,7,2026-06-03,3,1061.28
13751,11,22,2026-06-03,4,1994.72
13752,11,38,2026-06-03,4,494.12
13753,12,16,2026-06-03,4,814.32
13754,12,11,2026-06-03,1,180.86
13755,12,17,2026-06-03,4,1755.2
13756,12,27,2026-06-03,1,431.09
13757,12,18,2026-06-03,4,803.36
13758,12,7,2026-06-03,1,353.76
13759,12,29,2026-06-03,3,1156.38
13760,12,26,2026-06-03,5,2490.4
13761,12,1,2026-06-03,4,570.2
13762,1,14,2026-06-04,4,454.84
13763,1,20,2026-06-04,3,815.37
13764,1,12,2026-06-04,4,1226.08
13765,1,36,2026-06-04,3,904.44
13766,1,38,2026-06-04,1,123.53
13767,1,14,2026-06-04,5,568.55
13768,1,19,2026-06-04,1,75.72
13769,1,21,2026-06-04,2,898.84
13770,1,27,2026-06-04,1,431.09
13771,1,10,2026-06-04,3,958.98
13772,1,29,2026-06-04,5,1927.3
13773,1,25,2026-06-04,5,979.88
13774,2,13,2026-06-04,2,171.76
13775,2,32,2026-06-04,3,1370.25
13776,2,3,2026-06-04,1,424.51
13777,2,36,2026-06-04,5,1507.4
13778,2,26,2026-06-04,1,498.08
13779,2,14,2026-06-04,1,113.71
13780,2,2,2026-06-04,3,166.77
13781,2,26,2026-06-04,4,1992.32
13782,2,40,2026-06-04,2,817.86
13783,2,3,2026-06-04,3,1273.53
13784,2,24,2026-06-04,5,403.3
13785,3,25,2026-06-04,4,783.91
13786,3,33,2026-06-04,5,1376.15
13787,3,33,2026-06-04,5,1376.15
13788,4,13,2026-06-04,5,429.4
13789,4,16,2026-06-04,3,610.74
13790,4,32,2026-06-04,1,456.75
13791,4,23,2026-06-04,2,100.0
13792,4,26,2026-06-04,1,498.08
13793,5,15,2026-06-04,2,236.76
13794,5,30,2026-06-04,2,440.42
13795,5,39,2026-06-04,3,1421.22
13796,5,37,2026-06-04,1,464.9
13797,5,38,2026-06-04,2,247.06
13798,5,40,2026-06-04,4,1635.72
13799,5,18,2026-06-04,2,401.68
13800,5,23,2026-06-04,5,250.0
13801,5,1,2026-06-04,5,712.75
13802,5,36,2026-06-04,1,301.48
13803,6,32,2026-06-04,4,1827.0
13804,6,29,2026-06-04,2,770.92
13805,6,16,2026-06-04,1,203.58
13806,7,31,2026-06-04,1,283.55
13807,7,40,2026-06-04,2,477.08
13808,7,18,2026-06-04,3,351.47
13809,7,1,2026-06-04,2,166.31
13810,7,5,2026-06-04,4,102.69
13811,7,16,2026-06-04,2,237.51
13812,7,13,2026-06-04,3,150.29
13813,8,36,2026-06-04,1,301.48
13814,8,33,2026-06-04,2,550.46
13815,8,25,2026-06-04,2,391.95
13816,8,27,2026-06-04,5,2155.45
13817,8,16,2026-06-04,2,407.16
13818,8,9,2026-06-04,5,2169.55
13819,8,33,2026-06-04,3,825.69
13820,8,40,2026-06-04,4,1635.72
13821,8,26,2026-06-04,5,2490.4
13822,9,40,2026-06-04,3,1226.79
13823,9,8,2026-06-04,2,506.12
13824,9,37,2026-06-04,3,1394.7
13825,9,28,2026-06-04,4,1369.8
13826,9,13,2026-06-04,1,85.88
13827,9,17,2026-06-04,4,1755.2
13828,9,15,2026-06-04,4,473.52
13829,9,12,2026-06-04,4,1226.08
13830,9,38,2026-06-04,3,370.59
13831,9,33,2026-06-04,2,550.46
13832,9,28,2026-06-04,4,1369.8
13833,9,12,2026-06-04,3,919.56
13834,9,11,2026-06-04,5,904.3
13835,9,7,2026-06-04,1,353.76
13836,10,10,2026-06-04,4,745.87
13837,10,4,2026-06-04,1,213.63
13838,10,5,2026-06-04,4,102.69
13839,10,36,2026-06-04,2,351.73
13840,10,24,2026-06-04,2,94.1
13841,10,23,2026-06-04,1,29.17
13842,10,6,2026-06-04,1,258.59
13843,10,35,2026-06-04,1,278.24
13844,10,9,2026-06-04,2,506.23
13845,10,6,2026-06-04,4,1034.37
13846,10,39,2026-06-04,1,276.35
13847,10,3,2026-06-04,2,495.26
13848,10,2,2026-06-04,5,162.14
13849,11,29,2026-06-04,2,770.92
13850,11,18,2026-06-04,3,602.52
13851,11,34,2026-06-04,4,322.64
13852,11,6,2026-06-04,3,1329.9
13853,11,1,2026-06-04,5,712.75
13854,11,36,2026-06-04,3,904.44
13855,11,4,2026-06-04,3,1098.66
13856,11,40,2026-06-04,5,2044.65
13857,12,8,2026-06-04,1,253.06
13858,12,23,2026-06-04,1,50.0
13859,12,32,2026-06-04,4,1827.0
13860,12,22,2026-06-04,2,997.36
13861,12,32,2026-06-04,1,456.75
13862,12,13,2026-06-04,5,429.4
13863,12,32,2026-06-04,4,1827.0
13864,1,18,2026-06-05,2,401.68
13865,1,36,2026-06-05,5,1507.4
13866,1,14,2026-06-05,1,113.71
13867,1,38,2026-06-05,4,494.12
13868,1,37,2026-06-05,4,1859.6
13869,1,28,2026-06-05,1,342.45
13870,2,13,2026-06-05,2,171.76
13871,2,33,2026-06-05,1,274.06
13872,2,7,2026-06-05,4,1415.04
13873,2,32,2026-06-05,2,913.5
13874,3,29,2026-06-05,1,385.46
13875,3,5,2026-06-05,2,88.02
13876,3,35,2026-06-05,4,1907.92
13877,3,1,2026-06-05,5,712.75
13878,4,10,2026-06-05,4,1278.64
13879,4,22,2026-06-05,2,997.36
13880,4,17,2026-06-05,4,1755.2
13881,4,19,2026-06-05,5,378.6
13882,4,40,2026-06-05,1,408.93
13883,4,32,2026-06-05,5,2283.75
13884,4,27,2026-06-05,2,862.18
13885,4,3,2026-06-05,2,849.02
13886,5,26,2026-06-05,3,1494.24
13887,5,20,2026-06-05,1,271.79
13888,5,23,2026-06-05,5,250.0
13889,5,29,2026-06-05,1,385.46
13890,5,23,2026-06-05,2,100.0
13891,5,26,2026-06-05,3,1494.24
13892,5,31,2026-06-05,3,1458.24
13893,5,24,2026-06-05,2,161.32
13894,5,36,2026-06-05,3,904.44
13895,5,31,2026-06-05,4,1944.32
13896,5,13,2026-06-05,2,171.76
13897,5,14,2026-06-05,1,113.71
13898,5,4,2026-06-05,4,1464.88
13899,5,40,2026-06-05,4,1635.72
13900,6,37,2026-06-05,3,1394.7
13901,6,39,2026-06-05,5,2368.7
13902,6,24,2026-06-05,1,80.66
13903,6,40,2026-06-05,2,817.86
13904,6,31,2026-06-05,2,972.16
13905,7,38,2026-06-05,2,143.29
13906,7,24,2026-06-05,3,140.35
13907,7,2,2026-06-05,4,128.97
13908,7,27,2026-06-05,1,250.03
13909,7,36,2026-06-05,4,699.43
13910,7,4,2026-06-05,1,212.41
13911,7,30,2026-06-05,2,255.44
13912,7,17,2026-06-05,5,1272.52
13913,7,10,2026-06-05,5,927.01
13914,7,30,2026-06-05,3,383.17
13915,7,24,2026-06-05,5,233.91
13916,7,28,2026-06-05,2,397.24
13917,7,37,2026-06-05,2,539.28
13918,8,30,2026-06-05,3,660.63
13919,8,12,2026-06-05,1,306.52
13920,8,26,2026-06-05,1,498.08
13921,8,20,2026-06-05,1,271.79
13922,8,6,2026-06-05,4,1773.2
13923,8,3,2026-06-05,5,2122.55
13924,8,8,2026-06-05,5,1259.93
13925,8,14,2026-06-05,1,113.71
13926,8,5,2026-06-05,5,220.05
13927,8,20,2026-06-05,2,543.58
13928,8,6,2026-06-05,3,1329.9
13929,9,25,2026-06-05,1,195.14
13930,9,23,2026-06-05,2,100.0
13931,9,9,2026-06-05,1,433.91
13932,9,32,2026-06-05,2,913.5
13933,9,36,2026-06-05,1,301.48
13934,9,27,2026-06-05,4,1724.36
13935,9,18,2026-06-05,1,200.84
13936,9,24,2026-06-05,5,403.3
13937,10,35,2026-06-05,4,1106.59
13938,10,15,2026-06-05,5,343.3
13939,10,10,2026-06-05,1,185.4
13940,11,10,2026-06-05,1,319.66
13941,11,18,2026-06-05,5,1004.2
13942,11,5,2026-06-05,5,220.05
13943,11,28,2026-06-05,1,342.45
13944,11,1,2026-06-05,1,142.55
13945,11,10,2026-06-05,4,1278.64
13946,12,36,2026-06-05,4,1205.92
13947,12,13,2026-06-05,3,257.64
13948,12,24,2026-06-05,5,403.3
13949,12,22,2026-06-05,4,1994.72
13950,12,39,2026-06-05,4,1894.96
13951,12,2,2026-06-05,2,111.18
13952,12,30,2026-06-05,4,880.84
13953,12,8,2026-06-05,5,1259.93
13954,12,37,2026-06-05,3,1394.7
13955,12,3,2026-06-05,3,1273.53
13956,12,16,2026-06-05,4,814.32
13957,12,23,2026-06-05,4,200.0
13958,1,15,2026-06-06,4,473.52
13959,1,19,2026-06-06,5,378.6
13960,1,19,2026-06-06,3,227.16
13961,1,23,2026-06-06,2,100.0
13962,1,38,2026-06-06,2,247.06
13963,2,11,2026-06-06,2,361.72
13964,2,7,2026-06-06,4,1415.04
13965,2,19,2026-06-06,3,227.16
13966,2,29,2026-06-06,2,770.92
13967,2,8,2026-06-06,3,752.73
13968,2,9,2026-06-06,1,433.91
13969,2,14,2026-06-06,4,454.84
13970,3,19,2026-06-06,3,227.16
13971,3,36,2026-06-06,2,602.96
13972,3,35,2026-06-06,1,476.98
13973,3,27,2026-06-06,4,1724.36
13974,3,13,2026-06-06,4,343.52
13975,3,10,2026-06-06,5,1598.3
13976,3,40,2026-06-06,2,817.86
13977,3,29,2026-06-06,4,1541.84
13978,3,12,2026-06-06,2,613.04
13979,3,15,2026-06-06,3,355.14
13980,3,32,2026-06-06,2,913.5
13981,3,27,2026-06-06,4,1724.36
13982,3,20,2026-06-06,4,1087.16
13983,3,15,2026-06-06,4,473.52
13984,3,19,2026-06-06,4,302.88
13985,4,23,2026-06-06,4,200.0
13986,4,24,2026-06-06,4,322.64
13987,4,12,2026-06-06,4,1226.08
13988,4,23,2026-06-06,4,200.0
13989,4,39,2026-06-06,3,1421.22
13990,4,28,2026-06-06,3,1027.35
13991,4,36,2026-06-06,3,904.44
13992,4,20,2026-06-06,4,1087.16
13993,4,19,2026-06-06,2,151.44
13994,4,15,2026-06-06,5,591.9
13995,4,13,2026-06-06,2,171.76
13996,4,5,2026-06-06,2,88.02
13997,4,38,2026-06-06,2,247.06
13998,4,24,2026-06-06,2,161.32
13999,5,14,2026-06-06,2,227.42
14000,5,32,2026-06-06,5,2283.75
14001,5,4,2026-06-06,3,1098.66
14002,5,9,2026-06-06,4,1735.64
14003,5,29,2026-06-06,5,1927.3
14004,5,23,2026-06-06,4,200.0
14005,5,21,2026-06-06,3,1348.26
14006,5,30,2026-06-06,3,660.63
14007,5,40,2026-06-06,2,817.86
14008,5,7,2026-06-06,4,1415.04
14009,5,6,2026-06-06,2,886.6
14010,5,29,2026-06-06,4,1541.84
14011,6,21,2026-06-06,5,2247.1
14012,6,26,2026-06-06,4,1992.32
14013,6,31,2026-06-06,3,1458.24
14014,6,34,2026-06-06,5,403.3
14015,7,16,2026-06-06,1,117.4
14016,7,27,2026-06-06,2,497.19
14017,7,26,2026-06-06,2,574.45
14018,7,36,2026-06-06,3,521.56
14019,7,7,2026-06-06,5,1020.01
14020,7,39,2026-06-06,2,546.38
14021,7,3,2026-06-06,4,979.2
14022,7,30,2026-06-06,5,634.94
14023,7,26,2026-06-06,4,1148.9
14024,8,1,2026-06-06,4,570.2
14025,8,20,2026-06-06,1,271.79
14026,8,20,2026-06-06,2,543.58
14027,8,20,2026-06-06,4,1087.16
14028,8,37,2026-06-06,5,2324.5
14029,9,3,2026-06-06,2,849.02
14030,9,3,2026-06-06,3,1273.53
14031,9,7,2026-06-06,5,1768.8
14032,9,22,2026-06-06,2,997.36
14033,9,23,2026-06-06,4,200.0
14034,9,7,2026-06-06,5,1768.8
14035,9,12,2026-06-06,2,613.04
14036,9,33,2026-06-06,2,545.78
14037,9,25,2026-06-06,4,777.24
14038,9,5,2026-06-06,3,132.03
14039,9,32,2026-06-06,4,1827.0
14040,9,28,2026-06-06,2,684.9
14041,9,18,2026-06-06,2,401.68
14042,10,12,2026-06-06,4,707.04
14043,10,14,2026-06-06,3,196.72
14044,10,12,2026-06-06,5,883.8
14045,10,27,2026-06-06,5,1242.98
14046,10,12,2026-06-06,5,883.8
14047,10,11,2026-06-06,1,104.3
14048,10,35,2026-06-06,1,275.06
14049,10,4,2026-06-06,1,211.19
14050,10,13,2026-06-06,1,49.52
14051,10,37,2026-06-06,1,268.09
14052,10,12,2026-06-06,1,176.76
14053,10,33,2026-06-06,1,157.37
14054,10,16,2026-06-06,3,352.19
14055,10,25,2026-06-06,1,112.05
14056,10,25,2026-06-06,3,336.15
14057,11,14,2026-06-06,2,227.42
14058,11,38,2026-06-06,2,247.06
14059,11,36,2026-06-06,2,602.96
14060,11,22,2026-06-06,3,1496.04
14061,11,17,2026-06-06,1,438.8
14062,11,2,2026-06-06,3,166.77
14063,11,28,2026-06-06,5,1712.25
14064,11,31,2026-06-06,3,1458.24
14065,12,38,2026-06-06,4,494.12
14066,12,24,2026-06-06,4,322.64
14067,12,39,2026-06-06,3,1421.22
14068,12,7,2026-06-06,2,707.52
14069,12,12,2026-06-06,3,919.56
14070,12,19,2026-06-06,3,227.16
14071,12,17,2026-06-06,1,438.8
14072,12,31,2026-06-06,5,2430.4
14073,12,35,2026-06-06,2,953.96
14074,12,31,2026-06-06,2,972.16
14075,12,36,2026-06-06,2,602.96
14076,12,19,2026-06-06,4,302.88
14077,1,14,2026-06-07,5,568.55
14078,1,35,2026-06-07,5,2384.9
14079,1,23,2026-06-07,4,200.0
14080,1,36,2026-06-07,2,602.96
14081,2,14,2026-06-07,5,568.55
14082,2,31,2026-06-07,4,1944.32
14083,2,36,2026-06-07,3,904.44
14084,2,26,2026-06-07,2,996.16
14085,2,39,2026-06-07,1,473.74
14086,2,10,2026-06-07,2,639.32
14087,2,2,2026-06-07,4,222.36
14088,2,33,2026-06-07,1,271.72
14089,2,5,2026-06-07,1,44.01
14090,2,21,2026-06-07,2,898.84
14091,2,10,2026-06-07,4,1278.64
14092,3,12,2026-06-07,4,1226.08
14093,3,5,2026-06-07,4,176.04
14094,3,35,2026-06-07,2,953.96
14095,3,15,2026-06-07,1,118.38
14096,3,20,2026-06-07,5,1358.95
14097,3,12,2026-06-07,3,919.56
14098,3,39,2026-06-07,4,1894.96
14099,3,4,2026-06-07,5,1831.1
14100,3,8,2026-06-07,5,1249.16
14101,3,37,2026-06-07,2,929.8
14102,4,22,2026-06-07,1,498.68
14103,4,5,2026-06-07,4,176.04
14104,4,4,2026-06-07,5,1831.1
14105,4,5,2026-06-07,3,132.03
14106,4,5,2026-06-07,3,132.03
14107,4,18,2026-06-07,1,200.84
14108,4,1,2026-06-07,3,427.65
14109,4,32,2026-06-07,1,456.75
14110,4,23,2026-06-07,2,100.0
14111,4,16,2026-06-07,2,407.16
14112,5,26,2026-06-07,3,1494.24
14113,5,39,2026-06-07,4,1894.96
14114,5,20,2026-06-07,2,543.58
14115,5,7,2026-06-07,1,353.76
14116,5,4,2026-06-07,2,732.44
14117,5,20,2026-06-07,3,815.37
14118,5,13,2026-06-07,3,257.64
14119,5,4,2026-06-07,1,366.22
14120,5,3,2026-06-07,3,1273.53
14121,5,11,2026-06-07,5,904.3
14122,5,28,2026-06-07,4,1369.8
14123,5,34,2026-06-07,1,80.66
14124,6,31,2026-06-07,5,2430.4
14125,6,6,2026-06-07,4,1773.2
14126,6,25,2026-06-07,2,386.95
14127,6,16,2026-06-07,3,610.74
14128,6,29,2026-06-07,3,1156.38
14129,6,30,2026-06-07,2,440.42
14130,6,38,2026-06-07,5,617.65
14131,6,9,2026-06-07,3,1301.73
14132,6,20,2026-06-07,5,1358.95
14133,6,20,2026-06-07,1,271.79
14134,6,31,2026-06-07,4,1944.32
14135,6,28,2026-06-07,3,1027.35
14136,7,40,2026-06-07,1,234.45
14137,7,30,2026-06-07,2,252.51
14138,7,36,2026-06-07,3,518.55
14139,7,24,2026-06-07,3,138.74
14140,7,32,2026-06-07,4,1047.48
14141,8,32,2026-06-07,3,1370.25
14142,8,8,2026-06-07,1,249.83
14143,8,38,2026-06-07,3,370.59
14144,8,25,2026-06-07,4,773.9
14145,8,31,2026-06-07,1,486.08
14146,8,30,2026-06-07,3,660.63
14147,8,29,2026-06-07,5,1927.3
14148,8,39,2026-06-07,1,473.74
14149,8,35,2026-06-07,2,953.96
14150,9,18,2026-06-07,1,200.84
14151,9,22,2026-06-07,5,2493.4
14152,9,3,2026-06-07,1,424.51
14153,9,12,2026-06-07,3,919.56
14154,9,6,2026-06-07,4,1773.2
14155,9,29,2026-06-07,2,770.92
14156,9,20,2026-06-07,4,1087.16
14157,9,13,2026-06-07,4,343.52
14158,9,4,2026-06-07,4,1464.88
14159,9,18,2026-06-07,1,200.84
14160,9,36,2026-06-07,3,904.44
14161,9,34,2026-06-07,4,322.64
14162,10,7,2026-06-07,3,608.47
14163,10,14,2026-06-07,5,325.97
14164,10,25,2026-06-07,4,443.7
14165,10,2,2026-06-07,4,127.49
14166,10,10,2026-06-07,3,549.82
14167,10,40,2026-06-07,2,468.91
14168,10,30,2026-06-07,3,378.76
14169,10,25,2026-06-07,3,332.78
14170,11,33,2026-06-07,2,543.43
14171,11,32,2026-06-07,4,1827.0
14172,11,28,2026-06-07,3,1027.35
14173,11,18,2026-06-07,3,602.52
14174,11,28,2026-06-07,1,342.45
14175,11,18,2026-06-07,4,803.36
14176,11,13,2026-06-07,1,85.88
14177,11,9,2026-06-07,3,1301.73
14178,11,20,2026-06-07,5,1358.95
14179,11,19,2026-06-07,1,75.72
14180,11,5,2026-06-07,1,44.01
14181,12,30,2026-06-07,2,440.42
14182,12,17,2026-06-07,1,438.8
14183,12,23,2026-06-07,2,100.0
14184,12,3,2026-06-07,1,424.51
14185,12,31,2026-06-07,2,972.16
14186,12,8,2026-06-07,3,749.5
14187,12,2,2026-06-07,1,55.59
14188,12,12,2026-06-07,2,613.04
14189,12,7,2026-06-07,5,1768.8
14190,12,9,2026-06-07,2,867.82
14191,12,20,2026-06-07,1,271.79
14192,12,13,2026-06-07,1,85.88
14193,12,27,2026-06-07,1,431.09
14194,12,39,2026-06-07,1,473.74
14195,12,6,2026-06-07,3,1329.9
14196,1,20,2026-06-08,1,271.79
14197,1,26,2026-06-08,2,996.16
14198,1,11,2026-06-08,5,904.3
14199,1,37,2026-06-08,4,1859.6
14200,1,1,2026-06-08,3,427.65
14201,1,5,2026-06-08,1,44.01
14202,1,18,2026-06-08,5,1004.2
14203,1,7,2026-06-08,1,353.76
14204,1,34,2026-06-08,1,80.66
14205,1,7,2026-06-08,2,707.52
14206,1,35,2026-06-08,2,953.96
14207,1,35,2026-06-08,1,476.98
14208,2,35,2026-06-08,1,476.98
14209,2,10,2026-06-08,1,319.66
14210,2,27,2026-06-08,1,431.09
14211,2,9,2026-06-08,4,1735.64
14212,2,14,2026-06-08,2,227.42
14213,3,13,2026-06-08,1,85.88
14214,3,23,2026-06-08,1,50.0
14215,3,27,2026-06-08,4,1724.36
14216,3,27,2026-06-08,3,1293.27
14217,3,26,2026-06-08,5,2490.4
14218,3,31,2026-06-08,2,972.16
14219,4,12,2026-06-08,2,613.04
14220,4,6,2026-06-08,4,1773.2
14221,4,3,2026-06-08,5,2122.55
14222,4,25,2026-06-08,2,385.28
14223,4,26,2026-06-08,4,1992.32
14224,4,13,2026-06-08,3,257.64
14225,4,25,2026-06-08,5,963.21
14226,4,7,2026-06-08,1,353.76
14227,4,9,2026-06-08,4,1735.64
14228,4,30,2026-06-08,2,440.42
14229,5,34,2026-06-08,1,80.66
14230,5,8,2026-06-08,1,248.75
14231,5,16,2026-06-08,2,407.16
14232,5,15,2026-06-08,2,236.76
14233,5,19,2026-06-08,3,227.16
14234,5,25,2026-06-08,2,385.28
14235,5,30,2026-06-08,5,1101.05
14236,5,33,2026-06-08,5,1352.73
14237,5,36,2026-06-08,2,602.96
14238,5,12,2026-06-08,1,306.52
14239,5,14,2026-06-08,1,113.71
14240,6,2,2026-06-08,2,111.18
14241,6,5,2026-06-08,3,132.03
14242,6,30,2026-06-08,2,440.42
14243,6,30,2026-06-08,2,440.42
14244,6,21,2026-06-08,4,1797.68
14245,6,20,2026-06-08,5,1358.95
14246,7,36,2026-06-08,5,859.22
14247,7,20,2026-06-08,4,619.68
14248,7,16,2026-06-08,5,580.2
14249,7,28,2026-06-08,3,585.59
14250,7,19,2026-06-08,2,86.32
14251,7,2,2026-06-08,4,126.75
14252,7,6,2026-06-08,3,758.04
14253,8,28,2026-06-08,2,684.9
14254,8,13,2026-06-08,5,429.4
14255,8,38,2026-06-08,1,123.53
14256,8,34,2026-06-08,3,241.98
14257,8,7,2026-06-08,3,1061.28
14258,8,39,2026-06-08,2,947.48
14259,8,39,2026-06-08,1,473.74
14260,8,17,2026-06-08,1,438.8
14261,9,19,2026-06-08,4,302.88
14262,9,33,2026-06-08,3,811.64
14263,9,2,2026-06-08,1,55.59
14264,9,34,2026-06-08,5,403.3
14265,10,29,2026-06-08,4,878.85
14266,10,10,2026-06-08,1,182.21
14267,10,2,2026-06-08,4,126.75
14268,10,19,2026-06-08,1,43.16
14269,10,33,2026-06-08,1,154.21
14270,10,7,2026-06-08,3,604.93
14271,10,33,2026-06-08,5,771.06
14272,10,32,2026-06-08,3,781.04
14273,10,36,2026-06-08,5,859.22
14274,10,15,2026-06-08,1,67.48
14275,10,27,2026-06-08,5,1228.61
14276,10,15,2026-06-08,3,202.43
14277,10,25,2026-06-08,3,329.42
14278,10,40,2026-06-08,4,932.36
14279,10,28,2026-06-08,3,585.59
14280,11,28,2026-06-08,4,1369.8
14281,11,10,2026-06-08,3,958.98
14282,11,28,2026-06-08,4,1369.8
14283,11,23,2026-06-08,3,150.0
14284,11,5,2026-06-08,4,176.04
14285,11,11,2026-06-08,3,542.58
14286,11,9,2026-06-08,5,2169.55
14287,11,1,2026-06-08,2,285.1
14288,11,30,2026-06-08,2,440.42
14289,11,8,2026-06-08,5,1243.77
14290,11,2,2026-06-08,2,111.18
14291,11,21,2026-06-08,1,449.42
14292,11,12,2026-06-08,3,919.56
14293,11,29,2026-06-08,4,1541.84
14294,12,15,2026-06-08,4,473.52
14295,12,17,2026-06-08,3,1316.4
14296,12,22,2026-06-08,4,1994.72
14297,12,6,2026-06-08,4,1773.2
14298,12,5,2026-06-08,4,176.04
14299,12,1,2026-06-08,4,570.2
14300,12,32,2026-06-08,2,913.5
14301,12,30,2026-06-08,2,440.42
14302,12,7,2026-06-08,4,1415.04
14303,12,1,2026-06-08,4,570.2
14304,1,24,2026-06-09,2,161.32
14305,1,2,2026-06-09,3,166.77
14306,1,19,2026-06-09,4,302.88
14307,2,36,2026-06-09,2,602.96
14308,2,30,2026-06-09,4,880.84
14309,2,14,2026-06-09,3,341.13
14310,2,22,2026-06-09,1,498.68
14311,2,38,2026-06-09,4,494.12
14312,2,20,2026-06-09,2,543.58
14313,2,13,2026-06-09,2,171.76
14314,2,18,2026-06-09,5,1004.2
14315,2,13,2026-06-09,2,171.76
14316,2,1,2026-06-09,2,285.1
14317,2,33,2026-06-09,1,269.37
14318,2,4,2026-06-09,1,366.22
14319,2,38,2026-06-09,4,494.12
14320,3,30,2026-06-09,2,440.42
14321,3,29,2026-06-09,3,1156.38
14322,3,37,2026-06-09,3,1394.7
14323,3,18,2026-06-09,2,401.68
14324,3,3,2026-06-09,1,424.51
14325,3,21,2026-06-09,4,1797.68
14326,3,28,2026-06-09,4,1369.8
14327,3,36,2026-06-09,2,602.96
14328,3,15,2026-06-09,3,355.14
14329,3,3,2026-06-09,5,2122.55
14330,4,39,2026-06-09,2,947.48
14331,4,8,2026-06-09,2,495.36
14332,4,6,2026-06-09,4,1773.2
14333,4,7,2026-06-09,5,1768.8
14334,4,11,2026-06-09,4,723.44
14335,4,17,2026-06-09,4,1755.2
14336,4,32,2026-06-09,4,1827.0
14337,5,25,2026-06-09,4,767.23
14338,5,21,2026-06-09,1,449.42
14339,5,5,2026-06-09,3,132.03
14340,5,29,2026-06-09,1,385.46
14341,5,24,2026-06-09,1,80.66
14342,6,4,2026-06-09,4,1464.88
14343,6,39,2026-06-09,5,2368.7
14344,6,28,2026-06-09,3,1027.35
14345,6,12,2026-06-09,2,613.04
14346,6,30,2026-06-09,2,440.42
14347,6,33,2026-06-09,5,1346.87
14348,6,34,2026-06-09,4,322.64
14349,6,36,2026-06-09,2,602.96
14350,7,26,2026-06-09,4,1128.98
14351,7,33,2026-06-09,1,152.65
14352,7,30,2026-06-09,3,374.36
14353,7,28,2026-06-09,2,388.11
14354,7,36,2026-06-09,3,512.52
14355,7,31,2026-06-09,3,826.34
14356,7,3,2026-06-09,5,1202.78
14357,7,3,2026-06-09,4,962.22
14358,7,7,2026-06-09,5,1002.32
14359,8,25,2026-06-09,5,959.04
14360,8,24,2026-06-09,2,161.32
14361,8,13,2026-06-09,5,429.4
14362,8,9,2026-06-09,3,1301.73
14363,9,15,2026-06-09,3,355.14
14364,9,18,2026-06-09,2,401.68
14365,9,12,2026-06-09,3,919.56
14366,9,30,2026-06-09,5,1101.05
14367,9,5,2026-06-09,4,176.04
14368,9,10,2026-06-09,1,319.66
14369,9,37,2026-06-09,1,464.9
14370,9,9,2026-06-09,4,1735.64
14371,10,38,2026-06-09,4,280.0
14372,10,35,2026-06-09,2,540.58
14373,10,25,2026-06-09,2,217.38
14374,10,12,2026-06-09,3,521.08
14375,10,36,2026-06-09,2,341.68
14376,10,38,2026-06-09,3,210.0
14377,10,30,2026-06-09,4,499.14
14378,10,25,2026-06-09,3,326.07
14379,11,14,2026-06-09,3,341.13
14380,11,20,2026-06-09,5,1358.95
14381,11,17,2026-06-09,3,1316.4
14382,11,9,2026-06-09,2,867.82
14383,11,3,2026-06-09,2,849.02
14384,11,27,2026-06-09,3,1293.27
14385,11,6,2026-06-09,5,2216.5
14386,11,13,2026-06-09,2,171.76
14387,11,20,2026-06-09,5,1358.95
14388,11,32,2026-06-09,5,2283.75
14389,11,33,2026-06-09,2,538.75
14390,12,32,2026-06-09,4,1827.0
14391,12,37,2026-06-09,5,2324.5
14392,12,36,2026-06-09,4,1205.92
14393,12,39,2026-06-09,1,473.74
14394,12,33,2026-06-09,3,808.12
14395,12,23,2026-06-09,5,250.0
14396,1,36,2026-06-10,4,1205.92
14397,1,28,2026-06-10,2,684.9
14398,1,6,2026-06-10,5,2216.5
14399,1,12,2026-06-10,3,919.56
14400,2,38,2026-06-10,5,617.65
14401,2,23,2026-06-10,4,200.0
14402,2,15,2026-06-10,4,473.52
14403,2,25,2026-06-10,5,954.87
14404,3,15,2026-06-10,3,355.14
14405,3,28,2026-06-10,1,342.45
14406,3,6,2026-06-10,4,1773.2
14407,3,25,2026-06-10,4,763.89
14408,3,14,2026-06-10,2,227.42
14409,3,30,2026-06-10,3,660.63
14410,3,4,2026-06-10,2,732.44
14411,3,19,2026-06-10,3,227.16
14412,3,8,2026-06-10,1,246.6
14413,3,15,2026-06-10,4,473.52
14414,3,23,2026-06-10,2,100.0
14415,3,17,2026-06-10,2,877.6
14416,3,37,2026-06-10,1,464.9
14417,3,19,2026-06-10,3,227.16
14418,4,22,2026-06-10,5,2493.4
14419,4,35,2026-06-10,4,1907.92
14420,4,35,2026-06-10,5,2384.9
14421,4,35,2026-06-10,2,953.96
14422,4,18,2026-06-10,3,602.52
14423,4,37,2026-06-10,3,1394.7
14424,4,7,2026-06-10,4,1415.04
14425,4,35,2026-06-10,3,1430.94
14426,5,29,2026-06-10,5,1927.3
14427,5,7,2026-06-10,2,707.52
14428,5,31,2026-06-10,2,972.16
14429,5,5,2026-06-10,5,220.05
14430,5,8,2026-06-10,5,1233.01
14431,5,33,2026-06-10,1,268.2
14432,5,22,2026-06-10,3,1496.04
14433,5,6,2026-06-10,1,443.3
14434,5,30,2026-06-10,2,440.42
14435,5,17,2026-06-10,5,2194.0
14436,5,6,2026-06-10,5,2216.5
14437,5,22,2026-06-10,3,1496.04
14438,6,27,2026-06-10,4,1724.36
14439,6,21,2026-06-10,4,1797.68
14440,6,8,2026-06-10,1,246.6
14441,6,38,2026-06-10,3,370.59
14442,6,30,2026-06-10,3,660.63
14443,6,27,2026-06-10,2,862.18
14444,7,23,2026-06-10,3,84.5
14445,7,26,2026-06-10,1,280.59
14446,7,10,2026-06-10,1,180.08
14447,7,1,2026-06-10,4,321.21
14448,7,38,2026-06-10,1,69.59
14449,8,27,2026-06-10,4,1724.36
14450,8,21,2026-06-10,2,898.84
14451,8,15,2026-06-10,4,473.52
14452,8,31,2026-06-10,4,1944.32
14453,8,21,2026-06-10,5,2247.1
14454,8,10,2026-06-10,2,639.32
14455,8,6,2026-06-10,5,2216.5
14456,8,26,2026-06-10,4,1992.32
14457,9,3,2026-06-10,3,1273.53
14458,9,34,2026-06-10,1,80.66
14459,9,9,2026-06-10,3,1301.73
14460,9,37,2026-06-10,4,1859.6
14461,9,8,2026-06-10,3,739.8
14462,9,9,2026-06-10,2,867.82
14463,9,23,2026-06-10,5,250.0
14464,9,12,2026-06-10,4,1226.08
14465,9,30,2026-06-10,3,660.63
14466,9,10,2026-06-10,2,639.32
14467,9,11,2026-06-10,5,904.3
14468,9,38,2026-06-10,2,247.06
14469,9,12,2026-06-10,3,919.56
14470,9,20,2026-06-10,1,271.79
14471,9,38,2026-06-10,1,123.53
14472,10,17,2026-06-10,3,741.57
14473,10,37,2026-06-10,5,1309.47
14474,10,20,2026-06-10,4,612.43
14475,11,35,2026-06-10,2,953.96
14476,11,27,2026-06-10,3,1293.27
14477,11,10,2026-06-10,4,1278.64
14478,11,5,2026-06-10,5,220.05
14479,11,38,2026-06-10,1,123.53
14480,11,6,2026-06-10,4,1773.2
14481,11,18,2026-06-10,3,602.52
14482,11,14,2026-06-10,4,454.84
14483,12,15,2026-06-10,3,355.14
14484,12,17,2026-06-10,5,2194.0
14485,12,13,2026-06-10,1,85.88
14486,12,17,2026-06-10,3,1316.4
14487,12,19,2026-06-10,3,227.16
14488,1,33,2026-06-11,5,1335.16
14489,1,33,2026-06-11,1,267.03
14490,1,16,2026-06-11,5,1017.9
14491,1,18,2026-06-11,1,200.84
14492,1,1,2026-06-11,2,285.1
14493,1,6,2026-06-11,4,1773.2
14494,1,18,2026-06-11,1,200.84
14495,1,3,2026-06-11,1,424.51
14496,1,27,2026-06-11,2,862.18
14497,1,38,2026-06-11,2,247.06
14498,1,39,2026-06-11,1,473.74
14499,1,21,2026-06-11,5,2247.1
14500,2,17,2026-06-11,2,877.6
14501,2,16,2026-06-11,1,203.58
14502,2,10,2026-06-11,3,958.98
14503,2,7,2026-06-11,3,1061.28
14504,2,21,2026-06-11,3,1348.26
14505,3,25,2026-06-11,4,760.56
14506,3,34,2026-06-11,3,241.98
14507,3,33,2026-06-11,1,267.03
14508,3,1,2026-06-11,4,570.2
14509,4,13,2026-06-11,5,429.4
14510,4,9,2026-06-11,1,433.91
14511,4,33,2026-06-11,5,1335.16
14512,4,35,2026-06-11,4,1907.92
14513,4,27,2026-06-11,4,1724.36
14514,4,6,2026-06-11,2,886.6
14515,4,17,2026-06-11,5,2194.0
14516,4,23,2026-06-11,1,50.0
14517,4,34,2026-06-11,2,161.32
14518,5,7,2026-06-11,2,707.52
14519,5,32,2026-06-11,1,456.75
14520,5,34,2026-06-11,3,241.98
14521,5,40,2026-06-11,2,817.86
14522,5,22,2026-06-11,2,997.36
14523,5,17,2026-06-11,1,438.8
14524,5,9,2026-06-11,5,2169.55
14525,5,19,2026-06-11,1,75.72
14526,5,38,2026-06-11,1,123.53
14527,5,20,2026-06-11,2,543.58
14528,6,16,2026-06-11,1,203.58
14529,6,22,2026-06-11,1,498.68
14530,6,26,2026-06-11,2,996.16
14531,6,29,2026-06-11,2,770.92
14532,6,8,2026-06-11,2,491.05
14533,6,4,2026-06-11,2,732.44
14534,6,20,2026-06-11,5,1358.95
14535,6,30,2026-06-11,3,660.63
14536,6,32,2026-06-11,3,1370.25
14537,6,23,2026-06-11,4,200.0
14538,7,37,2026-06-11,4,1041.38
14539,7,27,2026-06-11,1,241.41
14540,7,30,2026-06-11,5,616.59
14541,7,27,2026-06-11,3,724.23
14542,7,11,2026-06-11,4,405.13
14543,7,22,2026-06-11,1,279.26
14544,7,12,2026-06-11,4,686.6
14545,7,8,2026-06-11,5,687.47
14546,7,16,2026-06-11,1,114.0
14547,7,27,2026-06-11,1,241.41
14548,7,17,2026-06-11,2,491.46
14549,7,40,2026-06-11,5,1145.0
14550,7,31,2026-06-11,1,272.2
14551,7,2,2026-06-11,2,62.26
14552,7,37,2026-06-11,2,520.69
14553,8,37,2026-06-11,4,1859.6
14554,8,12,2026-06-11,1,306.52
14555,8,16,2026-06-11,3,610.74
14556,8,2,2026-06-11,1,55.59
14557,8,4,2026-06-11,5,1831.1
14558,8,13,2026-06-11,3,257.64
14559,8,25,2026-06-11,5,950.7
14560,8,15,2026-06-11,2,236.76
14561,8,16,2026-06-11,4,814.32
14562,8,35,2026-06-11,2,953.96
14563,8,32,2026-06-11,2,913.5
14564,8,28,2026-06-11,5,1712.25
14565,9,32,2026-06-11,5,2283.75
14566,9,23,2026-06-11,3,150.0
14567,9,13,2026-06-11,3,257.64
14568,10,27,2026-06-11,3,724.23
14569,10,36,2026-06-11,5,844.14
14570,10,6,2026-06-11,4,992.99
14571,10,13,2026-06-11,2,96.19
14572,10,5,2026-06-11,2,49.29
14573,10,13,2026-06-11,5,240.46
14574,10,26,2026-06-11,3,836.77
14575,10,13,2026-06-11,3,144.28
14576,10,30,2026-06-11,2,246.64
14577,10,39,2026-06-11,3,795.88
14578,10,12,2026-06-11,3,514.95
14579,11,34,2026-06-11,1,80.66
14580,11,36,2026-06-11,3,904.44
14581,11,20,2026-06-11,4,1087.16
14582,11,9,2026-06-11,1,433.91
14583,11,5,2026-06-11,4,176.04
14584,11,12,2026-06-11,5,1532.6
14585,11,26,2026-06-11,5,2490.4
14586,11,32,2026-06-11,4,1827.0
14587,11,34,2026-06-11,2,161.32
14588,12,9,2026-06-11,1,433.91
14589,12,33,2026-06-11,1,267.03
14590,12,38,2026-06-11,4,494.12
14591,12,1,2026-06-11,1,142.55
14592,12,22,2026-06-11,2,997.36
14593,1,39,2026-06-12,5,2368.7
14594,1,31,2026-06-12,3,1458.24
14595,1,7,2026-06-12,2,707.52
14596,1,26,2026-06-12,5,2490.4
14597,1,6,2026-06-12,3,1329.9
14598,1,3,2026-06-12,3,1273.53
14599,2,32,2026-06-12,1,456.75
14600,2,23,2026-06-12,2,100.0
14601,2,31,2026-06-12,5,2430.4
14602,2,39,2026-06-12,3,1421.22
14603,2,7,2026-06-12,2,707.52
14604,2,19,2026-06-12,5,378.6
14605,2,40,2026-06-12,1,408.93
14606,2,9,2026-06-12,3,1301.73
14607,2,22,2026-06-12,1,498.68
14608,2,20,2026-06-12,2,543.58
14609,3,32,2026-06-12,3,1370.25
14610,3,34,2026-06-12,2,161.32
14611,3,13,2026-06-12,4,343.52
14612,3,15,2026-06-12,4,473.52
14613,3,13,2026-06-12,3,257.64
14614,4,3,2026-06-12,4,1698.04
14615,4,19,2026-06-12,5,378.6
14616,4,18,2026-06-12,2,401.68
14617,4,39,2026-06-12,4,1894.96
14618,4,14,2026-06-12,4,454.84
14619,4,5,2026-06-12,5,220.05
14620,4,39,2026-06-12,5,2368.7
14621,4,8,2026-06-12,3,733.34
14622,4,3,2026-06-12,2,849.02
14623,4,6,2026-06-12,1,443.3
14624,5,21,2026-06-12,1,449.42
14625,5,12,2026-06-12,1,306.52
14626,5,19,2026-06-12,1,75.72
14627,5,15,2026-06-12,5,591.9
14628,5,21,2026-06-12,1,449.42
14629,5,5,2026-06-12,1,44.01
14630,5,18,2026-06-12,3,602.52
14631,5,35,2026-06-12,1,476.98
14632,5,40,2026-06-12,3,1226.79
14633,5,19,2026-06-12,4,302.88
14634,5,11,2026-06-12,4,723.44
14635,5,22,2026-06-12,5,2493.4
14636,6,35,2026-06-12,1,476.98
14637,6,18,2026-06-12,1,200.84
14638,6,15,2026-06-12,3,355.14
14639,6,11,2026-06-12,2,361.72
14640,6,24,2026-06-12,2,161.32
14641,7,40,2026-06-12,3,682.91
14642,7,16,2026-06-12,1,113.33
14643,7,7,2026-06-12,3,590.78
14644,7,31,2026-06-12,4,1082.34
14645,7,24,2026-06-12,1,44.9
14646,7,35,2026-06-12,3,796.56
14647,7,29,2026-06-12,1,214.57
14648,7,25,2026-06-12,1,105.38
14649,7,20,2026-06-12,3,453.89
14650,8,2,2026-06-12,3,166.77
14651,8,1,2026-06-12,4,570.2
14652,8,20,2026-06-12,2,543.58
14653,8,11,2026-06-12,1,180.86
14654,8,24,2026-06-12,1,80.66
14655,9,2,2026-06-12,2,111.18
14656,9,20,2026-06-12,1,271.79
14657,9,4,2026-06-12,1,366.22
14658,9,19,2026-06-12,1,75.72
14659,9,27,2026-06-12,2,862.18
14660,9,6,2026-06-12,4,1773.2
14661,9,34,2026-06-12,5,403.3
14662,9,24,2026-06-12,5,403.3
14663,9,19,2026-06-12,3,227.16
14664,9,6,2026-06-12,3,1329.9
14665,10,12,2026-06-12,5,853.15
14666,10,12,2026-06-12,4,682.52
14667,10,36,2026-06-12,1,167.82
14668,11,14,2026-06-12,2,227.42
14669,11,2,2026-06-12,2,111.18
14670,11,10,2026-06-12,1,319.66
14671,11,5,2026-06-12,4,176.04
14672,11,35,2026-06-12,4,1907.92
14673,11,6,2026-06-12,1,443.3
14674,11,15,2026-06-12,1,118.38
14675,11,33,2026-06-12,4,1063.44
14676,11,32,2026-06-12,4,1827.0
14677,11,7,2026-06-12,4,1415.04
14678,11,4,2026-06-12,4,1464.88
14679,11,22,2026-06-12,2,997.36
14680,11,21,2026-06-12,1,449.42
14681,11,6,2026-06-12,5,2216.5
14682,12,11,2026-06-12,1,180.86
14683,12,8,2026-06-12,3,733.34
14684,12,29,2026-06-12,3,1156.38
14685,1,3,2026-06-13,4,1698.04
14686,1,11,2026-06-13,2,361.72
14687,1,35,2026-06-13,3,1430.94
14688,1,3,2026-06-13,1,424.51
14689,1,12,2026-06-13,3,919.56
14690,1,10,2026-06-13,2,639.32
14691,1,2,2026-06-13,2,111.18
14692,1,27,2026-06-13,4,1724.36
14693,1,30,2026-06-13,1,220.21
14694,1,30,2026-06-13,1,220.21
14695,1,20,2026-06-13,5,1358.95
14696,1,26,2026-06-13,4,1992.32
14697,1,40,2026-06-13,5,2044.65
14698,1,29,2026-06-13,4,1541.84
14699,2,23,2026-06-13,2,100.0
14700,2,23,2026-06-13,1,50.0
14701,2,25,2026-06-13,3,565.41
14702,2,37,2026-06-13,3,1394.7
14703,2,8,2026-06-13,1,243.37
14704,2,4,2026-06-13,5,1831.1
14705,2,15,2026-06-13,3,355.14
14706,2,21,2026-06-13,4,1797.68
14707,2,9,2026-06-13,4,1735.64
14708,2,19,2026-06-13,5,378.6
14709,2,35,2026-06-13,2,953.96
14710,2,34,2026-06-13,3,241.98
14711,2,7,2026-06-13,3,1061.28
14712,2,23,2026-06-13,5,250.0
14713,2,19,2026-06-13,5,378.6
14714,3,4,2026-06-13,3,1098.66
14715,3,38,2026-06-13,3,370.59
14716,3,8,2026-06-13,4,973.48
14717,3,26,2026-06-13,2,996.16
14718,3,38,2026-06-13,5,617.65
14719,4,28,2026-06-13,3,1027.35
14720,4,31,2026-06-13,4,1944.32
14721,4,33,2026-06-13,3,794.07
14722,4,18,2026-06-13,3,602.52
14723,4,6,2026-06-13,2,886.6
14724,4,33,2026-06-13,4,1058.76
14725,4,32,2026-06-13,5,2283.75
14726,4,2,2026-06-13,4,222.36
14727,4,23,2026-06-13,3,150.0
14728,5,6,2026-06-13,1,443.3
14729,5,19,2026-06-13,5,378.6
14730,5,18,2026-06-13,3,602.52
14731,5,15,2026-06-13,2,236.76
14732,5,35,2026-06-13,3,1430.94
14733,5,20,2026-06-13,3,815.37
14734,5,35,2026-06-13,4,1907.92
14735,5,37,2026-06-13,4,1859.6
14736,5,1,2026-06-13,5,712.75
14737,6,2,2026-06-13,2,111.18
14738,6,36,2026-06-13,1,301.48
14739,6,27,2026-06-13,3,1293.27
14740,6,6,2026-06-13,5,2216.5
14741,6,2,2026-06-13,2,111.18
14742,6,31,2026-06-13,5,2430.4
14743,6,22,2026-06-13,3,1496.04
14744,6,32,2026-06-13,5,2283.75
14745,6,4,2026-06-13,2,732.44
14746,6,9,2026-06-13,5,2169.55
14747,6,9,2026-06-13,2,867.82
14748,6,17,2026-06-13,2,877.6
14749,6,3,2026-06-13,4,1698.04
14750,7,36,2026-06-13,4,667.28
14751,7,20,2026-06-13,1,150.39
14752,7,2,2026-06-13,5,153.8
14753,7,2,2026-06-13,5,153.8
14754,8,32,2026-06-13,5,2283.75
14755,8,23,2026-06-13,1,50.0
14756,8,16,2026-06-13,5,1017.9
14757,9,34,2026-06-13,3,241.98
14758,9,36,2026-06-13,5,1507.4
14759,9,40,2026-06-13,2,817.86
14760,10,9,2026-06-13,2,480.19
14761,10,4,2026-06-13,3,607.93
14762,10,7,2026-06-13,4,782.99
14763,10,32,2026-06-13,1,252.74
14764,10,31,2026-06-13,3,806.89
14765,10,38,2026-06-13,3,205.06
14766,10,21,2026-06-13,5,1243.4
14767,10,33,2026-06-13,4,585.85
14768,10,19,2026-06-13,5,209.49
14769,10,10,2026-06-13,4,707.51
14770,10,1,2026-06-13,2,157.76
14771,10,27,2026-06-13,5,1192.68
14772,10,7,2026-06-13,3,587.24
14773,10,18,2026-06-13,4,444.53
14774,11,19,2026-06-13,1,75.72
14775,11,28,2026-06-13,2,684.9
14776,11,9,2026-06-13,4,1735.64
14777,11,7,2026-06-13,2,707.52
14778,11,25,2026-06-13,2,376.94
14779,11,16,2026-06-13,1,203.58
14780,11,23,2026-06-13,5,250.0
14781,11,21,2026-06-13,1,449.42
14782,11,32,2026-06-13,4,1827.0
14783,11,25,2026-06-13,2,376.94
14784,11,12,2026-06-13,1,306.52
14785,11,12,2026-06-13,3,919.56
14786,11,1,2026-06-13,2,285.1
14787,11,6,2026-06-13,4,1773.2
14788,12,28,2026-06-13,2,684.9
14789,12,18,2026-06-13,5,1004.2
14790,12,12,2026-06-13,1,306.52
14791,12,7,2026-06-13,2,707.52
14792,12,32,2026-06-13,1,456.75
14793,12,12,2026-06-13,1,306.52
14794,12,29,2026-06-13,1,385.46
14795,1,14,2026-06-14,1,113.71
14796,1,6,2026-06-14,2,886.6
14797,1,4,2026-06-14,2,732.44
14798,1,39,2026-06-14,1,473.74
14799,1,16,2026-06-14,1,203.58
14800,1,39,2026-06-14,3,1421.22
14801,1,14,2026-06-14,4,454.84
14802,2,26,2026-06-14,4,1992.32
14803,2,23,2026-06-14,3,150.0
14804,2,23,2026-06-14,4,200.0
14805,2,9,2026-06-14,1,433.91
14806,3,24,2026-06-14,5,403.3
14807,3,27,2026-06-14,3,1293.27
14808,3,33,2026-06-14,3,790.56
14809,3,29,2026-06-14,4,1541.84
14810,3,18,2026-06-14,3,602.52
14811,3,39,2026-06-14,2,947.48
14812,3,18,2026-06-14,3,602.52
14813,3,1,2026-06-14,4,570.2
14814,3,33,2026-06-14,5,1317.59
14815,3,28,2026-06-14,5,1712.25
14816,3,39,2026-06-14,4,1894.96
14817,3,9,2026-06-14,5,2169.55
14818,3,25,2026-06-14,5,938.19
14819,3,18,2026-06-14,1,200.84
14820,4,14,2026-06-14,4,454.84
14821,4,39,2026-06-14,1,473.74
14822,4,25,2026-06-14,4,750.55
14823,4,5,2026-06-14,3,132.03
14824,4,26,2026-06-14,3,1494.24
14825,4,15,2026-06-14,1,118.38
14826,4,30,2026-06-14,3,660.63
14827,4,33,2026-06-14,4,1054.08
14828,4,29,2026-06-14,4,1541.84
14829,4,24,2026-06-14,5,403.3
14830,4,9,2026-06-14,1,433.91
14831,4,30,2026-06-14,4,880.84
14832,4,8,2026-06-14,5,1211.47
14833,5,13,2026-06-14,3,257.64
14834,5,39,2026-06-14,4,1894.96
14835,5,20,2026-06-14,1,271.79
14836,5,28,2026-06-14,4,1369.8
14837,5,32,2026-06-14,1,456.75
14838,5,6,2026-06-14,4,1773.2
14839,5,18,2026-06-14,1,200.84
14840,5,20,2026-06-14,4,1087.16
14841,5,24,2026-06-14,3,241.98
14842,5,24,2026-06-14,5,403.3
14843,5,27,2026-06-14,1,431.09
14844,5,25,2026-06-14,1,187.64
14845,6,29,2026-06-14,1,385.46
14846,6,14,2026-06-14,4,454.84
14847,6,37,2026-06-14,4,1859.6
14848,6,11,2026-06-14,3,542.58
14849,6,3,2026-06-14,2,849.02
14850,6,18,2026-06-14,5,1004.2
14851,7,26,2026-06-14,1,273.94
14852,7,30,2026-06-14,3,363.35
14853,7,25,2026-06-14,3,309.6
14854,7,4,2026-06-14,5,1007.11
14855,7,15,2026-06-14,4,260.44
14856,7,24,2026-06-14,2,88.73
14857,7,1,2026-06-14,5,392.01
14858,7,21,2026-06-14,4,988.72
14859,7,12,2026-06-14,1,168.59
14860,7,1,2026-06-14,1,78.4
14861,8,2,2026-06-14,2,111.18
14862,8,34,2026-06-14,5,403.3
14863,8,4,2026-06-14,1,366.22
14864,8,13,2026-06-14,5,429.4
14865,8,40,2026-06-14,4,1635.72
14866,8,11,2026-06-14,1,180.86
14867,8,30,2026-06-14,5,1101.05
14868,8,11,2026-06-14,2,361.72
14869,8,32,2026-06-14,4,1827.0
14870,8,5,2026-06-14,3,132.03
14871,8,5,2026-06-14,5,220.05
14872,8,26,2026-06-14,4,1992.32
14873,8,9,2026-06-14,5,2169.55
14874,9,19,2026-06-14,1,75.72
14875,9,9,2026-06-14,3,1301.73
14876,9,20,2026-06-14,5,1358.95
14877,9,1,2026-06-14,1,142.55
14878,9,1,2026-06-14,5,712.75
14879,9,8,2026-06-14,4,969.18
14880,9,31,2026-06-14,2,972.16
14881,9,1,2026-06-14,4,570.2
14882,9,6,2026-06-14,3,1329.9
14883,9,7,2026-06-14,2,707.52
14884,9,12,2026-06-14,1,306.52
14885,9,40,2026-06-14,3,1226.79
14886,9,39,2026-06-14,5,2368.7
14887,10,4,2026-06-14,4,805.68
14888,10,14,2026-06-14,1,62.54
14889,10,17,2026-06-14,2,482.68
14890,10,22,2026-06-14,1,274.27
14891,10,20,2026-06-14,2,298.97
14892,10,24,2026-06-14,4,177.45
14893,10,27,2026-06-14,4,948.4
14894,10,8,2026-06-14,2,266.52
14895,11,31,2026-06-14,4,1944.32
14896,11,10,2026-06-14,2,639.32
14897,11,25,2026-06-14,4,750.55
14898,12,24,2026-06-14,3,241.98
14899,12,11,2026-06-14,2,361.72
14900,12,27,2026-06-14,2,862.18
14901,1,22,2026-06-15,5,2493.4
14902,1,30,2026-06-15,4,880.84
14903,1,17,2026-06-15,2,877.6
14904,1,31,2026-06-15,4,1944.32
14905,1,14,2026-06-15,1,113.71
14906,1,2,2026-06-15,1,55.59
14907,1,32,2026-06-15,2,913.5
14908,1,8,2026-06-15,2,482.43
14909,2,24,2026-06-15,5,403.3
14910,2,3,2026-06-15,5,2122.55
14911,2,39,2026-06-15,1,473.74
14912,2,40,2026-06-15,4,1635.72
14913,2,1,2026-06-15,4,570.2
14914,3,34,2026-06-15,4,322.64
14915,3,15,2026-06-15,1,118.38
14916,3,34,2026-06-15,5,403.3
14917,3,35,2026-06-15,3,1430.94
14918,3,8,2026-06-15,5,1206.08
14919,3,37,2026-06-15,1,464.9
14920,3,20,2026-06-15,4,1087.16
14921,3,36,2026-06-15,4,1205.92
14922,4,11,2026-06-15,3,542.58
14923,4,16,2026-06-15,4,814.32
14924,4,35,2026-06-15,5,2384.9
14925,5,1,2026-06-15,4,570.2
14926,5,23,2026-06-15,1,50.0
14927,5,21,2026-06-15,1,449.42
14928,5,2,2026-06-15,1,55.59
14929,5,24,2026-06-15,3,241.98
14930,5,27,2026-06-15,3,1293.27
14931,5,26,2026-06-15,4,1992.32
14932,5,19,2026-06-15,4,302.88
14933,5,36,2026-06-15,5,1507.4
14934,5,21,2026-06-15,2,898.84
14935,5,21,2026-06-15,2,898.84
14936,5,31,2026-06-15,1,486.08
14937,5,21,2026-06-15,1,449.42
14938,5,34,2026-06-15,2,161.32
14939,6,2,2026-06-15,5,277.95
14940,6,31,2026-06-15,2,972.16
14941,6,35,2026-06-15,2,953.96
14942,6,28,2026-06-15,4,1369.8
14943,7,37,2026-06-15,5,1270.73
14944,7,2,2026-06-15,3,91.17
14945,7,29,2026-06-15,5,1053.59
14946,7,22,2026-06-15,3,817.84
14947,7,36,2026-06-15,4,659.24
14948,7,30,2026-06-15,1,120.38
14949,7,17,2026-06-15,2,479.75
14950,7,30,2026-06-15,5,601.91
14951,7,3,2026-06-15,4,928.26
14952,7,27,2026-06-15,1,235.66
14953,7,19,2026-06-15,5,206.97
14954,7,2,2026-06-15,1,30.39
14955,7,24,2026-06-15,2,88.19
14956,8,30,2026-06-15,2,440.42
14957,8,38,2026-06-15,3,370.59
14958,8,11,2026-06-15,2,361.72
14959,8,27,2026-06-15,4,1724.36
14960,8,18,2026-06-15,1,200.84
14961,8,6,2026-06-15,3,1329.9
14962,9,40,2026-06-15,5,2044.65
14963,9,7,2026-06-15,1,353.76
14964,9,35,2026-06-15,1,476.98
14965,10,2,2026-06-15,3,91.17
14966,10,28,2026-06-15,5,936.03
14967,10,4,2026-06-15,5,1001.0
14968,10,28,2026-06-15,1,187.21
14969,10,3,2026-06-15,3,696.2
14970,10,9,2026-06-15,2,474.41
14971,10,18,2026-06-15,3,329.38
14972,10,10,2026-06-15,2,349.49
14973,10,38,2026-06-15,4,270.12
14974,10,33,2026-06-15,2,286.83
14975,10,9,2026-06-15,2,474.41
14976,11,32,2026-06-15,4,1827.0
14977,11,32,2026-06-15,4,1827.0
14978,11,22,2026-06-15,4,1994.72
14979,11,20,2026-06-15,2,543.58
14980,11,8,2026-06-15,1,241.22
14981,11,19,2026-06-15,2,151.44
14982,11,18,2026-06-15,4,803.36
14983,11,18,2026-06-15,5,1004.2
14984,11,6,2026-06-15,5,2216.5
14985,11,28,2026-06-15,1,342.45
14986,11,35,2026-06-15,2,953.96
14987,11,3,2026-06-15,2,849.02
14988,11,22,2026-06-15,5,2493.4
14989,12,5,2026-06-15,1,44.01
14990,12,39,2026-06-15,4,1894.96
14991,12,14,2026-06-15,5,568.55
14992,12,10,2026-06-15,1,319.66
14993,12,12,2026-06-15,5,1532.6
14994,1,19,2026-06-16,2,151.44
14995,1,1,2026-06-16,4,570.2
14996,1,27,2026-06-16,3,1293.27
14997,1,20,2026-06-16,2,543.58
14998,1,8,2026-06-16,3,720.42
14999,2,1,2026-06-16,1,142.55
15000,2,15,2026-06-16,4,473.52
15001,2,36,2026-06-16,1,301.48
15002,2,39,2026-06-16,3,1421.22
15003,2,23,2026-06-16,4,200.0
15004,2,35,2026-06-16,1,476.98
15005,2,20,2026-06-16,2,543.58
15006,2,29,2026-06-16,3,1156.38
15007,2,21,2026-06-16,4,1797.68
15008,3,30,2026-06-16,5,1101.05
15009,3,35,2026-06-16,2,953.96
15010,3,33,2026-06-16,2,522.35
15011,3,29,2026-06-16,4,1541.84
15012,3,31,2026-06-16,5,2430.4
15013,3,10,2026-06-16,5,1598.3
15014,3,8,2026-06-16,4,960.56
15015,3,28,2026-06-16,2,684.9
15016,3,31,2026-06-16,2,972.16
15017,3,13,2026-06-16,5,429.4
15018,4,3,2026-06-16,3,1273.53
15019,4,18,2026-06-16,4,803.36
15020,4,21,2026-06-16,1,449.42
15021,4,7,2026-06-16,4,1415.04
15022,4,7,2026-06-16,5,1768.8
15023,4,33,2026-06-16,1,261.18
15024,4,34,2026-06-16,4,322.64
15025,4,39,2026-06-16,1,473.74
15026,4,6,2026-06-16,5,2216.5
15027,4,13,2026-06-16,1,85.88
15028,4,34,2026-06-16,2,161.32
15029,5,1,2026-06-16,1,142.55
15030,5,10,2026-06-16,3,958.98
15031,5,39,2026-06-16,3,1421.22
15032,5,20,2026-06-16,4,1087.16
15033,5,17,2026-06-16,3,1316.4
15034,5,16,2026-06-16,4,814.32
15035,5,3,2026-06-16,3,1273.53
15036,5,28,2026-06-16,3,1027.35
15037,5,26,2026-06-16,5,2490.4
15038,5,18,2026-06-16,5,1004.2
15039,5,39,2026-06-16,3,1421.22
15040,5,13,2026-06-16,3,257.64
15041,5,5,2026-06-16,4,176.04
15042,5,22,2026-06-16,5,2493.4
15043,5,28,2026-06-16,4,1369.8
15044,6,23,2026-06-16,5,250.0
15045,6,35,2026-06-16,5,2384.9
15046,6,6,2026-06-16,5,2216.5
15047,6,26,2026-06-16,5,2490.4
15048,6,30,2026-06-16,5,1101.05
15049,6,5,2026-06-16,2,88.02
15050,6,16,2026-06-16,4,814.32
15051,6,32,2026-06-16,3,1370.25
15052,6,30,2026-06-16,1,220.21
15053,7,5,2026-06-16,4,95.65
15054,7,22,2026-06-16,3,812.85
15055,7,22,2026-06-16,5,1354.75
15056,7,29,2026-06-16,5,1047.17
15057,7,25,2026-06-16,5,505.22
15058,7,37,2026-06-16,1,252.6
15059,7,35,2026-06-16,3,777.48
15060,7,16,2026-06-16,3,331.84
15061,7,19,2026-06-16,3,123.42
15062,7,35,2026-06-16,3,777.48
15063,7,32,2026-06-16,5,1240.84
15064,7,4,2026-06-16,5,994.9
15065,7,17,2026-06-16,2,476.83
15066,7,5,2026-06-16,3,71.74
15067,8,14,2026-06-16,2,227.42
15068,8,30,2026-06-16,5,1101.05
15069,8,22,2026-06-16,2,997.36
15070,8,4,2026-06-16,3,1098.66
15071,8,36,2026-06-16,3,904.44
15072,8,24,2026-06-16,2,161.32
15073,8,12,2026-06-16,3,919.56
15074,8,25,2026-06-16,5,929.85
15075,9,37,2026-06-16,4,1859.6
15076,9,6,2026-06-16,3,1329.9
15077,9,21,2026-06-16,3,1348.26
15078,9,12,2026-06-16,5,1532.6
15079,9,9,2026-06-16,4,1735.64
15080,9,40,2026-06-16,2,817.86
15081,9,9,2026-06-16,5,2169.55
15082,9,25,2026-06-16,2,371.94
15083,9,38,2026-06-16,3,370.59
15084,9,14,2026-06-16,2,227.42
15085,9,36,2026-06-16,3,904.44
15086,9,28,2026-06-16,5,1712.25
15087,9,4,2026-06-16,5,1831.1
15088,10,19,2026-06-16,2,82.28
15089,10,3,2026-06-16,4,922.6
15090,10,22,2026-06-16,5,1354.75
15091,10,8,2026-06-16,5,652.38
15092,10,6,2026-06-16,2,481.72
15093,10,20,2026-06-16,1,147.67
15094,10,34,2026-06-16,3,131.48
15095,10,1,2026-06-16,2,154.9
15096,11,6,2026-06-16,5,2216.5
15097,11,35,2026-06-16,3,1430.94
15098,11,32,2026-06-16,2,913.5
15099,11,21,2026-06-16,4,1797.68
15100,11,18,2026-06-16,3,602.52
15101,11,1,2026-06-16,2,285.1
15102,12,6,2026-06-16,4,1773.2
15103,12,27,2026-06-16,3,1293.27
15104,12,9,2026-06-16,5,2169.55
15105,12,2,2026-06-16,4,222.36
15106,12,11,2026-06-16,5,904.3
15107,12,27,2026-06-16,3,1293.27
15108,12,39,2026-06-16,2,947.48
15109,12,13,2026-06-16,3,257.64
15110,12,12,2026-06-16,5,1532.6
15111,1,8,2026-06-17,3,717.19
15112,1,33,2026-06-17,1,260.01
15113,1,27,2026-06-17,4,1724.36
15114,1,13,2026-06-17,5,429.4
15115,2,5,2026-06-17,1,44.01
15116,2,18,2026-06-17,1,200.84
15117,2,12,2026-06-17,2,613.04
15118,2,16,2026-06-17,3,610.74
15119,2,11,2026-06-17,4,723.44
15120,2,28,2026-06-17,4,1369.8
15121,2,9,2026-06-17,5,2169.55
15122,2,31,2026-06-17,5,2430.4
15123,2,2,2026-06-17,3,166.77
15124,3,13,2026-06-17,5,429.4
15125,3,28,2026-06-17,4,1369.8
15126,3,13,2026-06-17,2,171.76
15127,3,36,2026-06-17,3,904.44
15128,3,8,2026-06-17,1,239.06
15129,3,26,2026-06-17,4,1992.32
15130,3,30,2026-06-17,4,880.84
15131,3,17,2026-06-17,5,2194.0
15132,3,15,2026-06-17,1,118.38
15133,3,40,2026-06-17,4,1635.72
15134,3,20,2026-06-17,4,1087.16
15135,4,18,2026-06-17,3,602.52
15136,4,19,2026-06-17,1,75.72
15137,4,23,2026-06-17,2,100.0
15138,4,6,2026-06-17,2,886.6
15139,4,3,2026-06-17,1,424.51
15140,4,35,2026-06-17,3,1430.94
15141,4,5,2026-06-17,1,44.01
15142,4,31,2026-06-17,1,486.08
15143,4,23,2026-06-17,1,50.0
15144,5,16,2026-06-17,1,203.58
15145,5,32,2026-06-17,5,2283.75
15146,5,24,2026-06-17,5,403.3
15147,5,13,2026-06-17,3,257.64
15148,5,13,2026-06-17,2,171.76
15149,5,29,2026-06-17,1,385.46
15150,5,17,2026-06-17,4,1755.2
15151,6,26,2026-06-17,1,498.08
15152,6,35,2026-06-17,5,2384.9
15153,6,26,2026-06-17,1,498.08
15154,6,26,2026-06-17,1,498.08
15155,6,32,2026-06-17,1,456.75
15156,6,25,2026-06-17,3,555.41
15157,7,13,2026-06-17,3,139.13
15158,7,6,2026-06-17,3,718.15
15159,7,17,2026-06-17,4,947.81
15160,7,18,2026-06-17,2,216.91
15161,7,23,2026-06-17,2,54.0
15162,7,2,2026-06-17,2,60.04
15163,7,2,2026-06-17,5,150.09
15164,7,8,2026-06-17,5,645.47
15165,7,19,2026-06-17,5,204.44
15166,7,1,2026-06-17,3,230.93
15167,7,8,2026-06-17,5,645.47
15168,7,32,2026-06-17,3,739.94
15169,8,14,2026-06-17,2,227.42
15170,8,19,2026-06-17,1,75.72
15171,8,40,2026-06-17,5,2044.65
15172,8,2,2026-06-17,5,277.95
15173,8,21,2026-06-17,3,1348.26
15174,8,12,2026-06-17,2,613.04
15175,9,14,2026-06-17,4,454.84
15176,9,9,2026-06-17,2,867.82
15177,9,21,2026-06-17,5,2247.1
15178,9,5,2026-06-17,5,220.05
15179,9,22,2026-06-17,1,498.68
15180,10,37,2026-06-17,1,251.05
15181,10,39,2026-06-17,5,1279.1
15182,10,35,2026-06-17,5,1287.85
15183,10,39,2026-06-17,3,767.46
15184,10,32,2026-06-17,4,986.58
15185,11,18,2026-06-17,1,200.84
15186,11,2,2026-06-17,2,111.18
15187,11,14,2026-06-17,4,454.84
15188,11,34,2026-06-17,2,161.32
15189,12,40,2026-06-17,4,1635.72
15190,12,11,2026-06-17,5,904.3
15191,12,22,2026-06-17,2,997.36
15192,12,11,2026-06-17,2,361.72
15193,12,10,2026-06-17,2,639.32
15194,12,2,2026-06-17,3,166.77
15195,1,9,2026-06-18,1,433.91
15196,1,39,2026-06-18,2,947.48
15197,1,31,2026-06-18,3,1458.24
15198,1,9,2026-06-18,4,1735.64
15199,2,7,2026-06-18,5,1768.8
15200,2,9,2026-06-18,4,1735.64
15201,2,24,2026-06-18,4,322.64
15202,2,23,2026-06-18,2,100.0
15203,2,27,2026-06-18,2,862.18
15204,2,11,2026-06-18,1,180.86
15205,2,21,2026-06-18,1,449.42
15206,2,8,2026-06-18,4,951.95
15207,2,20,2026-06-18,4,1087.16
15208,2,23,2026-06-18,4,200.0
15209,2,19,2026-06-18,2,151.44
15210,2,8,2026-06-18,4,951.95
15211,3,22,2026-06-18,4,1994.72
15212,3,21,2026-06-18,1,449.42
15213,3,30,2026-06-18,5,1101.05
15214,3,8,2026-06-18,3,713.96
15215,3,15,2026-06-18,2,236.76
15216,3,26,2026-06-18,4,1992.32
15217,3,23,2026-06-18,4,200.0
15218,3,25,2026-06-18,5,921.51
15219,3,30,2026-06-18,3,660.63
15220,3,4,2026-06-18,3,1098.66
15221,3,38,2026-06-18,1,123.53
15222,3,31,2026-06-18,4,1944.32
15223,4,35,2026-06-18,5,2384.9
15224,4,31,2026-06-18,4,1944.32
15225,4,15,2026-06-18,4,473.52
15226,4,10,2026-06-18,5,1598.3
15227,4,8,2026-06-18,2,475.97
15228,4,16,2026-06-18,3,610.74
15229,4,19,2026-06-18,2,151.44
15230,4,7,2026-06-18,1,353.76
15231,4,29,2026-06-18,5,1927.3
15232,4,29,2026-06-18,4,1541.84
15233,4,37,2026-06-18,2,929.8
15234,5,22,2026-06-18,4,1994.72
15235,5,19,2026-06-18,2,151.44
15236,5,16,2026-06-18,2,407.16
15237,5,14,2026-06-18,3,341.13
15238,5,30,2026-06-18,3,660.63
15239,5,32,2026-06-18,4,1827.0
15240,5,9,2026-06-18,3,1301.73
15241,5,20,2026-06-18,2,543.58
15242,5,14,2026-06-18,3,341.13
15243,5,21,2026-06-18,2,898.84
15244,5,25,2026-06-18,4,737.21
15245,5,31,2026-06-18,5,2430.4
15246,5,28,2026-06-18,4,1369.8
15247,5,18,2026-06-18,1,200.84
15248,5,10,2026-06-18,5,1598.3
15249,6,17,2026-06-18,1,438.8
15250,6,28,2026-06-18,4,1369.8
15251,6,9,2026-06-18,1,433.91
15252,6,25,2026-06-18,4,737.21
15253,6,6,2026-06-18,5,2216.5
15254,6,23,2026-06-18,3,150.0
15255,7,6,2026-06-18,4,951.62
15256,7,16,2026-06-18,1,109.25
15257,7,39,2026-06-18,4,1016.96
15258,7,33,2026-06-18,4,555.63
15259,7,4,2026-06-18,4,786.15
15260,7,27,2026-06-18,4,925.41
15261,7,13,2026-06-18,1,46.09
15262,7,28,2026-06-18,4,735.13
15263,8,4,2026-06-18,3,1098.66
15264,8,6,2026-06-18,2,886.6
15265,8,7,2026-06-18,3,1061.28
15266,8,14,2026-06-18,3,341.13
15267,8,2,2026-06-18,3,166.77
15268,8,39,2026-06-18,4,1894.96
15269,8,1,2026-06-18,2,285.1
15270,9,34,2026-06-18,2,161.32
15271,9,4,2026-06-18,5,1831.1
15272,9,9,2026-06-18,5,2169.55
15273,9,16,2026-06-18,5,1017.9
15274,9,20,2026-06-18,5,1358.95
15275,10,26,2026-06-18,2,534.61
15276,10,29,2026-06-18,1,206.86
15277,10,28,2026-06-18,4,735.13
15278,10,6,2026-06-18,3,713.71
15279,10,18,2026-06-18,1,107.78
15280,10,19,2026-06-18,2,81.27
15281,10,3,2026-06-18,1,227.82
15282,10,40,2026-06-18,2,438.92
15283,10,36,2026-06-18,1,161.79
15284,10,27,2026-06-18,5,1156.76
15285,10,7,2026-06-18,5,949.26
15286,10,4,2026-06-18,1,196.54
15287,10,6,2026-06-18,3,713.71
15288,10,30,2026-06-18,1,118.18
15289,10,15,2026-06-18,5,317.65
15290,11,21,2026-06-18,4,1797.68
15291,11,3,2026-06-18,2,849.02
15292,11,13,2026-06-18,3,257.64
15293,11,1,2026-06-18,2,285.1
15294,11,39,2026-06-18,4,1894.96
15295,11,2,2026-06-18,3,166.77
15296,11,36,2026-06-18,2,602.96
15297,12,24,2026-06-18,4,322.64
15298,12,35,2026-06-18,3,1430.94
15299,12,18,2026-06-18,2,401.68
15300,12,30,2026-06-18,5,1101.05
15301,12,36,2026-06-18,1,301.48
15302,12,17,2026-06-18,2,877.6
15303,1,12,2026-06-19,5,1532.6
15304,1,27,2026-06-19,1,431.09
15305,1,21,2026-06-19,5,2247.1
15306,1,26,2026-06-19,2,996.16
15307,2,38,2026-06-19,5,617.65
15308,2,39,2026-06-19,4,1894.96
15309,2,30,2026-06-19,4,880.84
15310,2,2,2026-06-19,2,111.18
15311,2,2,2026-06-19,2,111.18
15312,2,30,2026-06-19,1,220.21
15313,2,26,2026-06-19,2,996.16
15314,3,40,2026-06-19,1,408.93
15315,3,21,2026-06-19,1,449.42
15316,3,6,2026-06-19,1,443.3
15317,3,25,2026-06-19,3,550.4
15318,3,1,2026-06-19,2,285.1
15319,3,27,2026-06-19,5,2155.45
15320,3,22,2026-06-19,1,498.68
15321,3,7,2026-06-19,4,1415.04
15322,3,33,2026-06-19,5,1288.31
15323,3,29,2026-06-19,3,1156.38
15324,3,17,2026-06-19,2,877.6
15325,3,3,2026-06-19,2,849.02
15326,4,17,2026-06-19,2,877.6
15327,4,25,2026-06-19,2,366.94
15328,4,13,2026-06-19,1,85.88
15329,4,27,2026-06-19,3,1293.27
15330,4,21,2026-06-19,2,898.84
15331,4,9,2026-06-19,3,1301.73
15332,4,20,2026-06-19,5,1358.95
15333,4,8,2026-06-19,1,236.91
15334,4,4,2026-06-19,5,1831.1
15335,4,39,2026-06-19,5,2368.7
15336,4,5,2026-06-19,1,44.01
15337,5,7,2026-06-19,2,707.52
15338,5,8,2026-06-19,2,473.82
15339,5,34,2026-06-19,1,80.66
15340,5,2,2026-06-19,4,222.36
15341,5,17,2026-06-19,2,877.6
15342,5,19,2026-06-19,2,151.44
15343,5,20,2026-06-19,2,543.58
15344,5,9,2026-06-19,5,2169.55
15345,5,39,2026-06-19,3,1421.22
15346,6,31,2026-06-19,3,1458.24
15347,6,18,2026-06-19,4,803.36
15348,6,8,2026-06-19,2,473.82
15349,6,10,2026-06-19,4,1278.64
15350,6,8,2026-06-19,2,473.82
15351,6,32,2026-06-19,1,456.75
15352,6,35,2026-06-19,2,953.96
15353,6,7,2026-06-19,2,707.52
15354,6,30,2026-06-19,5,1101.05
15355,6,6,2026-06-19,1,443.3
15356,6,24,2026-06-19,1,80.66
15357,6,20,2026-06-19,4,1087.16
15358,7,3,2026-06-19,1,226.41
15359,7,18,2026-06-19,3,321.34
15360,7,3,2026-06-19,4,905.62
15361,7,18,2026-06-19,5,535.57
15362,7,17,2026-06-19,4,936.11
15363,8,32,2026-06-19,4,1827.0
15364,8,8,2026-06-19,5,1184.55
15365,8,1,2026-06-19,5,712.75
15366,8,17,2026-06-19,4,1755.2
15367,8,27,2026-06-19,5,2155.45
15368,8,17,2026-06-19,4,1755.2
15369,8,19,2026-06-19,5,378.6
15370,8,8,2026-06-19,3,710.73
15371,8,21,2026-06-19,5,2247.1
15372,8,4,2026-06-19,5,1831.1
15373,8,32,2026-06-19,4,1827.0
15374,8,6,2026-06-19,3,1329.9
15375,8,19,2026-06-19,5,378.6
15376,9,3,2026-06-19,2,849.02
15377,9,16,2026-06-19,5,1017.9
15378,9,3,2026-06-19,4,1698.04
15379,9,5,2026-06-19,2,88.02
15380,9,4,2026-06-19,1,366.22
15381,9,21,2026-06-19,2,898.84
15382,9,12,2026-06-19,1,306.52
15383,9,14,2026-06-19,5,568.55
15384,9,39,2026-06-19,3,1421.22
15385,10,31,2026-06-19,1,259.24
15386,10,17,2026-06-19,5,1170.13
15387,10,37,2026-06-19,4,991.79
15388,10,29,2026-06-19,4,822.31
15389,10,25,2026-06-19,4,391.4
15390,10,40,2026-06-19,3,654.29
15391,10,17,2026-06-19,3,702.08
15392,11,13,2026-06-19,3,257.64
15393,11,22,2026-06-19,4,1994.72
15394,11,22,2026-06-19,2,997.36
15395,12,25,2026-06-19,1,183.47
15396,12,22,2026-06-19,2,997.36
15397,12,10,2026-06-19,4,1278.64
15398,12,17,2026-06-19,2,877.6
15399,12,15,2026-06-19,4,473.52
15400,12,15,2026-06-19,5,591.9
15401,12,16,2026-06-19,2,407.16
15402,12,7,2026-06-19,3,1061.28
15403,12,17,2026-06-19,4,1755.2
15404,12,6,2026-06-19,2,886.6
15405,12,33,2026-06-19,2,515.33
15406,12,23,2026-06-19,1,50.0
15407,12,8,2026-06-19,2,473.82
15408,12,40,2026-06-19,4,1635.72
15409,12,30,2026-06-19,3,660.63
15410,1,36,2026-06-20,4,1205.92
15411,1,10,2026-06-20,4,1278.64
15412,1,29,2026-06-20,4,1541.84
15413,1,20,2026-06-20,3,815.37
15414,1,31,2026-06-20,2,972.16
15415,1,1,2026-06-20,4,570.2
15416,1,9,2026-06-20,2,867.82
15417,1,25,2026-06-20,4,730.54
15418,1,8,2026-06-20,1,235.83
15419,1,24,2026-06-20,2,161.32
15420,2,27,2026-06-20,1,431.09
15421,2,36,2026-06-20,3,904.44
15422,2,29,2026-06-20,3,1156.38
15423,2,35,2026-06-20,1,476.98
15424,2,12,2026-06-20,3,919.56
15425,3,3,2026-06-20,4,1698.04
15426,3,23,2026-06-20,4,200.0
15427,3,13,2026-06-20,1,85.88
15428,3,14,2026-06-20,5,568.55
15429,3,29,2026-06-20,3,1156.38
15430,3,2,2026-06-20,3,166.77
15431,3,30,2026-06-20,5,1101.05
15432,3,25,2026-06-20,5,913.17
15433,3,6,2026-06-20,4,1773.2
15434,3,10,2026-06-20,1,319.66
15435,4,20,2026-06-20,1,271.79
15436,4,34,2026-06-20,3,241.98
15437,4,11,2026-06-20,3,542.58
15438,4,28,2026-06-20,2,684.9
15439,4,29,2026-06-20,3,1156.38
15440,4,37,2026-06-20,5,2324.5
15441,4,9,2026-06-20,2,867.82
15442,4,27,2026-06-20,1,431.09
15443,4,7,2026-06-20,1,353.76
15444,4,6,2026-06-20,2,886.6
15445,5,3,2026-06-20,5,2122.55
15446,5,1,2026-06-20,3,427.65
15447,5,37,2026-06-20,1,464.9
15448,5,36,2026-06-20,1,301.48
15449,5,30,2026-06-20,5,1101.05
15450,5,31,2026-06-20,2,972.16
15451,5,25,2026-06-20,5,913.17
15452,5,2,2026-06-20,3,166.77
15453,5,27,2026-06-20,1,431.09
15454,5,2,2026-06-20,4,222.36
15455,5,14,2026-06-20,4,454.84
15456,5,36,2026-06-20,3,904.44
15457,5,10,2026-06-20,5,1598.3
15458,5,25,2026-06-20,4,730.54
15459,6,30,2026-06-20,5,1101.05
15460,6,37,2026-06-20,3,1394.7
15461,6,25,2026-06-20,3,547.9
15462,6,8,2026-06-20,3,707.5
15463,6,32,2026-06-20,1,456.75
15464,6,38,2026-06-20,5,617.65
15465,6,21,2026-06-20,5,2247.1
15466,6,28,2026-06-20,1,342.45
15467,7,6,2026-06-20,4,939.8
15468,7,5,2026-06-20,4,93.3
15469,7,19,2026-06-20,5,200.66
15470,7,27,2026-06-20,1,228.48
15471,7,13,2026-06-20,5,227.58
15472,7,6,2026-06-20,5,1174.75
15473,7,15,2026-06-20,5,313.71
15474,7,27,2026-06-20,1,228.48
15475,7,12,2026-06-20,2,324.91
15476,7,14,2026-06-20,4,241.07
15477,8,15,2026-06-20,4,473.52
15478,8,4,2026-06-20,3,1098.66
15479,8,33,2026-06-20,2,512.98
15480,8,30,2026-06-20,2,440.42
15481,8,5,2026-06-20,2,88.02
15482,8,33,2026-06-20,1,256.49
15483,8,9,2026-06-20,5,2169.55
15484,8,38,2026-06-20,4,494.12
15485,9,38,2026-06-20,4,494.12
15486,9,3,2026-06-20,2,849.02
15487,9,9,2026-06-20,1,433.91
15488,9,19,2026-06-20,1,75.72
15489,9,22,2026-06-20,3,1496.04
15490,9,9,2026-06-20,1,433.91
15491,9,3,2026-06-20,2,849.02
15492,10,18,2026-06-20,4,425.78
15493,10,20,2026-06-20,5,720.24
15494,10,13,2026-06-20,2,91.03
15495,10,27,2026-06-20,4,913.91
15496,10,38,2026-06-20,2,130.94
15497,10,13,2026-06-20,4,182.07
15498,11,35,2026-06-20,5,2384.9
15499,11,6,2026-06-20,3,1329.9
15500,11,37,2026-06-20,2,929.8
15501,11,32,2026-06-20,1,456.75
15502,11,6,2026-06-20,1,443.3
15503,11,31,2026-06-20,2,972.16
15504,11,4,2026-06-20,1,366.22
15505,11,16,2026-06-20,3,610.74
15506,11,39,2026-06-20,4,1894.96
15507,11,29,2026-06-20,1,385.46
15508,11,12,2026-06-20,2,613.04
15509,12,39,2026-06-20,2,947.48
15510,12,35,2026-06-20,4,1907.92
15511,12,27,2026-06-20,1,431.09
15512,12,30,2026-06-20,1,220.21
15513,12,4,2026-06-20,4,1464.88
15514,12,36,2026-06-20,3,904.44
15515,12,32,2026-06-20,5,2283.75
15516,12,15,2026-06-20,3,355.14
15517,12,26,2026-06-20,4,1992.32
15518,12,12,2026-06-20,3,919.56
15519,1,11,2026-06-21,5,904.3
15520,1,11,2026-06-21,5,904.3
15521,1,7,2026-06-21,3,1061.28
15522,1,22,2026-06-21,3,1496.04
15523,1,2,2026-06-21,5,277.95
15524,1,39,2026-06-21,2,947.48
15525,1,21,2026-06-21,5,2247.1
15526,1,2,2026-06-21,5,277.95
15527,1,7,2026-06-21,3,1061.28
15528,1,39,2026-06-21,5,2368.7
15529,1,10,2026-06-21,2,639.32
15530,1,30,2026-06-21,2,440.42
15531,2,14,2026-06-21,4,454.84
15532,2,35,2026-06-21,4,1907.92
15533,2,17,2026-06-21,3,1316.4
15534,3,17,2026-06-21,5,2194.0
15535,3,27,2026-06-21,3,1293.27
15536,3,1,2026-06-21,4,570.2
15537,3,16,2026-06-21,4,814.32
15538,3,37,2026-06-21,1,464.9
15539,3,20,2026-06-21,5,1358.95
15540,3,26,2026-06-21,3,1494.24
15541,3,37,2026-06-21,3,1394.7
15542,4,40,2026-06-21,2,817.86
15543,4,36,2026-06-21,5,1507.4
15544,4,2,2026-06-21,2,111.18
15545,4,25,2026-06-21,2,363.6
15546,5,23,2026-06-21,4,200.0
15547,5,18,2026-06-21,2,401.68
15548,5,25,2026-06-21,1,181.8
15549,5,34,2026-06-21,5,403.3
15550,5,14,2026-06-21,5,568.55
15551,5,19,2026-06-21,3,227.16
15552,6,31,2026-06-21,4,1944.32
15553,6,11,2026-06-21,4,723.44
15554,6,18,2026-06-21,5,1004.2
15555,6,21,2026-06-21,3,1348.26
15556,6,9,2026-06-21,3,1301.73
15557,6,27,2026-06-21,1,431.09
15558,6,39,2026-06-21,2,947.48
15559,6,22,2026-06-21,2,997.36
15560,6,29,2026-06-21,5,1927.3
15561,7,19,2026-06-21,1,39.88
15562,7,37,2026-06-21,3,734.54
15563,7,24,2026-06-21,1,42.48
15564,7,25,2026-06-21,4,382.99
15565,7,28,2026-06-21,4,721.43
15566,7,6,2026-06-21,4,933.89
15567,7,38,2026-06-21,2,130.12
15568,7,36,2026-06-21,4,635.12
15569,7,18,2026-06-21,4,423.1
15570,7,12,2026-06-21,1,161.43
15571,8,38,2026-06-21,3,370.59
15572,8,9,2026-06-21,1,433.91
15573,8,10,2026-06-21,3,958.98
15574,8,31,2026-06-21,2,972.16
15575,8,33,2026-06-21,4,1021.28
15576,8,13,2026-06-21,4,343.52
15577,8,37,2026-06-21,4,1859.6
15578,8,2,2026-06-21,5,277.95
15579,9,3,2026-06-21,4,1698.04
15580,9,27,2026-06-21,4,1724.36
15581,9,35,2026-06-21,2,953.96
15582,9,34,2026-06-21,3,241.98
15583,9,24,2026-06-21,2,161.32
15584,9,9,2026-06-21,5,2169.55
15585,10,30,2026-06-21,2,231.95
15586,10,40,2026-06-21,3,646.11
15587,10,3,2026-06-21,2,447.15
15588,10,10,2026-06-21,5,841.77
15589,10,1,2026-06-21,3,225.23
15590,10,37,2026-06-21,5,1224.24
15591,10,14,2026-06-21,4,239.55
15592,10,40,2026-06-21,1,215.37
15593,10,27,2026-06-21,1,227.04
15594,10,19,2026-06-21,1,39.88
15595,10,15,2026-06-21,1,62.35
15596,10,1,2026-06-21,1,75.08
15597,10,26,2026-06-21,2,524.64
15598,10,25,2026-06-21,5,478.74
15599,10,26,2026-06-21,4,1049.29
15600,11,18,2026-06-21,1,200.84
15601,11,22,2026-06-21,2,997.36
15602,11,21,2026-06-21,1,449.42
15603,11,30,2026-06-21,1,220.21
15604,11,27,2026-06-21,4,1724.36
15605,11,14,2026-06-21,2,227.42
15606,11,30,2026-06-21,1,220.21
15607,11,25,2026-06-21,2,363.6
15608,11,23,2026-06-21,3,150.0
15609,11,3,2026-06-21,3,1273.53
15610,12,36,2026-06-21,3,904.44
15611,12,26,2026-06-21,5,2490.4
15612,12,19,2026-06-21,1,75.72
15613,12,25,2026-06-21,1,181.8
15614,12,5,2026-06-21,2,88.02
15615,12,31,2026-06-21,3,1458.24
15616,12,29,2026-06-21,3,1156.38
15617,12,3,2026-06-21,1,424.51
15618,12,35,2026-06-21,1,476.98
15619,12,27,2026-06-21,5,2155.45
15620,12,36,2026-06-21,1,301.48
15621,12,17,2026-06-21,1,438.8
15622,12,18,2026-06-21,5,1004.2
15623,1,28,2026-06-22,2,684.9
15624,1,30,2026-06-22,2,440.42
15625,1,15,2026-06-22,4,473.52
15626,2,9,2026-06-22,1,433.91
15627,2,8,2026-06-22,3,701.04
15628,2,24,2026-06-22,5,403.3
15629,2,39,2026-06-22,3,1421.22
15630,2,37,2026-06-22,5,2324.5
15631,2,6,2026-06-22,5,2216.5
15632,2,30,2026-06-22,1,220.21
15633,2,6,2026-06-22,5,2216.5
15634,2,7,2026-06-22,3,1061.28
15635,2,29,2026-06-22,2,770.92
15636,3,40,2026-06-22,4,1635.72
15637,3,25,2026-06-22,5,904.83
15638,3,19,2026-06-22,3,227.16
15639,3,38,2026-06-22,2,247.06
15640,4,25,2026-06-22,5,904.83
15641,4,19,2026-06-22,1,75.72
15642,4,24,2026-06-22,4,322.64
15643,4,24,2026-06-22,5,403.3
15644,4,34,2026-06-22,2,161.32
15645,4,38,2026-06-22,3,370.59
15646,4,21,2026-06-22,1,449.42
15647,4,21,2026-06-22,4,1797.68
15648,4,37,2026-06-22,3,1394.7
15649,4,25,2026-06-22,2,361.93
15650,4,23,2026-06-22,4,200.0
15651,4,37,2026-06-22,4,1859.6
15652,4,10,2026-06-22,3,958.98
15653,5,39,2026-06-22,3,1421.22
15654,5,35,2026-06-22,3,1430.94
15655,5,25,2026-06-22,4,723.86
15656,5,10,2026-06-22,4,1278.64
15657,5,13,2026-06-22,2,171.76
15658,5,29,2026-06-22,3,1156.38
15659,5,1,2026-06-22,3,427.65
15660,5,1,2026-06-22,2,285.1
15661,5,5,2026-06-22,2,88.02
15662,5,9,2026-06-22,4,1735.64
15663,5,1,2026-06-22,2,285.1
15664,6,33,2026-06-22,2,508.3
15665,6,23,2026-06-22,1,50.0
15666,6,38,2026-06-22,1,123.53
15667,6,34,2026-06-22,1,80.66
15668,6,31,2026-06-22,5,2430.4
15669,6,38,2026-06-22,1,123.53
15670,6,33,2026-06-22,2,508.3
15671,6,15,2026-06-22,1,118.38
15672,6,36,2026-06-22,4,1205.92
15673,6,31,2026-06-22,2,972.16
15674,6,7,2026-06-22,2,707.52
15675,6,15,2026-06-22,1,118.38
15676,6,26,2026-06-22,3,1494.24
15677,6,8,2026-06-22,3,701.04
15678,7,30,2026-06-22,3,345.73
15679,7,6,2026-06-22,5,1159.97
15680,7,22,2026-06-22,2,521.95
15681,7,14,2026-06-22,4,238.03
15682,7,16,2026-06-22,4,426.16
15683,7,13,2026-06-22,4,179.78
15684,7,40,2026-06-22,1,214.01
15685,7,34,2026-06-22,5,211.06
15686,7,25,2026-06-22,5,473.53
15687,7,29,2026-06-22,3,605.17
15688,7,29,2026-06-22,2,403.45
15689,7,1,2026-06-22,4,298.4
15690,7,40,2026-06-22,1,214.01
15691,7,34,2026-06-22,3,126.64
15692,8,18,2026-06-22,4,803.36
15693,8,23,2026-06-22,2,100.0
15694,8,30,2026-06-22,3,660.63
15695,8,21,2026-06-22,1,449.42
15696,8,16,2026-06-22,1,203.58
15697,9,21,2026-06-22,3,1348.26
15698,9,31,2026-06-22,4,1944.32
15699,9,3,2026-06-22,2,849.02
15700,10,9,2026-06-22,4,908.32
15701,10,14,2026-06-22,4,238.03
15702,10,10,2026-06-22,3,501.87
15703,10,32,2026-06-22,4,956.13
15704,10,23,2026-06-22,2,52.33
15705,10,20,2026-06-22,3,426.71
15706,10,10,2026-06-22,4,669.15
15707,10,17,2026-06-22,3,688.92
15708,10,9,2026-06-22,5,1135.4
15709,10,24,2026-06-22,2,84.42
15710,11,40,2026-06-22,2,817.86
15711,11,11,2026-06-22,3,542.58
15712,11,20,2026-06-22,4,1087.16
15713,12,23,2026-06-22,4,200.0
15714,12,28,2026-06-22,3,1027.35
15715,12,33,2026-06-22,2,508.3
15716,12,18,2026-06-22,1,200.84
15717,1,33,2026-06-23,2,505.96
15718,1,15,2026-06-23,5,591.9
15719,1,31,2026-06-23,5,2430.4
15720,1,25,2026-06-23,4,720.53
15721,1,7,2026-06-23,3,1061.28
15722,2,9,2026-06-23,2,867.82
15723,2,5,2026-06-23,4,176.04
15724,2,40,2026-06-23,1,408.93
15725,2,4,2026-06-23,1,366.22
15726,2,30,2026-06-23,3,660.63
15727,2,31,2026-06-23,3,1458.24
15728,3,14,2026-06-23,5,568.55
15729,3,39,2026-06-23,3,1421.22
15730,3,25,2026-06-23,3,540.4
15731,3,19,2026-06-23,1,75.72
15732,3,16,2026-06-23,1,203.58
15733,3,19,2026-06-23,4,302.88
15734,3,27,2026-06-23,5,2155.45
15735,3,31,2026-06-23,2,972.16
15736,3,1,2026-06-23,2,285.1
15737,3,18,2026-06-23,2,401.68
15738,3,24,2026-06-23,3,241.98
15739,3,22,2026-06-23,5,2493.4
15740,3,24,2026-06-23,3,241.98
15741,3,32,2026-06-23,5,2283.75
15742,3,37,2026-06-23,4,1859.6
15743,4,8,2026-06-23,5,1163.01
15744,4,35,2026-06-23,5,2384.9
15745,4,31,2026-06-23,5,2430.4
15746,4,5,2026-06-23,2,88.02
15747,4,18,2026-06-23,4,803.36
15748,4,10,2026-06-23,1,319.66
15749,4,31,2026-06-23,4,1944.32
15750,4,6,2026-06-23,5,2216.5
15751,4,18,2026-06-23,5,1004.2
15752,4,29,2026-06-23,3,1156.38
15753,4,3,2026-06-23,5,2122.55
15754,5,10,2026-06-23,4,1278.64
15755,5,27,2026-06-23,1,431.09
15756,5,34,2026-06-23,3,241.98
15757,5,34,2026-06-23,3,241.98
15758,5,16,2026-06-23,1,203.58
15759,5,19,2026-06-23,4,302.88
15760,5,10,2026-06-23,5,1598.3
15761,5,30,2026-06-23,1,220.21
15762,5,5,2026-06-23,4,176.04
15763,5,21,2026-06-23,4,1797.68
15764,5,20,2026-06-23,4,1087.16
15765,5,25,2026-06-23,5,900.66
15766,5,8,2026-06-23,5,1163.01
15767,5,4,2026-06-23,2,732.44
15768,5,18,2026-06-23,3,602.52
15769,6,8,2026-06-23,2,465.2
15770,6,38,2026-06-23,4,494.12
15771,6,9,2026-06-23,3,1301.73
15772,6,40,2026-06-23,3,1226.79
15773,6,20,2026-06-23,1,271.79
15774,6,39,2026-06-23,2,947.48
15775,6,20,2026-06-23,5,1358.95
15776,6,15,2026-06-23,3,355.14
15777,6,16,2026-06-23,4,814.32
15778,6,16,2026-06-23,3,610.74
15779,6,12,2026-06-23,1,306.52
15780,6,23,2026-06-23,5,250.0
15781,7,26,2026-06-23,1,259.0
15782,7,22,2026-06-23,2,518.63
15783,7,5,2026-06-23,4,91.54
15784,7,26,2026-06-23,2,518.0
15785,7,34,2026-06-23,4,167.77
15786,7,39,2026-06-23,1,246.34
15787,8,21,2026-06-23,1,449.42
15788,8,20,2026-06-23,1,271.79
15789,8,23,2026-06-23,3,150.0
15790,8,12,2026-06-23,5,1532.6
15791,8,12,2026-06-23,5,1532.6
15792,8,32,2026-06-23,4,1827.0
15793,8,9,2026-06-23,1,433.91
15794,8,26,2026-06-23,5,2490.4
15795,8,9,2026-06-23,3,1301.73
15796,9,24,2026-06-23,5,403.3
15797,9,22,2026-06-23,1,498.68
15798,9,24,2026-06-23,4,322.64
15799,9,2,2026-06-23,5,277.95
15800,9,15,2026-06-23,2,236.76
15801,9,37,2026-06-23,5,2324.5
15802,9,37,2026-06-23,5,2324.5
15803,9,8,2026-06-23,3,697.81
15804,9,26,2026-06-23,1,498.08
15805,9,23,2026-06-23,2,100.0
15806,9,7,2026-06-23,4,1415.04
15807,9,40,2026-06-23,5,2044.65
15808,9,17,2026-06-23,3,1316.4
15809,9,12,2026-06-23,2,613.04
15810,9,11,2026-06-23,5,904.3
15811,10,14,2026-06-23,2,118.26
15812,10,14,2026-06-23,1,59.13
15813,10,38,2026-06-23,4,256.94
15814,10,1,2026-06-23,1,74.13
15815,10,26,2026-06-23,3,777.0
15816,10,40,2026-06-23,2,425.29
15817,10,39,2026-06-23,4,985.38
15818,10,12,2026-06-23,1,159.39
15819,10,11,2026-06-23,1,94.05
15820,10,5,2026-06-23,2,45.77
15821,10,29,2026-06-23,3,601.32
15822,10,23,2026-06-23,2,52.0
15823,10,17,2026-06-23,3,684.53
15824,11,40,2026-06-23,3,1226.79
15825,11,39,2026-06-23,4,1894.96
15826,11,24,2026-06-23,2,161.32
15827,11,10,2026-06-23,4,1278.64
15828,11,30,2026-06-23,2,440.42
15829,11,28,2026-06-23,2,684.9
15830,11,37,2026-06-23,3,1394.7
15831,11,6,2026-06-23,1,443.3
15832,11,34,2026-06-23,3,241.98
15833,11,30,2026-06-23,3,660.63
15834,11,13,2026-06-23,5,429.4
15835,11,11,2026-06-23,5,904.3
15836,11,37,2026-06-23,1,464.9
15837,12,3,2026-06-23,2,849.02
15838,12,17,2026-06-23,1,438.8
15839,12,11,2026-06-23,1,180.86
15840,12,29,2026-06-23,2,770.92
15841,1,8,2026-06-24,3,694.58
15842,1,23,2026-06-24,2,100.0
15843,1,2,2026-06-24,1,55.59
15844,1,28,2026-06-24,4,1369.8
15845,2,5,2026-06-24,1,44.01
15846,2,20,2026-06-24,5,1358.95
15847,2,40,2026-06-24,5,2044.65
15848,2,25,2026-06-24,4,717.19
15849,2,11,2026-06-24,5,904.3
15850,2,37,2026-06-24,1,464.9
15851,2,29,2026-06-24,4,1541.84
15852,2,12,2026-06-24,5,1532.6
15853,3,18,2026-06-24,1,200.84
15854,3,13,2026-06-24,3,257.64
15855,3,29,2026-06-24,1,385.46
15856,3,40,2026-06-24,3,1226.79
15857,3,7,2026-06-24,2,707.52
15858,3,32,2026-06-24,4,1827.0
15859,3,24,2026-06-24,2,161.32
15860,4,10,2026-06-24,3,958.98
15861,4,17,2026-06-24,1,438.8
15862,4,26,2026-06-24,5,2490.4
15863,4,6,2026-06-24,1,443.3
15864,4,15,2026-06-24,1,118.38
15865,4,32,2026-06-24,2,913.5
15866,4,27,2026-06-24,2,862.18
15867,4,23,2026-06-24,3,150.0
15868,4,35,2026-06-24,2,953.96
15869,4,18,2026-06-24,5,1004.2
15870,4,24,2026-06-24,5,403.3
15871,5,4,2026-06-24,4,1464.88
15872,5,21,2026-06-24,3,1348.26
15873,5,11,2026-06-24,1,180.86
15874,5,24,2026-06-24,3,241.98
15875,5,3,2026-06-24,4,1698.04
15876,5,32,2026-06-24,4,1827.0
15877,6,40,2026-06-24,5,2044.65
15878,6,6,2026-06-24,4,1773.2
15879,6,30,2026-06-24,2,440.42
15880,6,35,2026-06-24,2,953.96
15881,7,8,2026-06-24,5,598.11
15882,7,7,2026-06-24,4,731.1
15883,7,5,2026-06-24,5,113.69
15884,7,34,2026-06-24,1,41.67
15885,7,10,2026-06-24,2,330.32
15886,7,29,2026-06-24,4,796.62
15887,8,12,2026-06-24,4,1226.08
15888,8,20,2026-06-24,4,1087.16
15889,8,29,2026-06-24,3,1156.38
15890,8,7,2026-06-24,3,1061.28
15891,8,31,2026-06-24,2,972.16
15892,8,32,2026-06-24,1,456.75
15893,8,38,2026-06-24,1,123.53
15894,8,9,2026-06-24,4,1735.64
15895,8,12,2026-06-24,2,613.04
15896,8,37,2026-06-24,1,464.9
15897,8,17,2026-06-24,5,2194.0
15898,9,9,2026-06-24,1,433.91
15899,9,19,2026-06-24,3,227.16
15900,9,33,2026-06-24,3,755.42
15901,9,35,2026-06-24,4,1907.92
15902,9,33,2026-06-24,1,251.81
15903,9,32,2026-06-24,3,1370.25
15904,9,7,2026-06-24,4,1415.04
15905,9,27,2026-06-24,1,431.09
15906,10,27,2026-06-24,1,222.73
15907,10,30,2026-06-24,5,568.88
15908,10,12,2026-06-24,5,791.84
15909,10,5,2026-06-24,5,113.69
15910,10,9,2026-06-24,1,224.19
15911,11,8,2026-06-24,2,463.05
15912,11,2,2026-06-24,4,222.36
15913,11,32,2026-06-24,4,1827.0
15914,11,19,2026-06-24,5,378.6
15915,11,28,2026-06-24,5,1712.25
15916,11,2,2026-06-24,3,166.77
15917,11,23,2026-06-24,1,50.0
15918,11,24,2026-06-24,5,403.3
15919,11,35,2026-06-24,1,476.98
15920,11,21,2026-06-24,3,1348.26
15921,11,31,2026-06-24,2,972.16
15922,11,17,2026-06-24,3,1316.4
15923,12,9,2026-06-24,4,1735.64
15924,12,20,2026-06-24,3,815.37
15925,12,13,2026-06-24,1,85.88
15926,12,32,2026-06-24,1,456.75
15927,12,33,2026-06-24,1,251.81
15928,12,21,2026-06-24,3,1348.26
15929,12,8,2026-06-24,2,463.05
15930,12,33,2026-06-24,3,755.42
15931,12,17,2026-06-24,4,1755.2
15932,12,1,2026-06-24,2,285.1
15933,12,5,2026-06-24,3,132.03
15934,1,4,2026-06-25,4,1464.88
15935,1,8,2026-06-25,1,230.45
15936,1,9,2026-06-25,5,2169.55
15937,1,23,2026-06-25,3,150.0
15938,1,3,2026-06-25,1,424.51
15939,1,30,2026-06-25,4,880.84
15940,1,28,2026-06-25,3,1027.35
15941,1,38,2026-06-25,3,370.59
15942,2,39,2026-06-25,1,473.74
15943,2,20,2026-06-25,1,271.79
15944,2,23,2026-06-25,3,150.0
15945,2,12,2026-06-25,3,919.56
15946,2,36,2026-06-25,2,602.96
15947,2,34,2026-06-25,1,80.66
15948,2,18,2026-06-25,2,401.68
15949,2,36,2026-06-25,5,1507.4
15950,2,25,2026-06-25,5,892.32
15951,3,29,2026-06-25,1,385.46
15952,3,9,2026-06-25,3,1301.73
15953,3,22,2026-06-25,1,498.68
15954,3,9,2026-06-25,1,433.91
15955,3,37,2026-06-25,3,1394.7
15956,3,14,2026-06-25,3,341.13
15957,3,16,2026-06-25,3,610.74
15958,3,11,2026-06-25,1,180.86
15959,3,22,2026-06-25,2,997.36
15960,3,34,2026-06-25,5,403.3
15961,3,31,2026-06-25,2,972.16
15962,3,14,2026-06-25,5,568.55
15963,4,6,2026-06-25,1,443.3
15964,4,27,2026-06-25,2,862.18
15965,4,29,2026-06-25,1,385.46
15966,4,31,2026-06-25,3,1458.24
15967,4,3,2026-06-25,3,1273.53
15968,4,15,2026-06-25,5,591.9
15969,4,36,2026-06-25,5,1507.4
15970,4,8,2026-06-25,1,230.45
15971,4,30,2026-06-25,5,1101.05
15972,4,35,2026-06-25,5,2384.9
15973,4,23,2026-06-25,5,250.0
15974,4,13,2026-06-25,3,257.64
15975,4,25,2026-06-25,5,892.32
15976,4,24,2026-06-25,3,241.98
15977,4,36,2026-06-25,1,301.48
15978,5,1,2026-06-25,1,142.55
15979,5,1,2026-06-25,3,427.65
15980,5,17,2026-06-25,4,1755.2
15981,5,5,2026-06-25,1,44.01
15982,5,31,2026-06-25,3,1458.24
15983,5,11,2026-06-25,3,542.58
15984,5,31,2026-06-25,1,486.08
15985,5,7,2026-06-25,2,707.52
15986,5,29,2026-06-25,1,385.46
15987,6,14,2026-06-25,5,568.55
15988,6,10,2026-06-25,1,319.66
15989,6,16,2026-06-25,1,203.58
15990,6,18,2026-06-25,4,803.36
15991,7,3,2026-06-25,4,871.66
15992,7,32,2026-06-25,3,703.4
15993,7,12,2026-06-25,4,629.39
15994,8,29,2026-06-25,1,385.46
15995,8,16,2026-06-25,3,610.74
15996,8,3,2026-06-25,2,849.02
15997,8,34,2026-06-25,5,403.3
15998,8,13,2026-06-25,5,429.4
15999,8,33,2026-06-25,2,501.27
16000,8,10,2026-06-25,1,319.66
16001,8,14,2026-06-25,3,341.13
16002,8,11,2026-06-25,2,361.72
16003,8,37,2026-06-25,2,929.8
16004,8,35,2026-06-25,5,2384.9
16005,9,38,2026-06-25,1,123.53
16006,9,34,2026-06-25,1,80.66
16007,9,25,2026-06-25,4,713.86
16008,9,32,2026-06-25,2,913.5
16009,9,19,2026-06-25,2,151.44
16010,9,24,2026-06-25,2,161.32
16011,9,31,2026-06-25,5,2430.4
16012,9,5,2026-06-25,2,88.02
16013,9,17,2026-06-25,4,1755.2
16014,9,16,2026-06-25,1,203.58
16015,9,7,2026-06-25,5,1768.8
16016,9,33,2026-06-25,3,751.91
16017,9,28,2026-06-25,5,1712.25
16018,9,22,2026-06-25,2,997.36
16019,10,34,2026-06-25,5,207.03
16020,10,33,2026-06-25,2,257.32
16021,10,33,2026-06-25,1,128.66
16022,10,39,2026-06-25,4,972.75
16023,10,24,2026-06-25,2,82.81
16024,10,21,2026-06-25,5,1153.51
16025,10,20,2026-06-25,4,558.08
16026,10,1,2026-06-25,2,146.35
16027,10,33,2026-06-25,5,643.3
16028,10,8,2026-06-25,3,354.89
16029,11,20,2026-06-25,2,543.58
16030,11,37,2026-06-25,4,1859.6
16031,11,14,2026-06-25,5,568.55
16032,11,9,2026-06-25,4,1735.64
16033,11,9,2026-06-25,5,2169.55
16034,11,37,2026-06-25,3,1394.7
16035,11,21,2026-06-25,3,1348.26
16036,11,33,2026-06-25,2,501.27
16037,12,22,2026-06-25,1,498.68
16038,12,17,2026-06-25,4,1755.2
16039,12,17,2026-06-25,3,1316.4
16040,12,10,2026-06-25,5,1598.3
16041,12,6,2026-06-25,4,1773.2
16042,12,17,2026-06-25,1,438.8
16043,12,31,2026-06-25,1,486.08
16044,12,3,2026-06-25,4,1698.04
16045,12,7,2026-06-25,5,1768.8
16046,12,4,2026-06-25,2,732.44
16047,12,19,2026-06-25,3,227.16
16048,12,39,2026-06-25,2,947.48
16049,1,38,2026-06-26,2,247.06
16050,1,23,2026-06-26,5,250.0
16051,1,31,2026-06-26,1,486.08
16052,1,23,2026-06-26,2,100.0
16053,1,40,2026-06-26,2,817.86
16054,1,40,2026-06-26,1,408.93
16055,1,29,2026-06-26,2,770.92
16056,1,38,2026-06-26,2,247.06
16057,1,35,2026-06-26,1,476.98
16058,1,9,2026-06-26,1,433.91
16059,1,33,2026-06-26,4,997.86
16060,1,14,2026-06-26,2,227.42
16061,2,10,2026-06-26,3,958.98
16062,2,39,2026-06-26,1,473.74
16063,2,14,2026-06-26,5,568.55
16064,2,1,2026-06-26,1,142.55
16065,2,40,2026-06-26,2,817.86
16066,2,37,2026-06-26,1,464.9
16067,3,8,2026-06-26,1,229.37
16068,3,26,2026-06-26,4,1992.32
16069,3,34,2026-06-26,1,80.66
16070,3,4,2026-06-26,3,1098.66
16071,3,20,2026-06-26,2,543.58
16072,3,37,2026-06-26,4,1859.6
16073,3,24,2026-06-26,2,161.32
16074,3,7,2026-06-26,2,707.52
16075,3,5,2026-06-26,1,44.01
16076,3,24,2026-06-26,3,241.98
16077,3,12,2026-06-26,3,919.56
16078,3,33,2026-06-26,4,997.86
16079,3,2,2026-06-26,4,222.36
16080,3,6,2026-06-26,5,2216.5
16081,4,15,2026-06-26,3,355.14
16082,4,38,2026-06-26,4,494.12
16083,4,35,2026-06-26,2,953.96
16084,4,1,2026-06-26,2,285.1
16085,4,17,2026-06-26,2,877.6
16086,4,29,2026-06-26,4,1541.84
16087,4,3,2026-06-26,3,1273.53
16088,4,11,2026-06-26,2,361.72
16089,4,25,2026-06-26,2,355.26
16090,4,6,2026-06-26,4,1773.2
16091,4,4,2026-06-26,4,1464.88
16092,4,3,2026-06-26,3,1273.53
16093,4,10,2026-06-26,4,1278.64
16094,5,17,2026-06-26,3,1316.4
16095,5,36,2026-06-26,1,301.48
16096,5,11,2026-06-26,4,723.44
16097,6,22,2026-06-26,2,997.36
16098,6,6,2026-06-26,1,443.3
16099,6,13,2026-06-26,1,85.88
16100,6,1,2026-06-26,4,570.2
16101,6,15,2026-06-26,5,591.9
16102,6,2,2026-06-26,3,166.77
16103,6,38,2026-06-26,2,247.06
16104,6,6,2026-06-26,4,1773.2
16105,6,38,2026-06-26,1,123.53
16106,6,9,2026-06-26,3,1301.73
16107,7,33,2026-06-26,3,381.68
16108,7,1,2026-06-26,3,218.1
16109,7,8,2026-06-26,2,233.96
16110,7,30,2026-06-26,4,449.23
16111,7,29,2026-06-26,1,196.58
16112,8,7,2026-06-26,5,1768.8
16113,8,37,2026-06-26,1,464.9
16114,8,39,2026-06-26,5,2368.7
16115,8,10,2026-06-26,4,1278.64
16116,8,20,2026-06-26,3,815.37
16117,8,13,2026-06-26,3,257.64
16118,8,26,2026-06-26,2,996.16
16119,8,15,2026-06-26,4,473.52
16120,8,40,2026-06-26,2,817.86
16121,8,8,2026-06-26,3,688.11
16122,9,32,2026-06-26,4,1827.0
16123,9,22,2026-06-26,3,1496.04
16124,9,6,2026-06-26,2,886.6
16125,9,30,2026-06-26,4,880.84
16126,9,7,2026-06-26,2,707.52
16127,9,33,2026-06-26,4,997.86
16128,9,5,2026-06-26,2,88.02
16129,9,17,2026-06-26,1,438.8
16130,9,38,2026-06-26,2,247.06
16131,9,11,2026-06-26,4,723.44
16132,10,7,2026-06-26,2,360.84
16133,10,10,2026-06-26,5,815.13
16134,10,28,2026-06-26,5,873.25
16135,10,26,2026-06-26,2,508.04
16136,10,31,2026-06-26,1,247.9
16137,10,1,2026-06-26,3,218.1
16138,10,10,2026-06-26,3,489.08
16139,10,36,2026-06-26,5,768.77
16140,10,6,2026-06-26,3,678.25
16141,11,25,2026-06-26,1,177.63
16142,11,14,2026-06-26,3,341.13
16143,11,8,2026-06-26,5,1146.86
16144,11,25,2026-06-26,3,532.89
16145,11,7,2026-06-26,4,1415.04
16146,11,10,2026-06-26,1,319.66
16147,11,27,2026-06-26,1,431.09
16148,11,10,2026-06-26,5,1598.3
16149,11,37,2026-06-26,1,464.9
16150,11,25,2026-06-26,2,355.26
16151,11,14,2026-06-26,3,341.13
16152,11,36,2026-06-26,3,904.44
16153,11,1,2026-06-26,2,285.1
16154,11,14,2026-06-26,5,568.55
16155,12,40,2026-06-26,5,2044.65
16156,12,30,2026-06-26,5,1101.05
16157,12,7,2026-06-26,2,707.52
16158,12,13,2026-06-26,4,343.52
16159,12,28,2026-06-26,5,1712.25
16160,12,16,2026-06-26,1,203.58
16161,12,36,2026-06-26,2,602.96
16162,12,14,2026-06-26,1,113.71
16163,12,5,2026-06-26,3,132.03
16164,12,29,2026-06-26,5,1927.3
16165,12,2,2026-06-26,4,222.36
16166,12,26,2026-06-26,5,2490.4
16167,1,23,2026-06-27,1,50.0
16168,1,38,2026-06-27,4,494.12
16169,1,26,2026-06-27,2,996.16
16170,1,12,2026-06-27,2,613.04
16171,1,33,2026-06-27,1,248.29
16172,1,22,2026-06-27,3,1496.04
16173,1,1,2026-06-27,4,570.2
16174,1,17,2026-06-27,3,1316.4
16175,2,35,2026-06-27,3,1430.94
16176,2,22,2026-06-27,5,2493.4
16177,2,9,2026-06-27,2,867.82
16178,2,31,2026-06-27,4,1944.32
16179,2,12,2026-06-27,5,1532.6
16180,2,25,2026-06-27,5,883.98
16181,2,20,2026-06-27,5,1358.95
16182,2,27,2026-06-27,3,1293.27
16183,2,18,2026-06-27,1,200.84
16184,2,25,2026-06-27,4,707.18
16185,2,24,2026-06-27,4,322.64
16186,2,24,2026-06-27,5,403.3
16187,2,13,2026-06-27,2,171.76
16188,2,30,2026-06-27,2,440.42
16189,3,18,2026-06-27,1,200.84
16190,3,25,2026-06-27,3,530.39
16191,3,34,2026-06-27,3,241.98
16192,3,9,2026-06-27,4,1735.64
16193,3,25,2026-06-27,2,353.59
16194,3,10,2026-06-27,5,1598.3
16195,3,30,2026-06-27,3,660.63
16196,3,23,2026-06-27,4,200.0
16197,4,32,2026-06-27,4,1827.0
16198,4,40,2026-06-27,5,2044.65
16199,4,5,2026-06-27,1,44.01
16200,4,28,2026-06-27,1,342.45
16201,4,5,2026-06-27,1,44.01
16202,4,16,2026-06-27,5,1017.9
16203,5,11,2026-06-27,2,361.72
16204,5,5,2026-06-27,4,176.04
16205,5,1,2026-06-27,1,142.55
16206,5,31,2026-06-27,2,972.16
16207,5,19,2026-06-27,4,302.88
16208,6,24,2026-06-27,5,403.3
16209,6,10,2026-06-27,1,319.66
16210,6,24,2026-06-27,1,80.66
16211,6,7,2026-06-27,5,1768.8
16212,6,4,2026-06-27,4,1464.88
16213,6,2,2026-06-27,2,111.18
16214,6,37,2026-06-27,2,929.8
16215,6,32,2026-06-27,2,913.5
16216,6,20,2026-06-27,2,543.58
16217,7,21,2026-06-27,1,227.71
16218,7,11,2026-06-27,1,91.64
16219,7,35,2026-06-27,3,725.01
16220,7,13,2026-06-27,1,43.51
16221,7,25,2026-06-27,5,447.88
16222,7,5,2026-06-27,4,89.19
16223,7,23,2026-06-27,1,25.33
16224,7,4,2026-06-27,3,556.65
16225,8,33,2026-06-27,5,1241.47
16226,8,40,2026-06-27,4,1635.72
16227,8,4,2026-06-27,2,732.44
16228,8,32,2026-06-27,1,456.75
16229,8,1,2026-06-27,3,427.65
16230,8,15,2026-06-27,2,236.76
16231,8,30,2026-06-27,5,1101.05
16232,8,11,2026-06-27,1,180.86
16233,8,32,2026-06-27,1,456.75
16234,8,31,2026-06-27,3,1458.24
16235,8,39,2026-06-27,5,2368.7
16236,8,38,2026-06-27,5,617.65
16237,8,18,2026-06-27,2,401.68
16238,9,26,2026-06-27,4,1992.32
16239,9,13,2026-06-27,3,257.64
16240,9,8,2026-06-27,5,1141.47
16241,10,35,2026-06-27,1,241.67
16242,10,33,2026-06-27,4,503.21
16243,10,13,2026-06-27,2,87.03
16244,10,32,2026-06-27,4,925.68
16245,10,13,2026-06-27,3,130.54
16246,11,10,2026-06-27,1,319.66
16247,11,32,2026-06-27,5,2283.75
16248,11,39,2026-06-27,5,2368.7
16249,11,15,2026-06-27,2,236.76
16250,12,31,2026-06-27,3,1458.24
16251,12,31,2026-06-27,1,486.08
16252,12,25,2026-06-27,4,707.18
16253,12,34,2026-06-27,3,241.98
16254,12,13,2026-06-27,3,257.64
16255,12,14,2026-06-27,4,454.84
16256,12,28,2026-06-27,5,1712.25
16257,12,29,2026-06-27,2,770.92
16258,12,7,2026-06-27,1,353.76
16259,12,16,2026-06-27,1,203.58
16260,12,27,2026-06-27,5,2155.45
16261,12,1,2026-06-27,1,142.55
16262,1,22,2026-06-28,3,1496.04
16263,1,14,2026-06-28,2,227.42
16264,1,22,2026-06-28,2,997.36
16265,1,33,2026-06-28,2,494.24
16266,1,15,2026-06-28,2,236.76
16267,1,33,2026-06-28,1,247.12
16268,1,14,2026-06-28,2,227.42
16269,1,18,2026-06-28,2,401.68
16270,1,30,2026-06-28,2,440.42
16271,1,17,2026-06-28,2,877.6
16272,1,21,2026-06-28,2,898.84
16273,1,37,2026-06-28,3,1394.7
16274,1,29,2026-06-28,4,1541.84
16275,2,19,2026-06-28,4,302.88
16276,2,39,2026-06-28,2,947.48
16277,2,21,2026-06-28,5,2247.1
16278,3,33,2026-06-28,1,247.12
16279,3,3,2026-06-28,1,424.51
16280,3,22,2026-06-28,2,997.36
16281,3,18,2026-06-28,3,602.52
16282,3,15,2026-06-28,3,355.14
16283,4,3,2026-06-28,4,1698.04
16284,4,27,2026-06-28,2,862.18
16285,4,14,2026-06-28,1,113.71
16286,4,19,2026-06-28,2,151.44
16287,4,7,2026-06-28,4,1415.04
16288,4,27,2026-06-28,4,1724.36
16289,4,3,2026-06-28,1,424.51
16290,4,26,2026-06-28,2,996.16
16291,4,15,2026-06-28,3,355.14
16292,4,15,2026-06-28,1,118.38
16293,4,1,2026-06-28,5,712.75
16294,4,31,2026-06-28,2,972.16
16295,4,3,2026-06-28,4,1698.04
16296,5,25,2026-06-28,1,175.96
16297,5,16,2026-06-28,2,407.16
16298,5,6,2026-06-28,2,886.6
16299,5,4,2026-06-28,1,366.22
16300,6,9,2026-06-28,4,1735.64
16301,6,30,2026-06-28,1,220.21
16302,6,39,2026-06-28,4,1894.96
16303,6,19,2026-06-28,2,151.44
16304,6,7,2026-06-28,2,707.52
16305,7,28,2026-06-28,5,861.83
16306,7,34,2026-06-28,5,202.99
16307,7,28,2026-06-28,5,861.83
16308,7,38,2026-06-28,5,310.88
16309,7,6,2026-06-28,5,1115.64
16310,7,9,2026-06-28,3,655.2
16311,7,33,2026-06-28,4,497.54
16312,8,9,2026-06-28,5,2169.55
16313,8,18,2026-06-28,5,1004.2
16314,8,22,2026-06-28,5,2493.4
16315,8,19,2026-06-28,2,151.44
16316,8,36,2026-06-28,4,1205.92
16317,9,20,2026-06-28,2,543.58
16318,9,31,2026-06-28,5,2430.4
16319,9,9,2026-06-28,4,1735.64
16320,9,12,2026-06-28,3,919.56
16321,9,8,2026-06-28,3,681.65
16322,9,26,2026-06-28,3,1494.24
16323,9,24,2026-06-28,5,403.3
16324,9,18,2026-06-28,2,401.68
16325,9,2,2026-06-28,1,55.59
16326,10,22,2026-06-28,4,1004.01
16327,10,30,2026-06-28,3,332.52
16328,10,20,2026-06-28,4,547.2
16329,10,1,2026-06-28,5,358.75
16330,10,3,2026-06-28,4,854.68
16331,10,14,2026-06-28,1,57.23
16332,11,25,2026-06-28,1,175.96
16333,11,19,2026-06-28,2,151.44
16334,11,26,2026-06-28,1,498.08
16335,11,34,2026-06-28,2,161.32
16336,11,26,2026-06-28,5,2490.4
16337,11,7,2026-06-28,1,353.76
16338,11,26,2026-06-28,5,2490.4
16339,11,38,2026-06-28,4,494.12
16340,11,31,2026-06-28,4,1944.32
16341,11,29,2026-06-28,5,1927.3
16342,11,1,2026-06-28,2,285.1
16343,11,25,2026-06-28,1,175.96
16344,12,9,2026-06-28,2,867.82
16345,12,1,2026-06-28,5,712.75
16346,12,10,2026-06-28,2,639.32
16347,12,26,2026-06-28,2,996.16
16348,12,5,2026-06-28,2,88.02
16349,12,19,2026-06-28,1,75.72
16350,12,31,2026-06-28,5,2430.4
16351,12,5,2026-06-28,5,220.05
16352,12,5,2026-06-28,5,220.05
16353,12,5,2026-06-28,1,44.01
16354,12,30,2026-06-28,2,440.42
16355,1,30,2026-06-29,5,1101.05
16356,1,9,2026-06-29,1,433.91
16357,1,26,2026-06-29,3,1494.24
16358,1,38,2026-06-29,5,617.65
16359,1,18,2026-06-29,5,1004.2
16360,1,10,2026-06-29,1,319.66
16361,1,1,2026-06-29,3,427.65
16362,1,3,2026-06-29,3,1273.53
16363,1,14,2026-06-29,3,341.13
16364,1,33,2026-06-29,5,1229.75
16365,1,1,2026-06-29,2,285.1
16366,2,13,2026-06-29,1,85.88
16367,2,36,2026-06-29,4,1205.92
16368,2,27,2026-06-29,4,1724.36
16369,2,12,2026-06-29,2,613.04
16370,2,39,2026-06-29,2,947.48
16371,3,37,2026-06-29,2,929.8
16372,3,31,2026-06-29,1,486.08
16373,3,38,2026-06-29,5,617.65
16374,3,23,2026-06-29,2,100.0
16375,3,28,2026-06-29,5,1712.25
16376,3,21,2026-06-29,4,1797.68
16377,3,16,2026-06-29,1,203.58
16378,3,18,2026-06-29,4,803.36
16379,3,7,2026-06-29,5,1768.8
16380,3,38,2026-06-29,1,123.53
16381,3,21,2026-06-29,3,1348.26
16382,3,3,2026-06-29,4,1698.04
16383,3,18,2026-06-29,2,401.68
16384,3,28,2026-06-29,3,1027.35
16385,3,30,2026-06-29,3,660.63
16386,4,2,2026-06-29,1,55.59
16387,4,29,2026-06-29,1,385.46
16388,4,1,2026-06-29,1,142.55
16389,5,36,2026-06-29,1,301.48
16390,5,26,2026-06-29,1,498.08
16391,5,39,2026-06-29,1,473.74
16392,5,23,2026-06-29,3,150.0
16393,5,31,2026-06-29,2,972.16
16394,5,2,2026-06-29,5,277.95
16395,5,28,2026-06-29,1,342.45
16396,5,29,2026-06-29,1,385.46
16397,5,27,2026-06-29,2,862.18
16398,5,10,2026-06-29,4,1278.64
16399,5,39,2026-06-29,1,473.74
16400,5,13,2026-06-29,4,343.52
16401,5,2,2026-06-29,5,277.95
16402,5,2,2026-06-29,3,166.77
16403,5,12,2026-06-29,1,306.52
16404,6,12,2026-06-29,5,1532.6
16405,6,13,2026-06-29,1,85.88
16406,6,11,2026-06-29,2,361.72
16407,6,1,2026-06-29,3,427.65
16408,6,1,2026-06-29,3,427.65
16409,6,37,2026-06-29,4,1859.6
16410,6,33,2026-06-29,1,245.95
16411,6,34,2026-06-29,5,403.3
16412,6,31,2026-06-29,3,1458.24
16413,6,18,2026-06-29,3,602.52
16414,6,10,2026-06-29,3,958.98
16415,6,16,2026-06-29,2,407.16
16416,6,4,2026-06-29,1,366.22
16417,6,15,2026-06-29,5,591.9
16418,6,25,2026-06-29,2,350.26
16419,7,30,2026-06-29,5,550.52
16420,7,36,2026-06-29,5,753.7
16421,7,29,2026-06-29,4,770.92
16422,7,20,2026-06-29,3,407.69
16423,7,18,2026-06-29,4,401.68
16424,7,31,2026-06-29,5,1215.2
16425,7,3,2026-06-29,1,212.26
16426,7,7,2026-06-29,2,353.76
16427,7,25,2026-06-29,2,175.13
16428,7,14,2026-06-29,3,170.56
16429,7,24,2026-06-29,5,201.65
16430,7,32,2026-06-29,5,1141.88
16431,8,19,2026-06-29,1,75.72
16432,8,31,2026-06-29,3,1458.24
16433,8,28,2026-06-29,4,1369.8
16434,8,40,2026-06-29,4,1635.72
16435,8,17,2026-06-29,1,438.8
16436,8,22,2026-06-29,5,2493.4
16437,8,33,2026-06-29,4,983.8
16438,8,25,2026-06-29,4,700.51
16439,8,34,2026-06-29,1,80.66
16440,8,30,2026-06-29,1,220.21
16441,8,19,2026-06-29,5,378.6
16442,8,37,2026-06-29,1,464.9
16443,8,35,2026-06-29,1,476.98
16444,8,14,2026-06-29,3,341.13
16445,8,4,2026-06-29,2,732.44
16446,9,27,2026-06-29,3,1293.27
16447,9,17,2026-06-29,3,1316.4
16448,9,28,2026-06-29,1,342.45
16449,9,2,2026-06-29,3,166.77
16450,9,30,2026-06-29,5,1101.05
16451,9,34,2026-06-29,3,241.98
16452,9,1,2026-06-29,5,712.75
16453,9,9,2026-06-29,2,867.82
16454,9,15,2026-06-29,4,473.52
16455,10,16,2026-06-29,5,508.95
16456,10,27,2026-06-29,1,215.54
16457,10,14,2026-06-29,2,113.71
16458,10,37,2026-06-29,4,929.8
16459,10,17,2026-06-29,2,438.8
16460,10,5,2026-06-29,3,66.02
16461,10,34,2026-06-29,5,201.65
16462,10,12,2026-06-29,2,306.52
16463,10,1,2026-06-29,3,213.82
16464,11,1,2026-06-29,1,142.55
16465,11,4,2026-06-29,3,1098.66
16466,11,27,2026-06-29,3,1293.27
16467,11,13,2026-06-29,2,171.76
16468,11,1,2026-06-29,5,712.75
16469,11,12,2026-06-29,4,1226.08
16470,11,36,2026-06-29,1,301.48
16471,11,39,2026-06-29,5,2368.7
16472,12,25,2026-06-29,1,175.13
16473,12,21,2026-06-29,4,1797.68
16474,12,1,2026-06-29,1,142.55
16475,12,9,2026-06-29,4,1735.64
16476,12,9,2026-06-29,2,867.82
16477,12,4,2026-06-29,2,732.44
16478,12,35,2026-06-29,4,1907.92
16479,12,24,2026-06-29,5,403.3
16480,12,6,2026-06-29,5,2216.5
16481,12,34,2026-06-29,5,403.3
16482,12,9,2026-06-29,4,1735.64
16483,12,19,2026-06-29,5,378.6
16484,12,27,2026-06-29,3,1293.27
16485,12,38,2026-06-29,1,123.53
16486,1,15,2026-06-30,5,591.9
16487,1,18,2026-06-30,5,1004.2
16488,1,9,2026-06-30,2,867.82
16489,1,4,2026-06-30,2,732.44
16490,1,6,2026-06-30,1,443.3
16491,1,14,2026-06-30,1,113.71
16492,1,36,2026-06-30,3,904.44
16493,1,36,2026-06-30,1,301.48
16494,1,17,2026-06-30,1,438.8
16495,1,17,2026-06-30,4,1755.2
16496,1,2,2026-06-30,3,166.77
16497,1,8,2026-06-30,5,1125.32
16498,1,23,2026-06-30,1,50.0
16499,1,39,2026-06-30,5,2368.7
16500,1,40,2026-06-30,5,2044.65
16501,2,29,2026-06-30,1,385.46
16502,2,35,2026-06-30,3,1430.94
16503,2,21,2026-06-30,3,1348.26
16504,2,29,2026-06-30,2,770.92
16505,2,25,2026-06-30,5,871.47
16506,2,37,2026-06-30,4,1859.6
16507,2,17,2026-06-30,4,1755.2
16508,2,17,2026-06-30,2,877.6
16509,2,24,2026-06-30,5,403.3
16510,2,2,2026-06-30,2,111.18
16511,2,24,2026-06-30,4,322.64
16512,2,4,2026-06-30,2,732.44
16513,2,37,2026-06-30,5,2324.5
16514,2,4,2026-06-30,1,366.22
16515,3,21,2026-06-30,3,1348.26
16516,3,20,2026-06-30,2,543.58
16517,3,30,2026-06-30,2,440.42
16518,3,20,2026-06-30,1,271.79
16519,3,20,2026-06-30,2,543.58
16520,3,19,2026-06-30,4,302.88
16521,3,28,2026-06-30,5,1712.25
16522,3,19,2026-06-30,3,227.16
16523,3,12,2026-06-30,2,613.04
16524,4,27,2026-06-30,5,2155.45
16525,4,3,2026-06-30,3,1273.53
16526,4,32,2026-06-30,4,1827.0
16527,4,13,2026-06-30,3,257.64
16528,4,10,2026-06-30,2,639.32
16529,4,13,2026-06-30,1,85.88
16530,4,12,2026-06-30,2,613.04
16531,4,9,2026-06-30,4,1735.64
16532,4,21,2026-06-30,2,898.84
16533,4,32,2026-06-30,3,1370.25
16534,4,6,2026-06-30,5,2216.5
16535,5,35,2026-06-30,2,953.96
16536,5,19,2026-06-30,1,75.72
16537,5,17,2026-06-30,3,1316.4
16538,5,16,2026-06-30,3,610.74
16539,5,18,2026-06-30,1,200.84
16540,5,22,2026-06-30,4,1994.72
16541,5,15,2026-06-30,1,118.38
16542,5,26,2026-06-30,4,1992.32
16543,5,30,2026-06-30,3,660.63
16544,6,12,2026-06-30,4,1226.08
16545,6,1,2026-06-30,2,285.1
16546,6,6,2026-06-30,3,1329.9
16547,6,38,2026-06-30,3,370.59
16548,6,16,2026-06-30,3,610.74
16549,6,39,2026-06-30,1,473.74
16550,6,6,2026-06-30,2,886.6
16551,6,14,2026-06-30,4,454.84
16552,6,17,2026-06-30,2,877.6
16553,6,15,2026-06-30,3,355.14
16554,6,9,2026-06-30,3,1301.73
16555,6,13,2026-06-30,5,429.4
16556,6,11,2026-06-30,2,361.72
16557,7,22,2026-06-30,2,495.36
16558,7,39,2026-06-30,1,235.29
16559,7,34,2026-06-30,1,40.06
16560,7,10,2026-06-30,4,635.06
16561,7,11,2026-06-30,4,359.31
16562,7,22,2026-06-30,3,743.03
16563,7,10,2026-06-30,4,635.06
16564,8,5,2026-06-30,3,132.03
16565,8,37,2026-06-30,3,1394.7
16566,8,18,2026-06-30,5,1004.2
16567,8,14,2026-06-30,5,568.55
16568,8,6,2026-06-30,5,2216.5
16569,8,26,2026-06-30,5,2490.4
16570,8,4,2026-06-30,1,366.22
16571,8,32,2026-06-30,2,913.5
16572,8,15,2026-06-30,1,118.38
16573,8,1,2026-06-30,3,427.65
16574,8,1,2026-06-30,2,285.1
16575,8,30,2026-06-30,5,1101.05
16576,8,32,2026-06-30,5,2283.75
16577,8,26,2026-06-30,5,2490.4
16578,8,40,2026-06-30,2,817.86
16579,9,32,2026-06-30,3,1370.25
16580,9,18,2026-06-30,2,401.68
16581,9,11,2026-06-30,4,723.44
16582,9,25,2026-06-30,5,871.47
16583,9,4,2026-06-30,1,366.22
16584,9,4,2026-06-30,3,1098.66
16585,9,19,2026-06-30,1,75.72
16586,10,15,2026-06-30,1,58.8
16587,10,36,2026-06-30,3,449.21
16588,10,37,2026-06-30,2,461.8
16589,10,13,2026-06-30,2,85.31
16590,10,17,2026-06-30,2,435.87
16591,10,13,2026-06-30,2,85.31
16592,10,33,2026-06-30,3,364.72
16593,11,29,2026-06-30,5,1927.3
16594,11,37,2026-06-30,3,1394.7
16595,11,29,2026-06-30,5,1927.3
16596,11,18,2026-06-30,3,602.52
16597,11,29,2026-06-30,1,385.46
16598,11,14,2026-06-30,4,454.84
16599,12,7,2026-06-30,2,707.52
16600,12,2,2026-06-30,2,111.18
16601,12,19,2026-06-30,1,75.72
16602,12,4,2026-06-30,1,366.22
16603,12,8,2026-06-30,1,225.06
16604,12,21,2026-06-30,5,2247.1
16605,12,7,2026-06-30,4,1415.04
16606,12,15,2026-06-30,5,591.9
16607,12,15,2026-06-30,4,473.52
16608,12,40,2026-06-30,1,408.93
16609,12,24,2026-06-30,5,403.3
16610,12,15,2026-06-30,1,118.38
16611,12,35,2026-06-30,5,2384.9
16612,12,13,2026-06-30,2,171.76
16613,1,9,2026-07-01,5,2169.55
16614,1,13,2026-07-01,1,85.88
16615,1,15,2026-07-01,2,236.76
16616,1,15,2026-07-01,4,473.52
16617,1,11,2026-07-01,2,361.72
16618,1,14,2026-07-01,2,227.42
16619,2,3,2026-07-01,3,1273.53
16620,2,15,2026-07-01,2,236.76
16621,2,9,2026-07-01,1,433.91
16622,2,18,2026-07-01,4,803.36
16623,2,7,2026-07-01,1,353.76
16624,2,7,2026-07-01,1,353.76
16625,2,13,2026-07-01,1,85.88
16626,2,30,2026-07-01,5,1101.05
16627,2,27,2026-07-01,5,2155.45
16628,3,1,2026-07-01,3,427.65
16629,3,31,2026-07-01,4,1944.32
16630,3,40,2026-07-01,1,408.93
16631,3,35,2026-07-01,4,1907.92
16632,3,27,2026-07-01,5,2155.45
16633,3,6,2026-07-01,4,1773.2
16634,3,3,2026-07-01,5,2122.55
16635,3,23,2026-07-01,5,250.0
16636,3,4,2026-07-01,1,366.22
16637,3,39,2026-07-01,1,473.74
16638,4,17,2026-07-01,2,877.6
16639,4,10,2026-07-01,1,319.66
16640,4,27,2026-07-01,1,431.09
16641,4,34,2026-07-01,5,403.3
16642,4,12,2026-07-01,1,306.52
16643,5,4,2026-07-01,4,1464.88
16644,5,40,2026-07-01,1,408.93
16645,5,22,2026-07-01,5,2493.4
16646,5,38,2026-07-01,2,247.06
16647,5,32,2026-07-01,5,2283.75
16648,5,38,2026-07-01,5,617.65
16649,5,17,2026-07-01,1,438.8
16650,5,38,2026-07-01,2,247.06
16651,6,15,2026-07-01,4,473.52
16652,6,15,2026-07-01,3,355.14
16653,6,7,2026-07-01,4,1415.04
16654,6,39,2026-07-01,4,1894.96
16655,6,10,2026-07-01,3,958.98
16656,6,25,2026-07-01,3,520.38
16657,6,28,2026-07-01,5,1712.25
16658,6,6,2026-07-01,1,443.3
16659,6,12,2026-07-01,4,1226.08
16660,6,22,2026-07-01,1,498.68
16661,6,27,2026-07-01,5,2155.45
16662,6,16,2026-07-01,2,407.16
16663,6,37,2026-07-01,4,1859.6
16664,6,40,2026-07-01,3,1226.79
16665,7,12,2026-07-01,3,453.65
16666,7,33,2026-07-01,2,240.36
16667,7,15,2026-07-01,1,58.4
16668,7,7,2026-07-01,1,174.52
16669,7,40,2026-07-01,3,605.22
16670,7,30,2026-07-01,5,543.18
16671,7,4,2026-07-01,1,180.67
16672,7,7,2026-07-01,1,174.52
16673,7,35,2026-07-01,5,1176.55
16674,7,29,2026-07-01,5,950.8
16675,7,37,2026-07-01,3,688.05
16676,7,12,2026-07-01,1,151.22
16677,8,34,2026-07-01,3,241.98
16678,8,35,2026-07-01,2,953.96
16679,8,36,2026-07-01,2,602.96
16680,8,23,2026-07-01,4,200.0
16681,8,6,2026-07-01,5,2216.5
16682,8,20,2026-07-01,4,1087.16
16683,8,1,2026-07-01,3,427.65
16684,8,32,2026-07-01,1,456.75
16685,8,15,2026-07-01,5,591.9
16686,8,12,2026-07-01,2,613.04
16687,8,22,2026-07-01,4,1994.72
16688,9,17,2026-07-01,2,877.6
16689,9,22,2026-07-01,2,997.36
16690,9,21,2026-07-01,2,898.84
16691,9,31,2026-07-01,5,2430.4
16692,9,2,2026-07-01,5,277.95
16693,9,36,2026-07-01,5,1507.4
16694,10,5,2026-07-01,1,21.71
16695,10,1,2026-07-01,2,140.65
16696,10,7,2026-07-01,4,698.09
16697,10,2,2026-07-01,3,82.27
16698,10,34,2026-07-01,3,119.38
16699,11,23,2026-07-01,4,200.0
16700,11,33,2026-07-01,1,243.61
16701,11,30,2026-07-01,1,220.21
16702,11,8,2026-07-01,3,671.96
16703,11,32,2026-07-01,1,456.75
16704,11,14,2026-07-01,3,341.13
16705,11,35,2026-07-01,2,953.96
16706,11,40,2026-07-01,5,2044.65
16707,12,4,2026-07-01,4,1464.88
16708,12,35,2026-07-01,1,476.98
16709,12,9,2026-07-01,3,1301.73
16710,12,2,2026-07-01,1,55.59
16711,12,22,2026-07-01,3,1496.04
16712,12,24,2026-07-01,2,161.32
16713,12,36,2026-07-01,4,1205.92
16714,12,29,2026-07-01,4,1541.84
16715,12,2,2026-07-01,4,222.36
16716,12,17,2026-07-01,4,1755.2
16717,12,39,2026-07-01,1,473.74
16718,1,31,2026-07-02,1,486.08
16719,1,32,2026-07-02,1,456.75
16720,1,28,2026-07-02,2,684.9
16721,1,29,2026-07-02,4,1541.84
16722,1,6,2026-07-02,1,443.3
16723,1,4,2026-07-02,1,366.22
16724,1,5,2026-07-02,2,88.02
16725,1,25,2026-07-02,1,172.63
16726,1,14,2026-07-02,5,568.55
16727,1,5,2026-07-02,2,88.02
16728,1,14,2026-07-02,3,341.13
16729,2,38,2026-07-02,4,494.12
16730,2,5,2026-07-02,5,220.05
16731,2,25,2026-07-02,1,172.63
16732,2,40,2026-07-02,1,408.93
16733,2,20,2026-07-02,4,1087.16
16734,2,3,2026-07-02,2,849.02
16735,2,18,2026-07-02,4,803.36
16736,2,4,2026-07-02,1,366.22
16737,2,1,2026-07-02,3,427.65
16738,3,17,2026-07-02,2,877.6
16739,3,33,2026-07-02,1,242.44
16740,3,14,2026-07-02,2,227.42
16741,3,39,2026-07-02,2,947.48
16742,3,1,2026-07-02,3,427.65
16743,3,23,2026-07-02,3,150.0
16744,3,3,2026-07-02,3,1273.53
16745,3,17,2026-07-02,1,438.8
16746,3,16,2026-07-02,4,814.32
16747,3,39,2026-07-02,5,2368.7
16748,3,16,2026-07-02,5,1017.9
16749,3,28,2026-07-02,2,684.9
16750,3,2,2026-07-02,4,222.36
16751,3,19,2026-07-02,5,378.6
16752,4,16,2026-07-02,4,814.32
16753,4,31,2026-07-02,4,1944.32
16754,4,5,2026-07-02,4,176.04
16755,4,9,2026-07-02,5,2169.55
16756,5,33,2026-07-02,2,484.87
16757,5,34,2026-07-02,5,403.3
16758,5,31,2026-07-02,2,972.16
16759,5,6,2026-07-02,5,2216.5
16760,5,5,2026-07-02,3,132.03
16761,5,13,2026-07-02,3,257.64
16762,5,12,2026-07-02,1,306.52
16763,5,14,2026-07-02,1,113.71
16764,5,18,2026-07-02,2,401.68
16765,5,32,2026-07-02,3,1370.25
16766,5,3,2026-07-02,5,2122.55
16767,5,4,2026-07-02,1,366.22
16768,5,7,2026-07-02,5,1768.8
16769,6,34,2026-07-02,2,161.32
16770,6,34,2026-07-02,3,241.98
16771,6,22,2026-07-02,3,1496.04
16772,6,32,2026-07-02,2,913.5
16773,6,16,2026-07-02,4,814.32
16774,6,16,2026-07-02,5,1017.9
16775,6,14,2026-07-02,5,568.55
16776,6,25,2026-07-02,2,345.25
16777,6,16,2026-07-02,4,814.32
16778,6,23,2026-07-02,1,50.0
16779,7,39,2026-07-02,2,464.27
16780,7,15,2026-07-02,3,174.02
16781,7,16,2026-07-02,5,498.77
16782,7,32,2026-07-02,1,223.81
16783,7,12,2026-07-02,1,150.19
16784,7,1,2026-07-02,1,69.85
16785,8,13,2026-07-02,3,257.64
16786,8,14,2026-07-02,4,454.84
16787,8,20,2026-07-02,1,271.79
16788,8,14,2026-07-02,5,568.55
16789,8,15,2026-07-02,1,118.38
16790,8,39,2026-07-02,5,2368.7
16791,8,28,2026-07-02,3,1027.35
16792,8,14,2026-07-02,5,568.55
16793,8,22,2026-07-02,5,2493.4
16794,8,3,2026-07-02,1,424.51
16795,8,35,2026-07-02,3,1430.94
16796,8,6,2026-07-02,3,1329.9
16797,8,15,2026-07-02,5,591.9
16798,9,16,2026-07-02,1,203.58
16799,9,34,2026-07-02,4,322.64
16800,9,27,2026-07-02,3,1293.27
16801,9,6,2026-07-02,5,2216.5
16802,9,27,2026-07-02,2,862.18
16803,10,33,2026-07-02,5,593.97
16804,10,20,2026-07-02,5,665.89
16805,10,40,2026-07-02,5,1001.88
16806,10,1,2026-07-02,4,279.4
16807,10,34,2026-07-02,5,197.62
16808,10,3,2026-07-02,5,1040.05
16809,10,16,2026-07-02,4,399.02
16810,10,9,2026-07-02,3,637.85
16811,10,31,2026-07-02,5,1190.9
16812,11,19,2026-07-02,5,378.6
16813,11,30,2026-07-02,5,1101.05
16814,11,28,2026-07-02,4,1369.8
16815,11,10,2026-07-02,1,319.66
16816,11,39,2026-07-02,5,2368.7
16817,11,25,2026-07-02,3,517.88
16818,11,31,2026-07-02,2,972.16
16819,11,39,2026-07-02,5,2368.7
16820,11,9,2026-07-02,3,1301.73
16821,11,37,2026-07-02,5,2324.5
16822,11,3,2026-07-02,4,1698.04
16823,11,28,2026-07-02,5,1712.25
16824,11,18,2026-07-02,2,401.68
16825,12,33,2026-07-02,3,727.31
16826,12,38,2026-07-02,5,617.65
16827,12,39,2026-07-02,1,473.74
16828,12,14,2026-07-02,3,341.13
16829,12,33,2026-07-02,1,242.44
16830,1,25,2026-07-03,5,858.96
16831,1,34,2026-07-03,3,241.98
16832,1,28,2026-07-03,5,1712.25
16833,1,39,2026-07-03,5,2368.7
16834,1,18,2026-07-03,2,401.68
16835,1,33,2026-07-03,2,482.53
16836,1,23,2026-07-03,2,100.0
16837,1,17,2026-07-03,1,438.8
16838,1,16,2026-07-03,2,407.16
16839,1,10,2026-07-03,2,639.32
16840,1,1,2026-07-03,3,427.65
16841,1,9,2026-07-03,2,867.82
16842,1,4,2026-07-03,4,1464.88
16843,1,38,2026-07-03,4,494.12
16844,1,18,2026-07-03,5,1004.2
16845,2,38,2026-07-03,1,123.53
16846,2,15,2026-07-03,4,473.52
16847,2,30,2026-07-03,5,1101.05
16848,2,30,2026-07-03,1,220.21
16849,2,33,2026-07-03,5,1206.33
16850,2,21,2026-07-03,4,1797.68
16851,2,13,2026-07-03,2,171.76
16852,2,16,2026-07-03,4,814.32
16853,2,14,2026-07-03,1,113.71
16854,2,11,2026-07-03,4,723.44
16855,2,34,2026-07-03,4,322.64
16856,3,3,2026-07-03,4,1698.04
16857,3,19,2026-07-03,2,151.44
16858,3,34,2026-07-03,2,161.32
16859,4,39,2026-07-03,5,2368.7
16860,4,24,2026-07-03,2,161.32
16861,4,37,2026-07-03,5,2324.5
16862,4,31,2026-07-03,5,2430.4
16863,4,1,2026-07-03,2,285.1
16864,4,7,2026-07-03,3,1061.28
16865,4,37,2026-07-03,5,2324.5
16866,5,28,2026-07-03,2,684.9
16867,5,24,2026-07-03,5,403.3
16868,5,7,2026-07-03,2,707.52
16869,5,27,2026-07-03,5,2155.45
16870,5,12,2026-07-03,1,306.52
16871,5,18,2026-07-03,3,602.52
16872,5,20,2026-07-03,1,271.79
16873,5,33,2026-07-03,3,723.8
16874,6,28,2026-07-03,1,342.45
16875,6,26,2026-07-03,2,996.16
16876,6,10,2026-07-03,5,1598.3
16877,6,5,2026-07-03,5,220.05
16878,6,11,2026-07-03,4,723.44
16879,6,26,2026-07-03,3,1494.24
16880,6,6,2026-07-03,1,443.3
16881,6,9,2026-07-03,5,2169.55
16882,6,2,2026-07-03,2,111.18
16883,7,4,2026-07-03,5,891.14
16884,7,16,2026-07-03,3,297.23
16885,7,6,2026-07-03,5,1078.7
16886,7,22,2026-07-03,2,485.38
16887,7,12,2026-07-03,4,596.69
16888,7,2,2026-07-03,3,81.16
16889,7,2,2026-07-03,1,27.05
16890,7,22,2026-07-03,5,1213.45
16891,7,14,2026-07-03,4,221.36
16892,8,27,2026-07-03,4,1724.36
16893,8,11,2026-07-03,3,542.58
16894,8,32,2026-07-03,4,1827.0
16895,8,9,2026-07-03,1,433.91
16896,8,6,2026-07-03,2,886.6
16897,8,24,2026-07-03,1,80.66
16898,8,37,2026-07-03,5,2324.5
16899,8,39,2026-07-03,4,1894.96
16900,8,1,2026-07-03,4,570.2
16901,8,4,2026-07-03,1,366.22
16902,8,39,2026-07-03,2,947.48
16903,8,38,2026-07-03,2,247.06
16904,9,34,2026-07-03,5,403.3
16905,9,39,2026-07-03,3,1421.22
16906,9,31,2026-07-03,5,2430.4
16907,9,35,2026-07-03,3,1430.94
16908,9,9,2026-07-03,1,433.91
16909,9,36,2026-07-03,3,904.44
16910,9,2,2026-07-03,2,111.18
16911,9,39,2026-07-03,3,1421.22
16912,9,35,2026-07-03,4,1907.92
16913,9,3,2026-07-03,5,2122.55
16914,9,38,2026-07-03,2,247.06
16915,9,8,2026-07-03,2,443.67
16916,9,10,2026-07-03,5,1598.3
16917,9,39,2026-07-03,3,1421.22
16918,9,25,2026-07-03,5,858.96
16919,10,39,2026-07-03,1,230.55
16920,10,1,2026-07-03,1,69.37
16921,10,38,2026-07-03,2,120.24
16922,10,17,2026-07-03,4,854.2
16923,10,36,2026-07-03,2,293.44
16924,10,11,2026-07-03,1,88.02
16925,10,1,2026-07-03,1,69.37
16926,11,37,2026-07-03,5,2324.5
16927,11,3,2026-07-03,4,1698.04
16928,11,20,2026-07-03,5,1358.95
16929,11,3,2026-07-03,4,1698.04
16930,11,8,2026-07-03,4,887.33
16931,11,31,2026-07-03,1,486.08
16932,11,18,2026-07-03,1,200.84
16933,11,22,2026-07-03,1,498.68
16934,11,34,2026-07-03,4,322.64
16935,11,9,2026-07-03,5,2169.55
16936,11,16,2026-07-03,2,407.16
16937,11,18,2026-07-03,1,200.84
16938,11,27,2026-07-03,1,431.09
16939,12,12,2026-07-03,2,613.04
16940,12,28,2026-07-03,5,1712.25
16941,12,36,2026-07-03,3,904.44
16942,12,8,2026-07-03,1,221.83
16943,12,14,2026-07-03,1,113.71
16944,12,25,2026-07-03,1,171.79
16945,12,5,2026-07-03,4,176.04
16946,12,4,2026-07-03,5,1831.1
16947,12,30,2026-07-03,1,220.21
16948,12,26,2026-07-03,5,2490.4
16949,12,20,2026-07-03,3,815.37
16950,12,25,2026-07-03,1,171.79
16951,12,38,2026-07-03,3,370.59
16952,1,17,2026-07-04,5,2194.0
16953,1,19,2026-07-04,1,75.72
16954,1,1,2026-07-04,3,427.65
16955,1,15,2026-07-04,1,118.38
16956,1,6,2026-07-04,4,1773.2
16957,1,31,2026-07-04,4,1944.32
16958,1,3,2026-07-04,2,849.02
16959,1,29,2026-07-04,5,1927.3
16960,1,12,2026-07-04,2,613.04
16961,1,38,2026-07-04,5,617.65
16962,1,14,2026-07-04,4,454.84
16963,1,24,2026-07-04,4,322.64
16964,1,4,2026-07-04,2,732.44
16965,2,3,2026-07-04,3,1273.53
16966,2,39,2026-07-04,2,947.48
16967,2,8,2026-07-04,3,662.27
16968,3,26,2026-07-04,1,498.08
16969,3,4,2026-07-04,4,1464.88
16970,3,23,2026-07-04,4,200.0
16971,3,13,2026-07-04,4,343.52
16972,3,2,2026-07-04,5,277.95
16973,3,7,2026-07-04,3,1061.28
16974,3,36,2026-07-04,4,1205.92
16975,4,20,2026-07-04,1,271.79
16976,4,7,2026-07-04,4,1415.04
16977,4,6,2026-07-04,2,886.6
16978,4,6,2026-07-04,4,1773.2
16979,4,27,2026-07-04,4,1724.36
16980,5,23,2026-07-04,2,100.0
16981,5,16,2026-07-04,5,1017.9
16982,5,37,2026-07-04,2,929.8
16983,5,28,2026-07-04,3,1027.35
16984,5,2,2026-07-04,1,55.59
16985,5,12,2026-07-04,5,1532.6
16986,5,36,2026-07-04,1,301.48
16987,5,39,2026-07-04,4,1894.96
16988,5,40,2026-07-04,4,1635.72
16989,5,13,2026-07-04,4,343.52
16990,5,11,2026-07-04,1,180.86
16991,5,28,2026-07-04,2,684.9
16992,5,34,2026-07-04,5,403.3
16993,6,25,2026-07-04,5,854.79
16994,6,9,2026-07-04,1,433.91
16995,6,40,2026-07-04,3,1226.79
16996,6,38,2026-07-04,1,123.53
16997,6,1,2026-07-04,4,570.2
16998,6,3,2026-07-04,5,2122.55
16999,6,3,2026-07-04,5,2122.55
17000,6,26,2026-07-04,3,1494.24
17001,6,27,2026-07-04,1,431.09
17002,6,19,2026-07-04,2,151.44
17003,6,24,2026-07-04,2,161.32
17004,6,25,2026-07-04,2,341.92
17005,6,7,2026-07-04,4,1415.04
17006,6,37,2026-07-04,2,929.8
17007,7,3,2026-07-04,2,410.36
17008,7,17,2026-07-04,3,636.26
17009,7,4,2026-07-04,3,531.02
17010,7,4,2026-07-04,2,354.01
17011,8,1,2026-07-04,3,427.65
17012,8,27,2026-07-04,4,1724.36
17013,8,12,2026-07-04,1,306.52
17014,8,7,2026-07-04,4,1415.04
17015,8,28,2026-07-04,5,1712.25
17016,8,3,2026-07-04,1,424.51
17017,9,16,2026-07-04,1,203.58
17018,9,19,2026-07-04,2,151.44
17019,9,8,2026-07-04,2,441.51
17020,9,4,2026-07-04,1,366.22
17021,9,17,2026-07-04,1,438.8
17022,9,25,2026-07-04,5,854.79
17023,9,23,2026-07-04,2,100.0
17024,9,18,2026-07-04,1,200.84
17025,9,1,2026-07-04,4,570.2
17026,9,4,2026-07-04,1,366.22
17027,10,17,2026-07-04,4,848.35
17028,10,36,2026-07-04,2,291.43
17029,10,36,2026-07-04,5,728.58
17030,10,28,2026-07-04,3,496.55
17031,10,32,2026-07-04,2,441.52
17032,10,22,2026-07-04,4,964.11
17033,11,9,2026-07-04,5,2169.55
17034,11,14,2026-07-04,5,568.55
17035,11,31,2026-07-04,3,1458.24
17036,11,12,2026-07-04,4,1226.08
17037,11,31,2026-07-04,1,486.08
17038,11,38,2026-07-04,2,247.06
17039,11,16,2026-07-04,2,407.16
17040,11,29,2026-07-04,4,1541.84
17041,11,29,2026-07-04,1,385.46
17042,11,7,2026-07-04,5,1768.8
17043,12,27,2026-07-04,3,1293.27
17044,12,29,2026-07-04,3,1156.38
17045,12,16,2026-07-04,5,1017.9
17046,12,34,2026-07-04,1,80.66
17047,12,1,2026-07-04,2,285.1
17048,12,25,2026-07-04,5,854.79
17049,12,35,2026-07-04,3,1430.94
17050,1,39,2026-07-05,2,947.48
17051,1,1,2026-07-05,4,570.2
17052,1,17,2026-07-05,3,1316.4
17053,2,13,2026-07-05,1,85.88
17054,2,9,2026-07-05,1,433.91
17055,2,17,2026-07-05,4,1755.2
17056,2,22,2026-07-05,3,1496.04
17057,2,17,2026-07-05,3,1316.4
17058,2,12,2026-07-05,1,306.52
17059,2,31,2026-07-05,2,972.16
17060,2,4,2026-07-05,4,1464.88
17061,2,26,2026-07-05,2,996.16
17062,2,33,2026-07-05,3,716.77
17063,2,38,2026-07-05,1,123.53
17064,3,27,2026-07-05,4,1724.36
17065,3,35,2026-07-05,5,2384.9
17066,3,34,2026-07-05,1,80.66
17067,3,12,2026-07-05,2,613.04
17068,3,29,2026-07-05,4,1541.84
17069,3,3,2026-07-05,4,1698.04
17070,3,31,2026-07-05,5,2430.4
17071,3,38,2026-07-05,2,247.06
17072,3,22,2026-07-05,2,997.36
17073,4,18,2026-07-05,1,200.84
17074,4,38,2026-07-05,2,247.06
17075,4,10,2026-07-05,1,319.66
17076,4,35,2026-07-05,4,1907.92
17077,5,8,2026-07-05,5,1098.4
17078,5,36,2026-07-05,2,602.96
17079,5,39,2026-07-05,1,473.74
17080,5,22,2026-07-05,2,997.36
17081,5,1,2026-07-05,3,427.65
17082,5,40,2026-07-05,5,2044.65
17083,5,21,2026-07-05,4,1797.68
17084,5,27,2026-07-05,2,862.18
17085,5,14,2026-07-05,5,568.55
17086,5,32,2026-07-05,5,2283.75
17087,5,40,2026-07-05,3,1226.79
17088,5,32,2026-07-05,4,1827.0
17089,6,26,2026-07-05,5,2490.4
17090,6,21,2026-07-05,4,1797.68
17091,6,6,2026-07-05,2,886.6
17092,6,16,2026-07-05,4,814.32
17093,6,23,2026-07-05,2,100.0
17094,6,21,2026-07-05,5,2247.1
17095,6,28,2026-07-05,2,684.9
17096,6,8,2026-07-05,1,219.68
17097,6,36,2026-07-05,5,1507.4
17098,6,30,2026-07-05,2,440.42
17099,6,39,2026-07-05,5,2368.7
17100,6,28,2026-07-05,3,1027.35
17101,6,1,2026-07-05,4,570.2
17102,6,30,2026-07-05,1,220.21
17103,6,31,2026-07-05,3,1458.24
17104,7,28,2026-07-05,5,821.88
17105,7,27,2026-07-05,4,827.69
17106,7,9,2026-07-05,1,208.28
17107,7,33,2026-07-05,4,458.73
17108,7,39,2026-07-05,5,1136.98
17109,7,4,2026-07-05,5,878.93
17110,8,27,2026-07-05,4,1724.36
17111,8,24,2026-07-05,4,322.64
17112,8,11,2026-07-05,1,180.86
17113,8,14,2026-07-05,4,454.84
17114,8,16,2026-07-05,4,814.32
17115,8,20,2026-07-05,1,271.79
17116,8,2,2026-07-05,4,222.36
17117,8,22,2026-07-05,4,1994.72
17118,8,30,2026-07-05,2,440.42
17119,8,18,2026-07-05,4,803.36
17120,8,33,2026-07-05,5,1194.62
17121,8,33,2026-07-05,2,477.85
17122,8,21,2026-07-05,1,449.42
17123,8,28,2026-07-05,3,1027.35
17124,9,26,2026-07-05,1,498.08
17125,9,37,2026-07-05,4,1859.6
17126,9,8,2026-07-05,5,1098.4
17127,9,13,2026-07-05,2,171.76
17128,9,20,2026-07-05,1,271.79
17129,9,7,2026-07-05,2,707.52
17130,9,4,2026-07-05,2,732.44
17131,9,17,2026-07-05,2,877.6
17132,9,6,2026-07-05,3,1329.9
17133,9,6,2026-07-05,3,1329.9
17134,9,26,2026-07-05,2,996.16
17135,9,23,2026-07-05,1,50.0
17136,9,35,2026-07-05,4,1907.92
17137,9,30,2026-07-05,3,660.63
17138,9,32,2026-07-05,1,456.75
17139,10,31,2026-07-05,3,699.96
17140,10,31,2026-07-05,5,1166.59
17141,10,11,2026-07-05,4,347.25
17142,10,16,2026-07-05,1,97.72
17143,10,31,2026-07-05,3,699.96
17144,10,21,2026-07-05,4,862.89
17145,10,14,2026-07-05,5,272.9
17146,10,35,2026-07-05,2,457.9
17147,10,40,2026-07-05,1,196.29
17148,10,22,2026-07-05,5,1196.83
17149,10,5,2026-07-05,2,42.25
17150,10,1,2026-07-05,1,68.42
17151,10,3,2026-07-05,5,1018.82
17152,10,6,2026-07-05,2,425.57
17153,10,2,2026-07-05,3,80.05
17154,11,19,2026-07-05,4,302.88
17155,11,14,2026-07-05,4,454.84
17156,11,3,2026-07-05,5,2122.55
17157,11,36,2026-07-05,1,301.48
17158,11,27,2026-07-05,5,2155.45
17159,11,32,2026-07-05,5,2283.75
17160,11,22,2026-07-05,5,2493.4
17161,11,24,2026-07-05,3,241.98
17162,11,36,2026-07-05,2,602.96
17163,11,17,2026-07-05,4,1755.2
17164,11,2,2026-07-05,5,277.95
17165,11,2,2026-07-05,5,277.95
17166,12,20,2026-07-05,3,815.37
17167,12,9,2026-07-05,5,2169.55
17168,12,11,2026-07-05,1,180.86
17169,12,15,2026-07-05,2,236.76
17170,12,36,2026-07-05,2,602.96
17171,12,10,2026-07-05,1,319.66
17172,12,23,2026-07-05,3,150.0
17173,12,25,2026-07-05,1,170.12
17174,12,6,2026-07-05,5,2216.5
17175,12,30,2026-07-05,2,440.42
17176,12,1,2026-07-05,5,712.75
17177,1,20,2026-07-06,5,1358.95
17178,1,14,2026-07-06,3,341.13
17179,1,29,2026-07-06,5,1927.3
17180,1,33,2026-07-06,3,713.26
17181,1,29,2026-07-06,2,770.92
17182,1,38,2026-07-06,3,370.59
17183,1,31,2026-07-06,5,2430.4
17184,1,20,2026-07-06,3,815.37
17185,1,40,2026-07-06,5,2044.65
17186,2,35,2026-07-06,5,2384.9
17187,2,31,2026-07-06,1,486.08
17188,2,31,2026-07-06,1,486.08
17189,2,25,2026-07-06,3,507.87
17190,2,39,2026-07-06,3,1421.22
17191,2,25,2026-07-06,4,677.16
17192,2,31,2026-07-06,5,2430.4
17193,2,24,2026-07-06,5,403.3
17194,2,8,2026-07-06,4,874.41
17195,2,24,2026-07-06,1,80.66
17196,2,3,2026-07-06,4,1698.04
17197,3,36,2026-07-06,3,904.44
17198,3,33,2026-07-06,2,475.5
17199,3,5,2026-07-06,2,88.02
17200,3,35,2026-07-06,5,2384.9
17201,4,39,2026-07-06,4,1894.96
17202,4,17,2026-07-06,4,1755.2
17203,4,16,2026-07-06,4,814.32
17204,4,4,2026-07-06,2,732.44
17205,4,25,2026-07-06,5,846.45
17206,4,29,2026-07-06,2,770.92
17207,4,33,2026-07-06,1,237.75
17208,4,19,2026-07-06,5,378.6
17209,4,5,2026-07-06,4,176.04
17210,5,39,2026-07-06,4,1894.96
17211,5,18,2026-07-06,1,200.84
17212,5,11,2026-07-06,5,904.3
17213,5,38,2026-07-06,1,123.53
17214,5,21,2026-07-06,4,1797.68
17215,5,21,2026-07-06,4,1797.68
17216,5,14,2026-07-06,5,568.55
17217,6,15,2026-07-06,4,473.52
17218,6,11,2026-07-06,4,723.44
17219,6,20,2026-07-06,5,1358.95
17220,6,33,2026-07-06,2,475.5
17221,6,14,2026-07-06,5,568.55
17222,6,6,2026-07-06,5,2216.5
17223,6,8,2026-07-06,4,874.41
17224,6,15,2026-07-06,5,591.9
17225,6,37,2026-07-06,4,1859.6
17226,6,17,2026-07-06,2,877.6
17227,6,34,2026-07-06,2,161.32
17228,7,24,2026-07-06,5,192.24
17229,7,1,2026-07-06,5,339.74
17230,7,28,2026-07-06,2,326.47
17231,7,25,2026-07-06,4,322.78
17232,7,2,2026-07-06,1,26.5
17233,7,30,2026-07-06,5,524.83
17234,7,1,2026-07-06,3,203.85
17235,7,34,2026-07-06,5,192.24
17236,8,20,2026-07-06,4,1087.16
17237,8,32,2026-07-06,2,913.5
17238,8,21,2026-07-06,2,898.84
17239,9,10,2026-07-06,1,319.66
17240,9,11,2026-07-06,3,542.58
17241,9,17,2026-07-06,1,438.8
17242,9,28,2026-07-06,3,1027.35
17243,9,26,2026-07-06,4,1992.32
17244,9,16,2026-07-06,4,814.32
17245,9,21,2026-07-06,5,2247.1
17246,9,2,2026-07-06,3,166.77
17247,10,36,2026-07-06,4,574.82
17248,10,37,2026-07-06,5,1108.01
17249,10,6,2026-07-06,1,211.31
17250,10,24,2026-07-06,1,38.45
17251,10,31,2026-07-06,1,231.7
17252,10,6,2026-07-06,2,422.61
17253,10,37,2026-07-06,3,664.81
17254,10,31,2026-07-06,5,1158.49
17255,10,17,2026-07-06,2,418.32
17256,10,24,2026-07-06,3,115.34
17257,10,14,2026-07-06,3,162.61
17258,10,16,2026-07-06,3,291.12
17259,10,1,2026-07-06,3,203.85
17260,11,15,2026-07-06,5,591.9
17261,11,5,2026-07-06,4,176.04
17262,11,23,2026-07-06,4,200.0
17263,11,19,2026-07-06,5,378.6
17264,11,9,2026-07-06,4,1735.64
17265,12,13,2026-07-06,2,171.76
17266,12,1,2026-07-06,3,427.65
17267,12,33,2026-07-06,5,1188.76
17268,12,14,2026-07-06,3,341.13
17269,12,19,2026-07-06,2,151.44
17270,12,32,2026-07-06,2,913.5
17271,1,31,2026-07-07,2,972.16
17272,1,27,2026-07-07,5,2155.45
17273,1,19,2026-07-07,5,378.6
17274,1,39,2026-07-07,3,1421.22
17275,1,19,2026-07-07,4,302.88
17276,1,34,2026-07-07,2,161.32
17277,1,3,2026-07-07,2,849.02
17278,1,7,2026-07-07,5,1768.8
17279,1,38,2026-07-07,5,617.65
17280,1,23,2026-07-07,1,50.0
17281,1,37,2026-07-07,3,1394.7
17282,1,24,2026-07-07,4,322.64
17283,1,2,2026-07-07,2,111.18
17284,2,1,2026-07-07,1,142.55
17285,2,1,2026-07-07,3,427.65
17286,2,12,2026-07-07,2,613.04
17287,2,24,2026-07-07,5,403.3
17288,2,30,2026-07-07,3,660.63
17289,2,36,2026-07-07,4,1205.92
17290,2,38,2026-07-07,2,247.06
17291,3,9,2026-07-07,4,1735.64
17292,3,36,2026-07-07,2,602.96
17293,3,11,2026-07-07,5,904.3
17294,3,2,2026-07-07,2,111.18
17295,3,7,2026-07-07,4,1415.04
17296,3,11,2026-07-07,5,904.3
17297,3,27,2026-07-07,2,862.18
17298,3,10,2026-07-07,2,639.32
17299,4,17,2026-07-07,5,2194.0
17300,4,21,2026-07-07,5,2247.1
17301,4,12,2026-07-07,3,919.56
17302,4,14,2026-07-07,1,113.71
17303,4,2,2026-07-07,2,111.18
17304,4,1,2026-07-07,5,712.75
17305,4,39,2026-07-07,1,473.74
17306,4,8,2026-07-07,5,1087.63
17307,5,8,2026-07-07,4,870.1
17308,5,26,2026-07-07,3,1494.24
17309,5,2,2026-07-07,3,166.77
17310,5,22,2026-07-07,1,498.68
17311,5,2,2026-07-07,4,222.36
17312,5,8,2026-07-07,5,1087.63
17313,5,7,2026-07-07,3,1061.28
17314,5,25,2026-07-07,4,673.83
17315,5,6,2026-07-07,5,2216.5
17316,5,20,2026-07-07,3,815.37
17317,5,33,2026-07-07,1,236.58
17318,5,25,2026-07-07,5,842.28
17319,5,40,2026-07-07,3,1226.79
17320,5,34,2026-07-07,4,322.64
17321,6,6,2026-07-07,3,1329.9
17322,6,26,2026-07-07,3,1494.24
17323,6,4,2026-07-07,2,732.44
17324,6,5,2026-07-07,1,44.01
17325,6,38,2026-07-07,2,247.06
17326,6,21,2026-07-07,3,1348.26
17327,6,19,2026-07-07,5,378.6
17328,6,10,2026-07-07,1,319.66
17329,6,25,2026-07-07,5,842.28
17330,6,30,2026-07-07,5,1101.05
17331,6,26,2026-07-07,1,498.08
17332,6,3,2026-07-07,1,424.51
17333,6,10,2026-07-07,4,1278.64
17334,6,35,2026-07-07,5,2384.9
17335,6,36,2026-07-07,4,1205.92
17336,7,4,2026-07-07,1,173.34
17337,7,17,2026-07-07,2,415.4
17338,7,39,2026-07-07,5,1121.18
17339,7,20,2026-07-07,3,385.94
17340,7,24,2026-07-07,5,190.9
17341,8,7,2026-07-07,3,1061.28
17342,8,31,2026-07-07,1,486.08
17343,8,31,2026-07-07,1,486.08
17344,8,22,2026-07-07,3,1496.04
17345,8,30,2026-07-07,2,440.42
17346,8,31,2026-07-07,4,1944.32
17347,9,6,2026-07-07,1,443.3
17348,9,6,2026-07-07,3,1329.9
17349,9,36,2026-07-07,3,904.44
17350,9,8,2026-07-07,4,870.1
17351,9,3,2026-07-07,1,424.51
17352,9,7,2026-07-07,3,1061.28
17353,9,16,2026-07-07,3,610.74
17354,10,11,2026-07-07,1,85.61
17355,10,34,2026-07-07,2,76.36
17356,10,38,2026-07-07,2,116.94
17357,10,29,2026-07-07,3,547.35
17358,10,37,2026-07-07,5,1100.26
17359,10,33,2026-07-07,2,223.96
17360,11,31,2026-07-07,4,1944.32
17361,11,17,2026-07-07,5,2194.0
17362,11,7,2026-07-07,1,353.76
17363,11,16,2026-07-07,2,407.16
17364,11,25,2026-07-07,4,673.83
17365,11,28,2026-07-07,4,1369.8
17366,11,25,2026-07-07,3,505.37
17367,11,12,2026-07-07,1,306.52
17368,11,3,2026-07-07,1,424.51
17369,12,9,2026-07-07,3,1301.73
17370,12,4,2026-07-07,2,732.44
17371,12,25,2026-07-07,1,168.46
17372,12,4,2026-07-07,3,1098.66
17373,12,26,2026-07-07,1,498.08
17374,12,6,2026-07-07,1,443.3
17375,12,29,2026-07-07,3,1156.38
17376,12,37,2026-07-07,2,929.8
17377,12,4,2026-07-07,4,1464.88
17378,12,36,2026-07-07,4,1205.92
17379,12,23,2026-07-07,5,250.0
17380,12,9,2026-07-07,5,2169.55
17381,1,21,2026-07-08,5,2247.1
17382,1,37,2026-07-08,5,2324.5
17383,1,36,2026-07-08,4,1205.92
17384,1,35,2026-07-08,5,2384.9
17385,2,20,2026-07-08,5,1358.95
17386,2,6,2026-07-08,2,886.6
17387,2,11,2026-07-08,4,723.44
17388,3,30,2026-07-08,3,660.63
17389,3,29,2026-07-08,3,1156.38
17390,3,4,2026-07-08,2,732.44
17391,4,16,2026-07-08,5,1017.9
17392,4,8,2026-07-08,5,1082.25
17393,4,10,2026-07-08,5,1598.3
17394,4,21,2026-07-08,3,1348.26
17395,4,26,2026-07-08,4,1992.32
17396,4,4,2026-07-08,2,732.44
17397,5,24,2026-07-08,3,241.98
17398,5,1,2026-07-08,5,712.75
17399,5,10,2026-07-08,4,1278.64
17400,5,9,2026-07-08,4,1735.64
17401,5,39,2026-07-08,1,473.74
17402,6,17,2026-07-08,5,2194.0
17403,6,3,2026-07-08,5,2122.55
17404,6,19,2026-07-08,4,302.88
17405,6,9,2026-07-08,4,1735.64
17406,6,3,2026-07-08,5,2122.55
17407,6,38,2026-07-08,4,494.12
17408,6,39,2026-07-08,3,1421.22
17409,6,19,2026-07-08,3,227.16
17410,7,4,2026-07-08,2,344.25
17411,7,6,2026-07-08,4,833.4
17412,7,27,2026-07-08,3,607.84
17413,7,10,2026-07-08,5,751.2
17414,7,11,2026-07-08,3,255.01
17415,8,27,2026-07-08,3,1293.27
17416,8,5,2026-07-08,5,220.05
17417,8,26,2026-07-08,3,1494.24
17418,8,11,2026-07-08,5,904.3
17419,8,13,2026-07-08,4,343.52
17420,8,7,2026-07-08,3,1061.28
17421,8,13,2026-07-08,3,257.64
17422,8,38,2026-07-08,5,617.65
17423,8,4,2026-07-08,3,1098.66
17424,8,6,2026-07-08,2,886.6
17425,8,19,2026-07-08,5,378.6
17426,8,24,2026-07-08,2,161.32
17427,8,25,2026-07-08,3,502.87
17428,8,19,2026-07-08,5,378.6
17429,9,34,2026-07-08,1,80.66
17430,9,31,2026-07-08,4,1944.32
17431,9,34,2026-07-08,3,241.98
17432,9,7,2026-07-08,1,353.76
17433,10,3,2026-07-08,1,199.52
17434,10,4,2026-07-08,1,172.12
17435,10,28,2026-07-08,1,160.95
17436,10,37,2026-07-08,2,437.01
17437,10,7,2026-07-08,3,498.8
17438,11,40,2026-07-08,2,817.86
17439,11,28,2026-07-08,5,1712.25
17440,11,21,2026-07-08,2,898.84
17441,11,17,2026-07-08,1,438.8
17442,11,12,2026-07-08,2,613.04
17443,11,6,2026-07-08,2,886.6
17444,11,34,2026-07-08,1,80.66
17445,11,28,2026-07-08,3,1027.35
17446,12,36,2026-07-08,1,301.48
17447,12,7,2026-07-08,2,707.52
17448,12,18,2026-07-08,1,200.84
17449,12,22,2026-07-08,3,1496.04
17450,12,36,2026-07-08,3,904.44
17451,12,14,2026-07-08,4,454.84
17452,12,24,2026-07-08,1,80.66
17453,12,16,2026-07-08,5,1017.9
17454,1,21,2026-07-09,4,1797.68
17455,1,29,2026-07-09,5,1927.3
17456,1,35,2026-07-09,2,953.96
17457,1,10,2026-07-09,1,319.66
17458,1,20,2026-07-09,3,815.37
17459,1,15,2026-07-09,3,355.14
17460,2,15,2026-07-09,5,591.9
17461,2,15,2026-07-09,5,591.9
17462,2,17,2026-07-09,5,2194.0
17463,2,29,2026-07-09,4,1541.84
17464,2,2,2026-07-09,4,222.36
17465,2,31,2026-07-09,5,2430.4
17466,2,7,2026-07-09,5,1768.8
17467,3,31,2026-07-09,4,1944.32
17468,3,25,2026-07-09,2,333.58
17469,3,14,2026-07-09,4,454.84
17470,3,20,2026-07-09,2,543.58
17471,3,35,2026-07-09,4,1907.92
17472,3,11,2026-07-09,4,723.44
17473,3,40,2026-07-09,4,1635.72
17474,3,7,2026-07-09,3,1061.28
17475,3,13,2026-07-09,4,343.52
17476,3,16,2026-07-09,2,407.16
17477,3,12,2026-07-09,1,306.52
17478,3,15,2026-07-09,2,236.76
17479,3,17,2026-07-09,3,1316.4
17480,3,19,2026-07-09,5,378.6
17481,4,10,2026-07-09,2,639.32
17482,4,40,2026-07-09,3,1226.79
17483,4,21,2026-07-09,3,1348.26
17484,4,7,2026-07-09,2,707.52
17485,4,37,2026-07-09,1,464.9
17486,4,5,2026-07-09,5,220.05
17487,4,33,2026-07-09,2,468.48
17488,4,8,2026-07-09,2,430.74
17489,4,32,2026-07-09,5,2283.75
17490,4,40,2026-07-09,1,408.93
17491,4,3,2026-07-09,2,849.02
17492,4,21,2026-07-09,2,898.84
17493,4,35,2026-07-09,1,476.98
17494,4,13,2026-07-09,2,171.76
17495,5,13,2026-07-09,5,429.4
17496,5,2,2026-07-09,2,111.18
17497,5,14,2026-07-09,1,113.71
17498,5,32,2026-07-09,3,1370.25
17499,5,34,2026-07-09,5,403.3
17500,5,3,2026-07-09,1,424.51
17501,6,25,2026-07-09,4,667.16
17502,6,31,2026-07-09,1,486.08
17503,6,9,2026-07-09,1,433.91
17504,7,8,2026-07-09,2,201.01
17505,7,23,2026-07-09,4,93.33
17506,7,12,2026-07-09,3,429.13
17507,7,38,2026-07-09,4,230.59
17508,7,1,2026-07-09,2,133.05
17509,7,6,2026-07-09,2,413.75
17510,7,25,2026-07-09,5,389.17
17511,7,22,2026-07-09,4,930.87
17512,7,23,2026-07-09,3,70.0
17513,7,28,2026-07-09,1,159.81
17514,7,8,2026-07-09,5,502.54
17515,8,15,2026-07-09,4,473.52
17516,8,28,2026-07-09,4,1369.8
17517,8,39,2026-07-09,5,2368.7
17518,8,3,2026-07-09,1,424.51
17519,8,1,2026-07-09,4,570.2
17520,9,9,2026-07-09,2,867.82
17521,9,39,2026-07-09,3,1421.22
17522,9,20,2026-07-09,4,1087.16
17523,9,24,2026-07-09,4,322.64
17524,9,5,2026-07-09,3,132.03
17525,10,18,2026-07-09,3,281.18
17526,10,32,2026-07-09,5,1065.75
17527,10,15,2026-07-09,3,165.73
17528,10,16,2026-07-09,4,380.02
17529,10,15,2026-07-09,2,110.49
17530,10,31,2026-07-09,4,907.35
17531,10,32,2026-07-09,2,426.3
17532,11,21,2026-07-09,1,449.42
17533,11,1,2026-07-09,3,427.65
17534,11,30,2026-07-09,2,440.42
17535,11,24,2026-07-09,5,403.3
17536,11,21,2026-07-09,1,449.42
17537,11,27,2026-07-09,5,2155.45
17538,11,31,2026-07-09,4,1944.32
17539,11,14,2026-07-09,4,454.84
17540,11,5,2026-07-09,5,220.05
17541,11,15,2026-07-09,2,236.76
17542,11,12,2026-07-09,1,306.52
17543,11,3,2026-07-09,4,1698.04
17544,12,39,2026-07-09,5,2368.7
17545,12,14,2026-07-09,2,227.42
17546,12,26,2026-07-09,4,1992.32
17547,1,28,2026-07-10,4,1369.8
17548,1,32,2026-07-10,2,913.5
17549,1,33,2026-07-10,1,233.07
17550,1,30,2026-07-10,4,880.84
17551,2,37,2026-07-10,2,929.8
17552,2,13,2026-07-10,2,171.76
17553,2,29,2026-07-10,4,1541.84
17554,2,14,2026-07-10,2,227.42
17555,2,21,2026-07-10,5,2247.1
17556,2,7,2026-07-10,5,1768.8
17557,2,34,2026-07-10,2,161.32
17558,2,35,2026-07-10,1,476.98
17559,2,17,2026-07-10,3,1316.4
17560,2,1,2026-07-10,2,285.1
17561,2,34,2026-07-10,2,161.32
17562,2,4,2026-07-10,2,732.44
17563,2,11,2026-07-10,5,904.3
17564,3,2,2026-07-10,5,277.95
17565,3,34,2026-07-10,2,161.32
17566,3,6,2026-07-10,4,1773.2
17567,3,34,2026-07-10,2,161.32
17568,3,18,2026-07-10,1,200.84
17569,3,26,2026-07-10,4,1992.32
17570,3,20,2026-07-10,3,815.37
17571,3,1,2026-07-10,5,712.75
17572,3,4,2026-07-10,1,366.22
17573,3,12,2026-07-10,3,919.56
17574,3,24,2026-07-10,2,161.32
17575,3,40,2026-07-10,5,2044.65
17576,4,20,2026-07-10,2,543.58
17577,4,5,2026-07-10,2,88.02
17578,4,38,2026-07-10,2,247.06
17579,4,4,2026-07-10,3,1098.66
17580,4,22,2026-07-10,3,1496.04
17581,4,19,2026-07-10,2,151.44
17582,4,30,2026-07-10,5,1101.05
17583,4,29,2026-07-10,5,1927.3
17584,4,35,2026-07-10,2,953.96
17585,4,37,2026-07-10,3,1394.7
17586,4,18,2026-07-10,5,1004.2
17587,5,13,2026-07-10,3,257.64
17588,5,10,2026-07-10,4,1278.64
17589,5,39,2026-07-10,1,473.74
17590,5,30,2026-07-10,4,880.84
17591,5,25,2026-07-10,4,663.82
17592,5,4,2026-07-10,4,1464.88
17593,5,38,2026-07-10,2,247.06
17594,6,27,2026-07-10,4,1724.36
17595,6,20,2026-07-10,3,815.37
17596,6,4,2026-07-10,2,732.44
17597,6,6,2026-07-10,1,443.3
17598,6,38,2026-07-10,5,617.65
17599,7,30,2026-07-10,3,306.09
17600,7,5,2026-07-10,3,61.17
17601,7,25,2026-07-10,5,384.46
17602,7,38,2026-07-10,4,228.94
17603,7,29,2026-07-10,5,892.98
17604,7,35,2026-07-10,1,221.0
17605,7,14,2026-07-10,2,105.37
17606,7,12,2026-07-10,4,568.08
17607,8,37,2026-07-10,5,2324.5
17608,8,35,2026-07-10,4,1907.92
17609,8,1,2026-07-10,1,142.55
17610,8,23,2026-07-10,2,100.0
17611,8,34,2026-07-10,5,403.3
17612,8,1,2026-07-10,2,285.1
17613,8,26,2026-07-10,4,1992.32
17614,8,4,2026-07-10,1,366.22
17615,8,21,2026-07-10,2,898.84
17616,8,35,2026-07-10,1,476.98
17617,8,32,2026-07-10,3,1370.25
17618,8,9,2026-07-10,2,867.82
17619,9,12,2026-07-10,5,1532.6
17620,9,30,2026-07-10,4,880.84
17621,9,8,2026-07-10,5,1071.48
17622,9,6,2026-07-10,4,1773.2
17623,9,4,2026-07-10,1,366.22
17624,9,32,2026-07-10,2,913.5
17625,9,21,2026-07-10,4,1797.68
17626,9,26,2026-07-10,3,1494.24
17627,9,35,2026-07-10,2,953.96
17628,9,1,2026-07-10,5,712.75
17629,9,18,2026-07-10,5,1004.2
17630,9,36,2026-07-10,5,1507.4
17631,9,33,2026-07-10,2,466.14
17632,10,5,2026-07-10,2,40.78
17633,10,7,2026-07-10,1,163.91
17634,10,38,2026-07-10,1,57.24
17635,10,34,2026-07-10,2,74.74
17636,10,25,2026-07-10,3,230.68
17637,11,4,2026-07-10,1,366.22
17638,11,11,2026-07-10,5,904.3
17639,11,26,2026-07-10,2,996.16
17640,11,8,2026-07-10,2,428.59
17641,11,25,2026-07-10,1,165.95
17642,11,34,2026-07-10,1,80.66
17643,11,24,2026-07-10,3,241.98
17644,11,22,2026-07-10,5,2493.4
17645,11,4,2026-07-10,4,1464.88
17646,12,27,2026-07-10,4,1724.36
17647,12,23,2026-07-10,5,250.0
17648,12,24,2026-07-10,5,403.3
17649,12,37,2026-07-10,5,2324.5
17650,12,3,2026-07-10,5,2122.55
17651,12,20,2026-07-10,4,1087.16
17652,12,26,2026-07-10,3,1494.24
17653,12,36,2026-07-10,2,602.96
17654,12,10,2026-07-10,3,958.98
17655,12,35,2026-07-10,5,2384.9
17656,12,36,2026-07-10,3,904.44
17657,12,20,2026-07-10,2,543.58
17658,1,26,2026-07-11,5,2490.4
17659,1,33,2026-07-11,4,927.59
17660,1,31,2026-07-11,1,486.08
17661,1,17,2026-07-11,1,438.8
17662,1,25,2026-07-11,2,330.24
17663,1,31,2026-07-11,1,486.08
17664,2,24,2026-07-11,3,241.98
17665,2,32,2026-07-11,2,913.5
17666,2,7,2026-07-11,4,1415.04
17667,2,25,2026-07-11,1,165.12
17668,2,23,2026-07-11,5,250.0
17669,2,9,2026-07-11,5,2169.55
17670,2,11,2026-07-11,3,542.58
17671,3,27,2026-07-11,4,1724.36
17672,3,40,2026-07-11,1,408.93
17673,3,4,2026-07-11,3,1098.66
17674,3,20,2026-07-11,2,543.58
17675,4,30,2026-07-11,5,1101.05
17676,4,16,2026-07-11,1,203.58
17677,4,4,2026-07-11,1,366.22
17678,4,35,2026-07-11,2,953.96
17679,4,37,2026-07-11,5,2324.5
17680,4,24,2026-07-11,2,161.32
17681,5,16,2026-07-11,5,1017.9
17682,5,10,2026-07-11,3,958.98
17683,5,7,2026-07-11,1,353.76
17684,5,29,2026-07-11,1,385.46
17685,5,20,2026-07-11,3,815.37
17686,5,22,2026-07-11,2,997.36
17687,5,17,2026-07-11,4,1755.2
17688,5,3,2026-07-11,3,1273.53
17689,5,35,2026-07-11,5,2384.9
17690,5,21,2026-07-11,2,898.84
17691,5,6,2026-07-11,1,443.3
17692,5,25,2026-07-11,5,825.61
17693,5,20,2026-07-11,2,543.58
17694,5,34,2026-07-11,1,80.66
17695,5,7,2026-07-11,5,1768.8
17696,6,13,2026-07-11,4,343.52
17697,6,12,2026-07-11,1,306.52
17698,6,16,2026-07-11,2,407.16
17699,6,9,2026-07-11,5,2169.55
17700,6,22,2026-07-11,4,1994.72
17701,6,22,2026-07-11,1,498.68
17702,6,12,2026-07-11,5,1532.6
17703,6,38,2026-07-11,1,123.53
17704,6,34,2026-07-11,2,161.32
17705,7,35,2026-07-11,1,219.41
17706,7,27,2026-07-11,2,396.6
17707,7,10,2026-07-11,2,294.09
17708,7,39,2026-07-11,1,217.92
17709,7,11,2026-07-11,2,166.39
17710,7,32,2026-07-11,2,420.21
17711,7,12,2026-07-11,1,141.0
17712,7,37,2026-07-11,4,855.42
17713,7,6,2026-07-11,4,815.67
17714,8,12,2026-07-11,2,613.04
17715,8,23,2026-07-11,1,50.0
17716,8,10,2026-07-11,1,319.66
17717,8,16,2026-07-11,5,1017.9
17718,8,3,2026-07-11,1,424.51
17719,8,11,2026-07-11,1,180.86
17720,8,17,2026-07-11,1,438.8
17721,8,27,2026-07-11,4,1724.36
17722,8,11,2026-07-11,4,723.44
17723,8,10,2026-07-11,1,319.66
17724,9,38,2026-07-11,2,247.06
17725,9,5,2026-07-11,1,44.01
17726,9,38,2026-07-11,1,123.53
17727,9,40,2026-07-11,5,2044.65
17728,9,22,2026-07-11,1,498.68
17729,10,27,2026-07-11,2,396.6
17730,10,20,2026-07-11,3,375.07
17731,10,34,2026-07-11,5,185.52
17732,10,36,2026-07-11,4,554.72
17733,10,20,2026-07-11,2,250.05
17734,10,12,2026-07-11,2,282.0
17735,10,25,2026-07-11,5,379.78
17736,10,35,2026-07-11,2,438.82
17737,10,13,2026-07-11,1,39.5
17738,10,13,2026-07-11,3,118.51
17739,11,25,2026-07-11,2,330.24
17740,11,9,2026-07-11,4,1735.64
17741,11,19,2026-07-11,4,302.88
17742,11,17,2026-07-11,3,1316.4
17743,11,12,2026-07-11,2,613.04
17744,11,18,2026-07-11,5,1004.2
17745,11,26,2026-07-11,1,498.08
17746,11,8,2026-07-11,2,426.44
17747,11,29,2026-07-11,4,1541.84
17748,11,18,2026-07-11,3,602.52
17749,11,11,2026-07-11,5,904.3
17750,11,17,2026-07-11,1,438.8
17751,12,2,2026-07-11,3,166.77
17752,12,12,2026-07-11,2,613.04
17753,12,39,2026-07-11,1,473.74
17754,12,8,2026-07-11,1,213.22
17755,12,16,2026-07-11,3,610.74
17756,1,40,2026-07-12,5,2044.65
17757,1,34,2026-07-12,4,322.64
17758,1,17,2026-07-12,5,2194.0
17759,2,20,2026-07-12,3,815.37
17760,2,8,2026-07-12,1,212.14
17761,2,21,2026-07-12,5,2247.1
17762,2,24,2026-07-12,3,241.98
17763,2,12,2026-07-12,2,613.04
17764,3,3,2026-07-12,5,2122.55
17765,3,13,2026-07-12,3,257.64
17766,3,21,2026-07-12,4,1797.68
17767,3,16,2026-07-12,2,407.16
17768,3,6,2026-07-12,1,443.3
17769,4,36,2026-07-12,2,602.96
17770,4,2,2026-07-12,3,166.77
17771,4,36,2026-07-12,3,904.44
17772,4,29,2026-07-12,4,1541.84
17773,4,33,2026-07-12,1,230.73
17774,4,5,2026-07-12,1,44.01
17775,4,27,2026-07-12,2,862.18
17776,4,32,2026-07-12,5,2283.75
17777,4,30,2026-07-12,5,1101.05
17778,4,13,2026-07-12,3,257.64
17779,4,12,2026-07-12,2,613.04
17780,4,28,2026-07-12,5,1712.25
17781,5,18,2026-07-12,1,200.84
17782,5,21,2026-07-12,1,449.42
17783,5,40,2026-07-12,2,817.86
17784,5,37,2026-07-12,4,1859.6
17785,5,6,2026-07-12,1,443.3
17786,5,29,2026-07-12,2,770.92
17787,5,6,2026-07-12,3,1329.9
17788,5,3,2026-07-12,2,849.02
17789,5,25,2026-07-12,4,657.15
17790,5,25,2026-07-12,3,492.86
17791,6,13,2026-07-12,3,257.64
17792,6,36,2026-07-12,5,1507.4
17793,6,21,2026-07-12,3,1348.26
17794,6,4,2026-07-12,4,1464.88
17795,6,5,2026-07-12,3,132.03
17796,6,10,2026-07-12,2,639.32
17797,6,13,2026-07-12,2,171.76
17798,6,1,2026-07-12,1,142.55
17799,6,16,2026-07-12,3,610.74
17800,6,17,2026-07-12,1,438.8
17801,6,25,2026-07-12,2,328.57
17802,7,22,2026-07-12,2,455.46
17803,7,40,2026-07-12,4,746.98
17804,7,3,2026-07-12,1,193.86
17805,8,22,2026-07-12,1,498.68
17806,8,26,2026-07-12,3,1494.24
17807,8,15,2026-07-12,5,591.9
17808,8,26,2026-07-12,2,996.16
17809,8,15,2026-07-12,4,473.52
17810,8,7,2026-07-12,2,707.52
17811,8,17,2026-07-12,5,2194.0
17812,8,23,2026-07-12,4,200.0
17813,8,32,2026-07-12,3,1370.25
17814,9,7,2026-07-12,2,707.52
17815,9,22,2026-07-12,5,2493.4
17816,9,3,2026-07-12,5,2122.55
17817,10,40,2026-07-12,4,746.98
17818,10,29,2026-07-12,1,176.03
17819,10,23,2026-07-12,4,91.33
17820,11,3,2026-07-12,5,2122.55
17821,11,34,2026-07-12,1,80.66
17822,11,29,2026-07-12,4,1541.84
17823,11,10,2026-07-12,2,639.32
17824,11,29,2026-07-12,2,770.92
17825,11,28,2026-07-12,2,684.9
17826,11,29,2026-07-12,3,1156.38
17827,11,22,2026-07-12,5,2493.4
17828,11,5,2026-07-12,1,44.01
17829,12,6,2026-07-12,3,1329.9
17830,12,3,2026-07-12,3,1273.53
17831,12,19,2026-07-12,2,151.44
17832,12,7,2026-07-12,1,353.76
17833,12,9,2026-07-12,2,867.82
17834,12,15,2026-07-12,3,355.14
17835,12,13,2026-07-12,1,85.88
17836,12,15,2026-07-12,2,236.76
17837,1,13,2026-07-13,1,85.88
17838,1,27,2026-07-13,1,431.09
17839,1,35,2026-07-13,5,2384.9
17840,2,26,2026-07-13,4,1992.32
17841,2,36,2026-07-13,4,1205.92
17842,2,2,2026-07-13,5,277.95
17843,2,12,2026-07-13,4,1226.08
17844,2,25,2026-07-13,3,490.36
17845,2,24,2026-07-13,4,322.64
17846,2,3,2026-07-13,3,1273.53
17847,2,9,2026-07-13,5,2169.55
17848,3,21,2026-07-13,3,1348.26
17849,3,6,2026-07-13,4,1773.2
17850,3,37,2026-07-13,5,2324.5
17851,3,18,2026-07-13,3,602.52
17852,4,10,2026-07-13,3,958.98
17853,4,23,2026-07-13,4,200.0
17854,4,27,2026-07-13,2,862.18
17855,4,3,2026-07-13,2,849.02
17856,4,3,2026-07-13,3,1273.53
17857,4,35,2026-07-13,4,1907.92
17858,4,40,2026-07-13,1,408.93
17859,4,15,2026-07-13,2,236.76
17860,5,27,2026-07-13,3,1293.27
17861,5,34,2026-07-13,4,322.64
17862,5,35,2026-07-13,4,1907.92
17863,5,14,2026-07-13,1,113.71
17864,5,29,2026-07-13,1,385.46
17865,5,19,2026-07-13,1,75.72
17866,5,3,2026-07-13,5,2122.55
17867,5,25,2026-07-13,1,163.45
17868,5,14,2026-07-13,1,113.71
17869,5,25,2026-07-13,5,817.27
17870,5,35,2026-07-13,1,476.98
17871,5,40,2026-07-13,1,408.93
17872,5,36,2026-07-13,2,602.96
17873,5,39,2026-07-13,1,473.74
17874,5,3,2026-07-13,4,1698.04
17875,6,32,2026-07-13,2,913.5
17876,6,2,2026-07-13,1,55.59
17877,6,30,2026-07-13,4,880.84
17878,6,17,2026-07-13,4,1755.2
17879,6,32,2026-07-13,3,1370.25
17880,6,39,2026-07-13,1,473.74
17881,6,18,2026-07-13,4,803.36
17882,6,20,2026-07-13,2,543.58
17883,6,37,2026-07-13,4,1859.6
17884,6,18,2026-07-13,5,1004.2
17885,6,6,2026-07-13,1,443.3
17886,7,35,2026-07-13,1,216.23
17887,7,9,2026-07-13,5,983.53
17888,7,12,2026-07-13,1,138.96
17889,7,38,2026-07-13,3,168.0
17890,7,26,2026-07-13,4,903.19
17891,7,25,2026-07-13,1,74.1
17892,7,33,2026-07-13,2,208.13
17893,7,33,2026-07-13,5,520.32
17894,7,31,2026-07-13,1,220.36
17895,7,12,2026-07-13,1,138.96
17896,7,17,2026-07-13,3,596.77
17897,8,28,2026-07-13,1,342.45
17898,8,36,2026-07-13,4,1205.92
17899,8,36,2026-07-13,1,301.48
17900,8,12,2026-07-13,2,613.04
17901,8,16,2026-07-13,5,1017.9
17902,8,29,2026-07-13,1,385.46
17903,8,18,2026-07-13,4,803.36
17904,8,18,2026-07-13,4,803.36
17905,8,16,2026-07-13,1,203.58
17906,8,9,2026-07-13,2,867.82
17907,8,22,2026-07-13,1,498.68
17908,8,29,2026-07-13,4,1541.84
17909,8,36,2026-07-13,2,602.96
17910,8,9,2026-07-13,3,1301.73
17911,9,14,2026-07-13,1,113.71
17912,9,2,2026-07-13,3,166.77
17913,9,13,2026-07-13,3,257.64
17914,9,8,2026-07-13,5,1055.32
17915,10,11,2026-07-13,4,327.96
17916,10,37,2026-07-13,3,632.26
17917,10,19,2026-07-13,2,68.65
17918,10,2,2026-07-13,4,100.8
17919,10,36,2026-07-13,2,273.34
17920,10,33,2026-07-13,1,104.06
17921,10,35,2026-07-13,2,432.46
17922,11,17,2026-07-13,1,438.8
17923,11,9,2026-07-13,5,2169.55
17924,11,20,2026-07-13,4,1087.16
17925,12,31,2026-07-13,3,1458.24
17926,12,18,2026-07-13,5,1004.2
17927,12,20,2026-07-13,5,1358.95
17928,12,35,2026-07-13,3,1430.94
17929,12,24,2026-07-13,4,322.64
17930,1,40,2026-07-14,4,1635.72
17931,1,14,2026-07-14,5,568.55
17932,1,25,2026-07-14,3,487.86
17933,1,10,2026-07-14,4,1278.64
17934,1,30,2026-07-14,1,220.21
17935,1,8,2026-07-14,2,419.98
17936,1,15,2026-07-14,1,118.38
17937,1,2,2026-07-14,5,277.95
17938,1,8,2026-07-14,1,209.99
17939,2,9,2026-07-14,2,867.82
17940,2,16,2026-07-14,2,407.16
17941,2,24,2026-07-14,5,403.3
17942,2,16,2026-07-14,4,814.32
17943,2,9,2026-07-14,2,867.82
17944,2,6,2026-07-14,4,1773.2
17945,2,7,2026-07-14,3,1061.28
17946,2,4,2026-07-14,4,1464.88
17947,3,25,2026-07-14,4,650.48
17948,3,26,2026-07-14,2,996.16
17949,3,12,2026-07-14,1,306.52
17950,3,3,2026-07-14,3,1273.53
17951,3,27,2026-07-14,5,2155.45
17952,3,6,2026-07-14,1,443.3
17953,3,9,2026-07-14,5,2169.55
17954,3,19,2026-07-14,2,151.44
17955,3,10,2026-07-14,2,639.32
17956,4,25,2026-07-14,4,650.48
17957,4,32,2026-07-14,1,456.75
17958,4,7,2026-07-14,1,353.76
17959,4,27,2026-07-14,1,431.09
17960,4,34,2026-07-14,3,241.98
17961,4,2,2026-07-14,4,222.36
17962,4,29,2026-07-14,4,1541.84
17963,4,27,2026-07-14,4,1724.36
17964,4,15,2026-07-14,1,118.38
17965,4,10,2026-07-14,3,958.98
17966,4,31,2026-07-14,3,1458.24
17967,4,18,2026-07-14,5,1004.2
17968,4,35,2026-07-14,1,476.98
17969,4,5,2026-07-14,1,44.01
17970,5,26,2026-07-14,1,498.08
17971,5,1,2026-07-14,1,142.55
17972,5,13,2026-07-14,4,343.52
17973,5,26,2026-07-14,5,2490.4
17974,5,3,2026-07-14,4,1698.04
17975,5,28,2026-07-14,4,1369.8
17976,5,2,2026-07-14,1,55.59
17977,5,13,2026-07-14,3,257.64
17978,5,38,2026-07-14,1,123.53
17979,5,36,2026-07-14,1,301.48
17980,5,17,2026-07-14,3,1316.4
17981,5,37,2026-07-14,5,2324.5
17982,5,34,2026-07-14,2,161.32
17983,5,2,2026-07-14,5,277.95
17984,5,17,2026-07-14,5,2194.0
17985,6,20,2026-07-14,5,1358.95
17986,6,22,2026-07-14,3,1496.04
17987,6,14,2026-07-14,5,568.55
17988,6,32,2026-07-14,1,456.75
17989,7,15,2026-07-14,2,106.54
17990,7,29,2026-07-14,1,173.46
17991,7,34,2026-07-14,3,108.89
17992,7,25,2026-07-14,2,146.36
17993,7,12,2026-07-14,1,137.93
17994,7,25,2026-07-14,3,219.54
17995,7,21,2026-07-14,5,1011.2
17996,7,21,2026-07-14,5,1011.2
17997,8,31,2026-07-14,1,486.08
17998,8,40,2026-07-14,5,2044.65
17999,8,26,2026-07-14,3,1494.24
18000,8,20,2026-07-14,5,1358.95
18001,8,38,2026-07-14,4,494.12
18002,8,2,2026-07-14,4,222.36
18003,8,37,2026-07-14,5,2324.5
18004,8,15,2026-07-14,5,591.9
18005,8,40,2026-07-14,4,1635.72
18006,8,32,2026-07-14,2,913.5
18007,8,15,2026-07-14,1,118.38
18008,9,12,2026-07-14,4,1226.08
18009,9,16,2026-07-14,5,1017.9
18010,9,31,2026-07-14,4,1944.32
18011,9,4,2026-07-14,1,366.22
18012,9,4,2026-07-14,4,1464.88
18013,9,10,2026-07-14,4,1278.64
18014,10,15,2026-07-14,5,266.36
18015,10,17,2026-07-14,3,592.38
18016,10,4,2026-07-14,1,164.8
18017,10,6,2026-07-14,4,797.94
18018,10,10,2026-07-14,4,575.39
18019,10,13,2026-07-14,1,38.65
18020,10,2,2026-07-14,2,50.03
18021,10,27,2026-07-14,2,387.98
18022,10,17,2026-07-14,4,789.84
18023,10,7,2026-07-14,3,477.58
18024,10,31,2026-07-14,1,218.74
18025,10,34,2026-07-14,4,145.19
18026,11,9,2026-07-14,5,2169.55
18027,11,20,2026-07-14,3,815.37
18028,11,19,2026-07-14,2,151.44
18029,11,25,2026-07-14,2,325.24
18030,11,22,2026-07-14,2,997.36
18031,11,1,2026-07-14,3,427.65
18032,11,28,2026-07-14,4,1369.8
18033,11,40,2026-07-14,2,817.86
18034,11,39,2026-07-14,2,947.48
18035,11,27,2026-07-14,5,2155.45
18036,12,20,2026-07-14,5,1358.95
18037,12,36,2026-07-14,5,1507.4
18038,12,31,2026-07-14,3,1458.24
18039,12,25,2026-07-14,5,813.1
18040,12,5,2026-07-14,5,220.05
18041,12,11,2026-07-14,1,180.86
18042,12,13,2026-07-14,5,429.4
18043,12,10,2026-07-14,4,1278.64
18044,12,3,2026-07-14,1,424.51
18045,12,27,2026-07-14,1,431.09
18046,12,3,2026-07-14,3,1273.53
18047,12,31,2026-07-14,2,972.16
18048,12,19,2026-07-14,4,302.88
18049,1,7,2026-07-15,2,707.52
18050,1,31,2026-07-15,1,486.08
18051,1,30,2026-07-15,2,440.42
18052,1,6,2026-07-15,4,1773.2
18053,1,30,2026-07-15,1,220.21
18054,1,38,2026-07-15,5,617.65
18055,1,23,2026-07-15,4,200.0
18056,1,40,2026-07-15,5,2044.65
18057,1,38,2026-07-15,2,247.06
18058,1,18,2026-07-15,1,200.84
18059,1,16,2026-07-15,1,203.58
18060,1,34,2026-07-15,4,322.64
18061,1,9,2026-07-15,1,433.91
18062,2,4,2026-07-15,1,366.22
18063,2,13,2026-07-15,3,257.64
18064,2,18,2026-07-15,1,200.84
18065,2,37,2026-07-15,5,2324.5
18066,2,40,2026-07-15,1,408.93
18067,3,12,2026-07-15,3,919.56
18068,3,31,2026-07-15,5,2430.4
18069,3,1,2026-07-15,5,712.75
18070,3,2,2026-07-15,5,277.95
18071,3,8,2026-07-15,5,1044.56
18072,3,17,2026-07-15,5,2194.0
18073,4,30,2026-07-15,5,1101.05
18074,4,3,2026-07-15,4,1698.04
18075,4,13,2026-07-15,2,171.76
18076,4,8,2026-07-15,1,208.91
18077,4,6,2026-07-15,1,443.3
18078,4,37,2026-07-15,4,1859.6
18079,4,33,2026-07-15,1,227.21
18080,4,36,2026-07-15,5,1507.4
18081,4,23,2026-07-15,5,250.0
18082,4,16,2026-07-15,5,1017.9
18083,4,29,2026-07-15,3,1156.38
18084,4,6,2026-07-15,5,2216.5
18085,4,35,2026-07-15,1,476.98
18086,4,17,2026-07-15,1,438.8
18087,4,7,2026-07-15,5,1768.8
18088,5,5,2026-07-15,3,132.03
18089,5,33,2026-07-15,3,681.64
18090,5,29,2026-07-15,5,1927.3
18091,5,8,2026-07-15,2,417.82
18092,5,15,2026-07-15,2,236.76
18093,5,35,2026-07-15,1,476.98
18094,5,12,2026-07-15,4,1226.08
18095,5,40,2026-07-15,3,1226.79
18096,5,38,2026-07-15,5,617.65
18097,6,17,2026-07-15,2,877.6
18098,6,15,2026-07-15,5,591.9
18099,6,38,2026-07-15,4,494.12
18100,6,28,2026-07-15,5,1712.25
18101,6,1,2026-07-15,3,427.65
18102,6,7,2026-07-15,4,1415.04
18103,6,38,2026-07-15,1,123.53
18104,6,1,2026-07-15,5,712.75
18105,6,32,2026-07-15,2,913.5
18106,6,29,2026-07-15,1,385.46
18107,6,20,2026-07-15,1,271.79
18108,7,16,2026-07-15,5,454.66
18109,7,17,2026-07-15,1,196.0
18110,7,20,2026-07-15,4,485.6
18111,7,10,2026-07-15,4,571.13
18112,7,22,2026-07-15,3,668.23
18113,7,20,2026-07-15,4,485.6
18114,7,19,2026-07-15,1,33.82
18115,8,3,2026-07-15,2,849.02
18116,8,13,2026-07-15,4,343.52
18117,8,39,2026-07-15,5,2368.7
18118,8,36,2026-07-15,1,301.48
18119,8,16,2026-07-15,3,610.74
18120,9,12,2026-07-15,4,1226.08
18121,9,37,2026-07-15,1,464.9
18122,9,5,2026-07-15,1,44.01
18123,9,3,2026-07-15,2,849.02
18124,9,25,2026-07-15,5,808.93
18125,9,19,2026-07-15,4,302.88
18126,9,10,2026-07-15,5,1598.3
18127,9,25,2026-07-15,3,485.36
18128,9,15,2026-07-15,2,236.76
18129,9,19,2026-07-15,5,378.6
18130,9,28,2026-07-15,4,1369.8
18131,9,22,2026-07-15,5,2493.4
18132,10,34,2026-07-15,2,72.06
18133,10,36,2026-07-15,4,538.64
18134,10,2,2026-07-15,4,99.32
18135,10,13,2026-07-15,5,191.8
18136,10,12,2026-07-15,4,547.65
18137,10,33,2026-07-15,1,101.49
18138,10,14,2026-07-15,3,152.37
18139,10,21,2026-07-15,1,200.74
18140,10,23,2026-07-15,5,111.67
18141,10,11,2026-07-15,3,242.35
18142,10,33,2026-07-15,2,202.98
18143,11,4,2026-07-15,1,366.22
18144,11,19,2026-07-15,3,227.16
18145,11,9,2026-07-15,1,433.91
18146,11,12,2026-07-15,5,1532.6
18147,11,31,2026-07-15,4,1944.32
18148,11,38,2026-07-15,1,123.53
18149,11,5,2026-07-15,3,132.03
18150,11,20,2026-07-15,4,1087.16
18151,11,23,2026-07-15,1,50.0
18152,11,32,2026-07-15,4,1827.0
18153,11,13,2026-07-15,5,429.4
18154,11,29,2026-07-15,2,770.92
18155,11,18,2026-07-15,2,401.68
18156,11,23,2026-07-15,4,200.0
18157,12,9,2026-07-15,5,2169.55
18158,12,28,2026-07-15,5,1712.25
18159,12,33,2026-07-15,2,454.42
18160,12,38,2026-07-15,3,370.59
18161,12,15,2026-07-15,4,473.52
18162,12,1,2026-07-15,3,427.65
18163,12,17,2026-07-15,1,438.8
18164,1,8,2026-07-16,4,831.34
18165,1,22,2026-07-16,5,2493.4
18166,1,33,2026-07-16,4,904.16
18167,1,31,2026-07-16,2,972.16
18168,1,18,2026-07-16,3,602.52
18169,1,2,2026-07-16,1,55.59
18170,1,3,2026-07-16,5,2122.55
18171,1,35,2026-07-16,4,1907.92
18172,1,35,2026-07-16,3,1430.94
18173,1,7,2026-07-16,5,1768.8
18174,1,27,2026-07-16,4,1724.36
18175,1,30,2026-07-16,4,880.84
18176,1,39,2026-07-16,5,2368.7
18177,1,10,2026-07-16,2,639.32
18178,1,8,2026-07-16,3,623.5
18179,2,11,2026-07-16,4,723.44
18180,2,40,2026-07-16,1,408.93
18181,2,8,2026-07-16,3,623.5
18182,2,38,2026-07-16,4,494.12
18183,2,40,2026-07-16,5,2044.65
18184,2,28,2026-07-16,3,1027.35
18185,2,26,2026-07-16,2,996.16
18186,2,8,2026-07-16,1,207.83
18187,2,8,2026-07-16,4,831.34
18188,2,22,2026-07-16,1,498.68
18189,2,7,2026-07-16,2,707.52
18190,2,40,2026-07-16,5,2044.65
18191,3,31,2026-07-16,1,486.08
18192,3,24,2026-07-16,4,322.64
18193,3,4,2026-07-16,2,732.44
18194,3,16,2026-07-16,2,407.16
18195,3,1,2026-07-16,3,427.65
18196,3,2,2026-07-16,5,277.95
18197,3,17,2026-07-16,2,877.6
18198,3,30,2026-07-16,4,880.84
18199,4,23,2026-07-16,5,250.0
18200,4,22,2026-07-16,5,2493.4
18201,4,34,2026-07-16,2,161.32
18202,4,6,2026-07-16,1,443.3
18203,4,1,2026-07-16,5,712.75
18204,4,10,2026-07-16,5,1598.3
18205,4,15,2026-07-16,2,236.76
18206,5,38,2026-07-16,5,617.65
18207,5,7,2026-07-16,4,1415.04
18208,5,12,2026-07-16,5,1532.6
18209,5,10,2026-07-16,5,1598.3
18210,5,12,2026-07-16,2,613.04
18211,5,15,2026-07-16,5,591.9
18212,5,23,2026-07-16,1,50.0
18213,6,3,2026-07-16,2,849.02
18214,6,39,2026-07-16,3,1421.22
18215,6,5,2026-07-16,4,176.04
18216,6,16,2026-07-16,4,814.32
18217,6,12,2026-07-16,2,613.04
18218,6,5,2026-07-16,5,220.05
18219,6,8,2026-07-16,4,831.34
18220,6,14,2026-07-16,5,568.55
18221,6,5,2026-07-16,5,220.05
18222,7,4,2026-07-16,4,649.43
18223,7,23,2026-07-16,1,22.17
18224,7,2,2026-07-16,5,123.22
18225,7,21,2026-07-16,1,199.24
18226,8,40,2026-07-16,3,1226.79
18227,8,20,2026-07-16,1,271.79
18228,8,1,2026-07-16,2,285.1
18229,8,29,2026-07-16,1,385.46
18230,9,33,2026-07-16,2,452.08
18231,9,39,2026-07-16,3,1421.22
18232,9,29,2026-07-16,5,1927.3
18233,9,18,2026-07-16,2,401.68
18234,9,26,2026-07-16,2,996.16
18235,9,4,2026-07-16,4,1464.88
18236,9,16,2026-07-16,1,203.58
18237,9,37,2026-07-16,2,929.8
18238,9,24,2026-07-16,2,161.32
18239,9,21,2026-07-16,4,1797.68
18240,9,17,2026-07-16,4,1755.2
18241,9,18,2026-07-16,1,200.84
18242,10,33,2026-07-16,2,200.42
18243,10,38,2026-07-16,2,109.53
18244,10,9,2026-07-16,1,192.37
18245,10,6,2026-07-16,3,589.59
18246,10,10,2026-07-16,3,425.15
18247,10,5,2026-07-16,5,97.56
18248,10,39,2026-07-16,5,1050.12
18249,10,15,2026-07-16,1,52.48
18250,11,8,2026-07-16,3,623.5
18251,11,39,2026-07-16,1,473.74
18252,11,35,2026-07-16,2,953.96
18253,11,15,2026-07-16,3,355.14
18254,11,1,2026-07-16,3,427.65
18255,11,27,2026-07-16,3,1293.27
18256,11,16,2026-07-16,4,814.32
18257,11,27,2026-07-16,2,862.18
18258,11,39,2026-07-16,3,1421.22
18259,12,28,2026-07-16,5,1712.25
18260,12,12,2026-07-16,1,306.52
18261,12,19,2026-07-16,4,302.88
18262,12,19,2026-07-16,3,227.16
18263,1,16,2026-07-17,1,203.58
18264,1,7,2026-07-17,2,707.52
18265,1,37,2026-07-17,3,1394.7
18266,1,2,2026-07-17,3,166.77
18267,1,26,2026-07-17,1,498.08
18268,1,35,2026-07-17,5,2384.9
18269,1,27,2026-07-17,4,1724.36
18270,1,29,2026-07-17,4,1541.84
18271,1,40,2026-07-17,1,408.93
18272,1,30,2026-07-17,4,880.84
18273,1,38,2026-07-17,4,494.12
18274,1,18,2026-07-17,1,200.84
18275,1,34,2026-07-17,5,403.3
18276,2,15,2026-07-17,3,355.14
18277,2,37,2026-07-17,5,2324.5
18278,2,14,2026-07-17,5,568.55
18279,2,34,2026-07-17,5,403.3
18280,2,3,2026-07-17,5,2122.55
18281,3,1,2026-07-17,1,142.55
18282,3,27,2026-07-17,5,2155.45
18283,3,7,2026-07-17,5,1768.8
18284,3,24,2026-07-17,1,80.66
18285,3,8,2026-07-17,4,827.03
18286,3,6,2026-07-17,4,1773.2
18287,3,1,2026-07-17,5,712.75
18288,3,1,2026-07-17,2,285.1
18289,3,39,2026-07-17,1,473.74
18290,3,2,2026-07-17,3,166.77
18291,3,9,2026-07-17,1,433.91
18292,3,14,2026-07-17,4,454.84
18293,3,10,2026-07-17,3,958.98
18294,4,25,2026-07-17,5,800.59
18295,4,20,2026-07-17,1,271.79
18296,4,17,2026-07-17,2,877.6
18297,4,23,2026-07-17,3,150.0
18298,4,15,2026-07-17,5,591.9
18299,4,27,2026-07-17,2,862.18
18300,4,5,2026-07-17,4,176.04
18301,4,33,2026-07-17,4,899.48
18302,4,24,2026-07-17,3,241.98
18303,5,1,2026-07-17,4,570.2
18304,5,26,2026-07-17,5,2490.4
18305,5,20,2026-07-17,5,1358.95
18306,5,32,2026-07-17,5,2283.75
18307,5,15,2026-07-17,2,236.76
18308,5,9,2026-07-17,5,2169.55
18309,5,38,2026-07-17,4,494.12
18310,5,25,2026-07-17,5,800.59
18311,5,35,2026-07-17,5,2384.9
18312,5,31,2026-07-17,4,1944.32
18313,5,5,2026-07-17,3,132.03
18314,6,31,2026-07-17,4,1944.32
18315,6,33,2026-07-17,5,1124.35
18316,6,7,2026-07-17,3,1061.28
18317,6,5,2026-07-17,1,44.01
18318,6,21,2026-07-17,3,1348.26
18319,6,13,2026-07-17,3,257.64
18320,6,4,2026-07-17,5,1831.1
18321,6,14,2026-07-17,3,341.13
18322,6,27,2026-07-17,3,1293.27
18323,6,21,2026-07-17,1,449.42
18324,6,9,2026-07-17,1,433.91
18325,7,33,2026-07-17,5,494.71
18326,7,23,2026-07-17,2,44.0
18327,7,14,2026-07-17,5,250.16
18328,7,5,2026-07-17,2,38.73
18329,8,37,2026-07-17,4,1859.6
18330,8,1,2026-07-17,3,427.65
18331,8,13,2026-07-17,2,171.76
18332,9,36,2026-07-17,4,1205.92
18333,9,16,2026-07-17,1,203.58
18334,9,29,2026-07-17,3,1156.38
18335,9,10,2026-07-17,1,319.66
18336,9,16,2026-07-17,1,203.58
18337,9,30,2026-07-17,4,880.84
18338,9,10,2026-07-17,1,319.66
18339,9,31,2026-07-17,4,1944.32
18340,9,27,2026-07-17,1,431.09
18341,9,14,2026-07-17,2,227.42
18342,9,9,2026-07-17,5,2169.55
18343,9,32,2026-07-17,5,2283.75
18344,9,21,2026-07-17,5,2247.1
18345,9,26,2026-07-17,4,1992.32
18346,10,12,2026-07-17,4,539.48
18347,10,37,2026-07-17,3,613.67
18348,10,10,2026-07-17,2,281.3
18349,10,1,2026-07-17,4,250.89
18350,10,5,2026-07-17,2,38.73
18351,10,38,2026-07-17,1,54.35
18352,11,12,2026-07-17,5,1532.6
18353,11,38,2026-07-17,3,370.59
18354,11,38,2026-07-17,3,370.59
18355,11,15,2026-07-17,3,355.14
18356,11,29,2026-07-17,5,1927.3
18357,11,20,2026-07-17,1,271.79
18358,11,17,2026-07-17,4,1755.2
18359,11,6,2026-07-17,4,1773.2
18360,11,11,2026-07-17,1,180.86
18361,11,19,2026-07-17,1,75.72
18362,11,40,2026-07-17,1,408.93
18363,12,24,2026-07-17,5,403.3
18364,12,25,2026-07-17,3,480.35
18365,12,16,2026-07-17,2,407.16
18366,12,19,2026-07-17,3,227.16
18367,12,25,2026-07-17,5,800.59
18368,12,24,2026-07-17,5,403.3
18369,12,26,2026-07-17,3,1494.24
18370,12,39,2026-07-17,2,947.48
18371,12,7,2026-07-17,1,353.76
18372,12,8,2026-07-17,3,620.27
18373,12,28,2026-07-17,4,1369.8
18374,12,14,2026-07-17,4,454.84
18375,1,3,2026-07-18,3,1273.53
18376,1,5,2026-07-18,5,220.05
18377,1,39,2026-07-18,5,2368.7
18378,1,14,2026-07-18,4,454.84
18379,1,17,2026-07-18,4,1755.2
18380,1,28,2026-07-18,4,1369.8
18381,1,34,2026-07-18,4,322.64
18382,1,29,2026-07-18,1,385.46
18383,1,15,2026-07-18,3,355.14
18384,1,1,2026-07-18,4,570.2
18385,1,11,2026-07-18,3,542.58
18386,1,21,2026-07-18,2,898.84
18387,1,23,2026-07-18,1,50.0
18388,2,17,2026-07-18,3,1316.4
18389,2,2,2026-07-18,3,166.77
18390,2,6,2026-07-18,4,1773.2
18391,2,17,2026-07-18,3,1316.4
18392,2,3,2026-07-18,4,1698.04
18393,2,4,2026-07-18,4,1464.88
18394,2,18,2026-07-18,3,602.52
18395,2,11,2026-07-18,5,904.3
18396,2,23,2026-07-18,1,50.0
18397,2,24,2026-07-18,5,403.3
18398,2,8,2026-07-18,4,822.72
18399,2,36,2026-07-18,3,904.44
18400,2,35,2026-07-18,3,1430.94
18401,2,24,2026-07-18,2,161.32
18402,2,22,2026-07-18,2,997.36
18403,3,29,2026-07-18,5,1927.3
18404,3,21,2026-07-18,5,2247.1
18405,3,39,2026-07-18,1,473.74
18406,3,23,2026-07-18,4,200.0
18407,3,14,2026-07-18,2,227.42
18408,3,23,2026-07-18,2,100.0
18409,3,13,2026-07-18,3,257.64
18410,3,32,2026-07-18,3,1370.25
18411,3,19,2026-07-18,4,302.88
18412,3,10,2026-07-18,4,1278.64
18413,3,13,2026-07-18,2,171.76
18414,3,22,2026-07-18,2,997.36
18415,3,21,2026-07-18,4,1797.68
18416,3,34,2026-07-18,3,241.98
18417,3,32,2026-07-18,3,1370.25
18418,4,9,2026-07-18,1,433.91
18419,4,9,2026-07-18,4,1735.64
18420,4,16,2026-07-18,3,610.74
18421,5,9,2026-07-18,5,2169.55
18422,5,14,2026-07-18,3,341.13
18423,5,28,2026-07-18,2,684.9
18424,5,22,2026-07-18,1,498.68
18425,5,34,2026-07-18,1,80.66
18426,5,18,2026-07-18,4,803.36
18427,5,20,2026-07-18,2,543.58
18428,5,10,2026-07-18,2,639.32
18429,5,17,2026-07-18,1,438.8
18430,5,4,2026-07-18,2,732.44
18431,5,37,2026-07-18,2,929.8
18432,5,17,2026-07-18,3,1316.4
18433,6,4,2026-07-18,4,1464.88
18434,6,20,2026-07-18,4,1087.16
18435,6,24,2026-07-18,4,322.64
18436,6,2,2026-07-18,4,222.36
18437,6,40,2026-07-18,3,1226.79
18438,7,1,2026-07-18,2,124.49
18439,7,40,2026-07-18,3,535.7
18440,7,21,2026-07-18,5,981.23
18441,7,12,2026-07-18,1,133.85
18442,7,20,2026-07-18,4,474.73
18443,7,34,2026-07-18,1,35.22
18444,7,4,2026-07-18,1,159.92
18445,7,27,2026-07-18,1,188.24
18446,7,17,2026-07-18,2,383.22
18447,8,7,2026-07-18,1,353.76
18448,8,31,2026-07-18,1,486.08
18449,8,7,2026-07-18,3,1061.28
18450,8,22,2026-07-18,5,2493.4
18451,8,30,2026-07-18,3,660.63
18452,8,6,2026-07-18,5,2216.5
18453,8,19,2026-07-18,5,378.6
18454,9,21,2026-07-18,4,1797.68
18455,9,23,2026-07-18,1,50.0
18456,9,11,2026-07-18,1,180.86
18457,9,15,2026-07-18,5,591.9
18458,9,1,2026-07-18,1,142.55
18459,9,14,2026-07-18,1,113.71
18460,9,37,2026-07-18,4,1859.6
18461,9,26,2026-07-18,5,2490.4
18462,9,34,2026-07-18,5,403.3
18463,9,2,2026-07-18,4,222.36
18464,9,21,2026-07-18,4,1797.68
18465,9,32,2026-07-18,4,1827.0
18466,9,22,2026-07-18,5,2493.4
18467,10,22,2026-07-18,2,435.51
18468,10,31,2026-07-18,1,212.25
18469,10,21,2026-07-18,2,392.49
18470,10,30,2026-07-18,5,480.79
18471,10,25,2026-07-18,5,347.77
18472,11,5,2026-07-18,4,176.04
18473,11,24,2026-07-18,1,80.66
18474,11,2,2026-07-18,3,166.77
18475,11,27,2026-07-18,4,1724.36
18476,11,20,2026-07-18,2,543.58
18477,11,19,2026-07-18,4,302.88
18478,11,30,2026-07-18,3,660.63
18479,11,28,2026-07-18,2,684.9
18480,12,29,2026-07-18,4,1541.84
18481,12,1,2026-07-18,1,142.55
18482,12,4,2026-07-18,2,732.44
18483,12,2,2026-07-18,1,55.59
18484,12,5,2026-07-18,2,88.02
18485,12,4,2026-07-18,1,366.22
18486,12,10,2026-07-18,2,639.32
18487,12,32,2026-07-18,5,2283.75
18488,12,27,2026-07-18,3,1293.27
18489,12,40,2026-07-18,2,817.86
18490,12,9,2026-07-18,4,1735.64
18491,12,9,2026-07-18,3,1301.73
18492,12,36,2026-07-18,2,602.96
18493,1,40,2026-07-19,3,1226.79
18494,1,18,2026-07-19,5,1004.2
18495,1,6,2026-07-19,4,1773.2
18496,1,40,2026-07-19,5,2044.65
18497,1,35,2026-07-19,1,476.98
18498,1,21,2026-07-19,4,1797.68
18499,1,27,2026-07-19,5,2155.45
18500,1,32,2026-07-19,3,1370.25
18501,1,28,2026-07-19,2,684.9
18502,2,11,2026-07-19,3,542.58
18503,2,21,2026-07-19,5,2247.1
18504,2,37,2026-07-19,2,929.8
18505,2,21,2026-07-19,3,1348.26
18506,2,22,2026-07-19,2,997.36
18507,2,23,2026-07-19,1,50.0
18508,2,4,2026-07-19,5,1831.1
18509,2,15,2026-07-19,2,236.76
18510,3,34,2026-07-19,3,241.98
18511,3,3,2026-07-19,3,1273.53
18512,3,37,2026-07-19,3,1394.7
18513,3,9,2026-07-19,3,1301.73
18514,3,15,2026-07-19,1,118.38
18515,3,13,2026-07-19,1,85.88
18516,3,35,2026-07-19,4,1907.92
18517,3,28,2026-07-19,3,1027.35
18518,3,21,2026-07-19,3,1348.26
18519,3,1,2026-07-19,3,427.65
18520,3,10,2026-07-19,3,958.98
18521,4,38,2026-07-19,4,494.12
18522,4,18,2026-07-19,3,602.52
18523,4,7,2026-07-19,2,707.52
18524,4,8,2026-07-19,2,409.21
18525,4,23,2026-07-19,1,50.0
18526,4,30,2026-07-19,1,220.21
18527,4,35,2026-07-19,2,953.96
18528,4,20,2026-07-19,2,543.58
18529,4,16,2026-07-19,2,407.16
18530,4,1,2026-07-19,4,570.2
18531,4,27,2026-07-19,3,1293.27
18532,4,3,2026-07-19,5,2122.55
18533,4,35,2026-07-19,5,2384.9
18534,5,18,2026-07-19,4,803.36
18535,5,36,2026-07-19,5,1507.4
18536,5,33,2026-07-19,1,222.53
18537,5,15,2026-07-19,4,473.52
18538,5,16,2026-07-19,4,814.32
18539,5,6,2026-07-19,4,1773.2
18540,5,19,2026-07-19,2,151.44
18541,5,10,2026-07-19,2,639.32
18542,5,19,2026-07-19,3,227.16
18543,5,15,2026-07-19,2,236.76
18544,5,7,2026-07-19,4,1415.04
18545,5,22,2026-07-19,2,997.36
18546,5,24,2026-07-19,1,80.66
18547,5,31,2026-07-19,2,972.16
18548,5,5,2026-07-19,5,220.05
18549,6,13,2026-07-19,4,343.52
18550,6,37,2026-07-19,2,929.8
18551,6,39,2026-07-19,1,473.74
18552,6,39,2026-07-19,4,1894.96
18553,6,3,2026-07-19,3,1273.53
18554,6,22,2026-07-19,1,498.68
18555,6,3,2026-07-19,5,2122.55
18556,6,24,2026-07-19,1,80.66
18557,6,23,2026-07-19,1,50.0
18558,6,14,2026-07-19,5,568.55
18559,6,6,2026-07-19,4,1773.2
18560,7,2,2026-07-19,1,24.09
18561,7,26,2026-07-19,3,647.5
18562,7,24,2026-07-19,3,104.86
18563,7,22,2026-07-19,2,432.19
18564,7,6,2026-07-19,1,192.1
18565,7,13,2026-07-19,4,148.86
18566,8,4,2026-07-19,2,732.44
18567,8,18,2026-07-19,3,602.52
18568,8,14,2026-07-19,5,568.55
18569,8,31,2026-07-19,5,2430.4
18570,8,10,2026-07-19,2,639.32
18571,8,6,2026-07-19,3,1329.9
18572,8,14,2026-07-19,5,568.55
18573,8,8,2026-07-19,2,409.21
18574,8,27,2026-07-19,3,1293.27
18575,8,29,2026-07-19,2,770.92
18576,8,36,2026-07-19,3,904.44
18577,8,24,2026-07-19,1,80.66
18578,9,38,2026-07-19,1,123.53
18579,9,14,2026-07-19,5,568.55
18580,9,16,2026-07-19,1,203.58
18581,10,17,2026-07-19,4,760.59
18582,10,28,2026-07-19,4,593.58
18583,10,6,2026-07-19,4,768.39
18584,10,15,2026-07-19,5,256.49
18585,10,21,2026-07-19,3,584.25
18586,10,8,2026-07-19,5,443.31
18587,10,12,2026-07-19,1,132.83
18588,10,23,2026-07-19,4,86.67
18589,10,37,2026-07-19,3,604.37
18590,10,8,2026-07-19,2,177.32
18591,10,39,2026-07-19,3,615.86
18592,10,28,2026-07-19,3,445.18
18593,10,36,2026-07-19,3,391.92
18594,10,1,2026-07-19,3,185.32
18595,11,15,2026-07-19,3,355.14
18596,11,14,2026-07-19,4,454.84
18597,11,40,2026-07-19,1,408.93
18598,11,19,2026-07-19,5,378.6
18599,11,37,2026-07-19,2,929.8
18600,11,39,2026-07-19,5,2368.7
18601,11,17,2026-07-19,3,1316.4
18602,12,16,2026-07-19,1,203.58
18603,12,4,2026-07-19,4,1464.88
18604,12,30,2026-07-19,5,1101.05
18605,12,15,2026-07-19,5,591.9
18606,12,6,2026-07-19,2,886.6
18607,12,25,2026-07-19,4,633.8
18608,12,38,2026-07-19,5,617.65
18609,12,40,2026-07-19,1,408.93
18610,12,12,2026-07-19,1,306.52
18611,12,22,2026-07-19,3,1496.04
18612,12,17,2026-07-19,2,877.6
18613,12,23,2026-07-19,5,250.0
18614,12,2,2026-07-19,1,55.59
18615,12,36,2026-07-19,2,602.96
18616,1,21,2026-07-20,4,1797.68
18617,1,9,2026-07-20,5,2169.55
18618,1,36,2026-07-20,5,1507.4
18619,1,20,2026-07-20,3,815.37
18620,1,21,2026-07-20,5,2247.1
18621,1,13,2026-07-20,4,343.52
18622,1,25,2026-07-20,5,788.08
18623,1,20,2026-07-20,5,1358.95
18624,1,13,2026-07-20,5,429.4
18625,1,28,2026-07-20,4,1369.8
18626,1,31,2026-07-20,5,2430.4
18627,2,35,2026-07-20,5,2384.9
18628,2,29,2026-07-20,2,770.92
18629,2,19,2026-07-20,5,378.6
18630,2,25,2026-07-20,1,157.62
18631,2,21,2026-07-20,3,1348.26
18632,2,13,2026-07-20,3,257.64
18633,2,33,2026-07-20,4,885.42
18634,2,37,2026-07-20,5,2324.5
18635,2,7,2026-07-20,2,707.52
18636,2,6,2026-07-20,4,1773.2
18637,2,10,2026-07-20,1,319.66
18638,3,11,2026-07-20,4,723.44
18639,3,5,2026-07-20,2,88.02
18640,3,23,2026-07-20,3,150.0
18641,3,5,2026-07-20,4,176.04
18642,3,29,2026-07-20,2,770.92
18643,3,8,2026-07-20,1,203.53
18644,3,11,2026-07-20,1,180.86
18645,4,36,2026-07-20,5,1507.4
18646,4,29,2026-07-20,5,1927.3
18647,4,13,2026-07-20,4,343.52
18648,4,32,2026-07-20,3,1370.25
18649,4,2,2026-07-20,2,111.18
18650,4,35,2026-07-20,3,1430.94
18651,4,14,2026-07-20,2,227.42
18652,4,20,2026-07-20,2,543.58
18653,4,35,2026-07-20,5,2384.9
18654,4,39,2026-07-20,2,947.48
18655,4,5,2026-07-20,5,220.05
18656,4,25,2026-07-20,4,630.46
18657,4,27,2026-07-20,2,862.18
18658,4,34,2026-07-20,5,403.3
18659,5,33,2026-07-20,2,442.71
18660,5,3,2026-07-20,5,2122.55
18661,5,5,2026-07-20,1,44.01
18662,5,6,2026-07-20,2,886.6
18663,5,36,2026-07-20,1,301.48
18664,5,26,2026-07-20,5,2490.4
18665,6,20,2026-07-20,1,271.79
18666,6,34,2026-07-20,4,322.64
18667,6,1,2026-07-20,2,285.1
18668,6,30,2026-07-20,5,1101.05
18669,6,17,2026-07-20,2,877.6
18670,6,33,2026-07-20,2,442.71
18671,6,15,2026-07-20,5,591.9
18672,6,9,2026-07-20,5,2169.55
18673,6,29,2026-07-20,1,385.46
18674,6,19,2026-07-20,5,378.6
18675,7,35,2026-07-20,2,410.2
18676,7,21,2026-07-20,2,386.5
18677,7,10,2026-07-20,2,274.91
18678,7,7,2026-07-20,1,152.12
18679,7,2,2026-07-20,1,23.9
18680,7,3,2026-07-20,1,182.54
18681,7,10,2026-07-20,1,137.45
18682,7,8,2026-07-20,2,175.03
18683,7,23,2026-07-20,2,43.0
18684,7,10,2026-07-20,2,274.91
18685,7,24,2026-07-20,1,34.68
18686,8,19,2026-07-20,1,75.72
18687,8,33,2026-07-20,5,1106.78
18688,8,32,2026-07-20,4,1827.0
18689,9,16,2026-07-20,4,814.32
18690,9,21,2026-07-20,4,1797.68
18691,9,35,2026-07-20,1,476.98
18692,9,9,2026-07-20,1,433.91
18693,9,1,2026-07-20,1,142.55
18694,9,23,2026-07-20,5,250.0
18695,9,6,2026-07-20,5,2216.5
18696,9,16,2026-07-20,5,1017.9
18697,9,10,2026-07-20,4,1278.64
18698,9,35,2026-07-20,4,1907.92
18699,10,37,2026-07-20,1,199.91
18700,10,37,2026-07-20,5,999.54
18701,10,35,2026-07-20,1,205.1
18702,10,32,2026-07-20,3,589.21
18703,11,23,2026-07-20,3,150.0
18704,11,36,2026-07-20,4,1205.92
18705,11,13,2026-07-20,1,85.88
18706,11,40,2026-07-20,3,1226.79
18707,11,33,2026-07-20,1,221.36
18708,11,38,2026-07-20,2,247.06
18709,12,19,2026-07-20,3,227.16
18710,12,31,2026-07-20,3,1458.24
18711,12,30,2026-07-20,2,440.42
18712,12,11,2026-07-20,1,180.86
18713,12,20,2026-07-20,5,1358.95
18714,12,17,2026-07-20,5,2194.0
18715,12,5,2026-07-20,1,44.01
18716,12,33,2026-07-20,4,885.42
18717,12,28,2026-07-20,3,1027.35
18718,12,34,2026-07-20,4,322.64
18719,12,14,2026-07-20,5,568.55
18720,1,22,2026-07-21,2,997.36
18721,1,21,2026-07-21,2,898.84
18722,1,15,2026-07-21,3,355.14
18723,1,23,2026-07-21,3,150.0
18724,1,2,2026-07-21,4,222.36
18725,1,37,2026-07-21,5,2324.5
18726,1,26,2026-07-21,3,1494.24
18727,1,7,2026-07-21,1,353.76
18728,1,32,2026-07-21,1,456.75
18729,1,37,2026-07-21,1,464.9
18730,1,3,2026-07-21,2,849.02
18731,1,19,2026-07-21,1,75.72
18732,1,5,2026-07-21,4,176.04
18733,2,1,2026-07-21,4,570.2
18734,2,11,2026-07-21,2,361.72
18735,2,25,2026-07-21,1,156.78
18736,2,3,2026-07-21,3,1273.53
18737,2,35,2026-07-21,3,1430.94
18738,2,10,2026-07-21,3,958.98
18739,2,2,2026-07-21,5,277.95
18740,2,4,2026-07-21,4,1464.88
18741,2,17,2026-07-21,4,1755.2
18742,2,9,2026-07-21,1,433.91
18743,2,11,2026-07-21,3,542.58
18744,2,24,2026-07-21,1,80.66
18745,2,10,2026-07-21,1,319.66
18746,2,5,2026-07-21,4,176.04
18747,2,22,2026-07-21,4,1994.72
18748,3,18,2026-07-21,4,803.36
18749,3,37,2026-07-21,4,1859.6
18750,3,37,2026-07-21,3,1394.7
18751,3,27,2026-07-21,1,431.09
18752,3,5,2026-07-21,1,44.01
18753,3,20,2026-07-21,1,271.79
18754,3,25,2026-07-21,4,627.13
18755,3,37,2026-07-21,3,1394.7
18756,3,23,2026-07-21,3,150.0
18757,3,40,2026-07-21,1,408.93
18758,3,22,2026-07-21,1,498.68
18759,3,14,2026-07-21,2,227.42
18760,3,33,2026-07-21,3,660.55
18761,4,2,2026-07-21,4,222.36
18762,4,32,2026-07-21,5,2283.75
18763,4,28,2026-07-21,3,1027.35
18764,5,20,2026-07-21,4,1087.16
18765,5,6,2026-07-21,5,2216.5
18766,5,31,2026-07-21,5,2430.4
18767,5,15,2026-07-21,3,355.14
18768,6,15,2026-07-21,5,591.9
18769,6,20,2026-07-21,4,1087.16
18770,6,21,2026-07-21,1,449.42
18771,6,16,2026-07-21,5,1017.9
18772,6,3,2026-07-21,5,2122.55
18773,6,19,2026-07-21,1,75.72
18774,6,11,2026-07-21,3,542.58
18775,6,20,2026-07-21,5,1358.95
18776,6,31,2026-07-21,2,972.16
18777,6,34,2026-07-21,4,322.64
18778,6,23,2026-07-21,4,200.0
18779,6,18,2026-07-21,5,1004.2
18780,6,26,2026-07-21,2,996.16
18781,6,2,2026-07-21,3,166.77
18782,6,32,2026-07-21,5,2283.75
18783,7,6,2026-07-21,4,756.57
18784,7,11,2026-07-21,5,385.83
18785,7,37,2026-07-21,5,991.79
18786,7,19,2026-07-21,5,161.54
18787,7,40,2026-07-21,5,872.38
18788,8,40,2026-07-21,2,817.86
18789,8,24,2026-07-21,4,322.64
18790,8,36,2026-07-21,5,1507.4
18791,8,29,2026-07-21,4,1541.84
18792,8,7,2026-07-21,1,353.76
18793,8,23,2026-07-21,5,250.0
18794,8,17,2026-07-21,2,877.6
18795,8,7,2026-07-21,5,1768.8
18796,8,29,2026-07-21,4,1541.84
18797,9,15,2026-07-21,5,591.9
18798,9,1,2026-07-21,5,712.75
18799,9,25,2026-07-21,5,783.91
18800,9,38,2026-07-21,1,123.53
18801,9,23,2026-07-21,4,200.0
18802,9,33,2026-07-21,5,1100.92
18803,9,24,2026-07-21,4,322.64
18804,9,11,2026-07-21,5,904.3
18805,9,4,2026-07-21,1,366.22
18806,9,16,2026-07-21,3,610.74
18807,9,21,2026-07-21,1,449.42
18808,10,28,2026-07-21,5,730.56
18809,10,36,2026-07-21,4,514.53
18810,10,29,2026-07-21,2,328.93
18811,10,27,2026-07-21,3,551.8
18812,10,40,2026-07-21,4,697.91
18813,10,13,2026-07-21,1,36.64
18814,10,20,2026-07-21,5,579.82
18815,10,15,2026-07-21,4,202.04
18816,11,16,2026-07-21,1,203.58
18817,11,34,2026-07-21,5,403.3
18818,11,12,2026-07-21,2,613.04
18819,11,36,2026-07-21,2,602.96
18820,11,33,2026-07-21,1,220.18
18821,11,31,2026-07-21,1,486.08
18822,11,26,2026-07-21,2,996.16
18823,11,10,2026-07-21,4,1278.64
18824,11,15,2026-07-21,3,355.14
18825,12,5,2026-07-21,5,220.05
18826,12,9,2026-07-21,5,2169.55
18827,12,18,2026-07-21,5,1004.2
18828,12,2,2026-07-21,2,111.18
18829,12,34,2026-07-21,4,322.64
18830,12,30,2026-07-21,1,220.21
18831,12,12,2026-07-21,3,919.56
18832,12,19,2026-07-21,1,75.72
18833,12,32,2026-07-21,5,2283.75
18834,12,37,2026-07-21,1,464.9
18835,1,34,2026-07-22,5,403.3
18836,1,31,2026-07-22,3,1458.24
18837,1,34,2026-07-22,2,161.32
18838,1,21,2026-07-22,1,449.42
18839,1,28,2026-07-22,4,1369.8
18840,1,31,2026-07-22,3,1458.24
18841,1,18,2026-07-22,3,602.52
18842,1,32,2026-07-22,5,2283.75
18843,1,3,2026-07-22,3,1273.53
18844,1,12,2026-07-22,1,306.52
18845,1,19,2026-07-22,4,302.88
18846,1,16,2026-07-22,4,814.32
18847,1,1,2026-07-22,4,570.2
18848,1,16,2026-07-22,3,610.74
18849,1,36,2026-07-22,1,301.48
18850,2,9,2026-07-22,2,867.82
18851,2,35,2026-07-22,4,1907.92
18852,2,11,2026-07-22,3,542.58
18853,2,11,2026-07-22,4,723.44
18854,2,36,2026-07-22,5,1507.4
18855,2,23,2026-07-22,2,100.0
18856,2,25,2026-07-22,1,155.95
18857,2,9,2026-07-22,1,433.91
18858,2,35,2026-07-22,5,2384.9
18859,2,5,2026-07-22,5,220.05
18860,2,24,2026-07-22,2,161.32
18861,2,19,2026-07-22,3,227.16
18862,2,19,2026-07-22,1,75.72
18863,3,29,2026-07-22,5,1927.3
18864,3,6,2026-07-22,4,1773.2
18865,3,6,2026-07-22,2,886.6
18866,3,40,2026-07-22,4,1635.72
18867,3,22,2026-07-22,3,1496.04
18868,3,38,2026-07-22,2,247.06
18869,3,31,2026-07-22,2,972.16
18870,3,4,2026-07-22,2,732.44
18871,3,10,2026-07-22,5,1598.3
18872,3,24,2026-07-22,4,322.64
18873,3,4,2026-07-22,3,1098.66
18874,3,6,2026-07-22,5,2216.5
18875,4,14,2026-07-22,1,113.71
18876,4,39,2026-07-22,4,1894.96
18877,4,17,2026-07-22,1,438.8
18878,4,29,2026-07-22,3,1156.38
18879,4,5,2026-07-22,3,132.03
18880,4,16,2026-07-22,3,610.74
18881,4,6,2026-07-22,2,886.6
18882,4,21,2026-07-22,1,449.42
18883,4,29,2026-07-22,5,1927.3
18884,4,26,2026-07-22,3,1494.24
18885,4,24,2026-07-22,3,241.98
18886,4,28,2026-07-22,3,1027.35
18887,5,14,2026-07-22,1,113.71
18888,5,17,2026-07-22,3,1316.4
18889,5,3,2026-07-22,4,1698.04
18890,5,39,2026-07-22,5,2368.7
18891,5,24,2026-07-22,2,161.32
18892,5,28,2026-07-22,1,342.45
18893,5,17,2026-07-22,5,2194.0
18894,5,27,2026-07-22,2,862.18
18895,5,33,2026-07-22,2,438.03
18896,5,25,2026-07-22,3,467.84
18897,6,12,2026-07-22,1,306.52
18898,6,38,2026-07-22,5,617.65
18899,6,20,2026-07-22,1,271.79
18900,6,39,2026-07-22,1,473.74
18901,6,27,2026-07-22,1,431.09
18902,6,22,2026-07-22,4,1994.72
18903,6,35,2026-07-22,2,953.96
18904,6,28,2026-07-22,3,1027.35
18905,6,35,2026-07-22,4,1907.92
18906,6,6,2026-07-22,3,1329.9
18907,7,26,2026-07-22,4,843.42
18908,7,11,2026-07-22,2,153.13
18909,7,29,2026-07-22,2,326.36
18910,8,5,2026-07-22,3,132.03
18911,8,17,2026-07-22,4,1755.2
18912,8,12,2026-07-22,2,613.04
18913,8,22,2026-07-22,5,2493.4
18914,8,19,2026-07-22,2,151.44
18915,9,26,2026-07-22,5,2490.4
18916,9,2,2026-07-22,3,166.77
18917,9,33,2026-07-22,3,657.04
18918,9,33,2026-07-22,1,219.01
18919,9,29,2026-07-22,1,385.46
18920,9,29,2026-07-22,1,385.46
18921,9,7,2026-07-22,4,1415.04
18922,9,7,2026-07-22,5,1768.8
18923,9,39,2026-07-22,5,2368.7
18924,9,23,2026-07-22,2,100.0
18925,9,12,2026-07-22,2,613.04
18926,10,23,2026-07-22,3,63.5
18927,10,5,2026-07-22,4,74.52
18928,10,30,2026-07-22,2,186.44
18929,10,3,2026-07-22,1,179.71
18930,10,24,2026-07-22,2,68.29
18931,10,21,2026-07-22,4,761.02
18932,10,20,2026-07-22,1,115.06
18933,10,27,2026-07-22,4,729.98
18934,10,7,2026-07-22,5,748.79
18935,10,24,2026-07-22,3,102.44
18936,10,12,2026-07-22,1,129.76
18937,10,23,2026-07-22,4,84.67
18938,10,2,2026-07-22,1,23.53
18939,10,37,2026-07-22,1,196.81
18940,11,11,2026-07-22,3,542.58
18941,11,18,2026-07-22,5,1004.2
18942,11,30,2026-07-22,1,220.21
18943,11,12,2026-07-22,1,306.52
18944,11,34,2026-07-22,1,80.66
18945,11,38,2026-07-22,5,617.65
18946,11,31,2026-07-22,3,1458.24
18947,11,10,2026-07-22,1,319.66
18948,11,11,2026-07-22,5,904.3
18949,11,9,2026-07-22,2,867.82
18950,11,19,2026-07-22,4,302.88
18951,11,37,2026-07-22,1,464.9
18952,11,38,2026-07-22,1,123.53
18953,11,13,2026-07-22,3,257.64
18954,11,1,2026-07-22,2,285.1
18955,12,8,2026-07-22,1,201.37
18956,12,17,2026-07-22,1,438.8
18957,12,34,2026-07-22,3,241.98
18958,12,31,2026-07-22,2,972.16
18959,12,10,2026-07-22,4,1278.64
18960,12,25,2026-07-22,1,155.95
18961,12,38,2026-07-22,5,617.65
18962,12,30,2026-07-22,2,440.42
18963,12,10,2026-07-22,2,639.32
18964,1,40,2026-07-23,1,408.93
18965,1,7,2026-07-23,4,1415.04
18966,1,36,2026-07-23,1,301.48
18967,2,11,2026-07-23,4,723.44
18968,2,14,2026-07-23,5,568.55
18969,2,18,2026-07-23,3,602.52
18970,2,36,2026-07-23,1,301.48
18971,2,4,2026-07-23,1,366.22
18972,2,37,2026-07-23,4,1859.6
18973,2,17,2026-07-23,3,1316.4
18974,2,21,2026-07-23,1,449.42
18975,2,11,2026-07-23,5,904.3
18976,2,22,2026-07-23,5,2493.4
18977,2,28,2026-07-23,3,1027.35
18978,2,13,2026-07-23,5,429.4
18979,2,14,2026-07-23,3,341.13
18980,2,24,2026-07-23,3,241.98
18981,2,35,2026-07-23,2,953.96
18982,3,11,2026-07-23,2,361.72
18983,3,3,2026-07-23,5,2122.55
18984,3,26,2026-07-23,5,2490.4
18985,3,28,2026-07-23,4,1369.8
18986,3,32,2026-07-23,4,1827.0
18987,3,7,2026-07-23,5,1768.8
18988,3,12,2026-07-23,5,1532.6
18989,3,39,2026-07-23,5,2368.7
18990,3,37,2026-07-23,2,929.8
18991,3,29,2026-07-23,4,1541.84
18992,3,9,2026-07-23,3,1301.73
18993,3,34,2026-07-23,2,161.32
18994,3,8,2026-07-23,5,1001.48
18995,3,26,2026-07-23,3,1494.24
18996,3,16,2026-07-23,3,610.74
18997,4,20,2026-07-23,1,271.79
18998,4,17,2026-07-23,4,1755.2
18999,4,4,2026-07-23,1,366.22
19000,4,26,2026-07-23,5,2490.4
19001,4,27,2026-07-23,5,2155.45
19002,4,28,2026-07-23,2,684.9
19003,4,17,2026-07-23,4,1755.2
19004,4,1,2026-07-23,2,285.1
19005,4,31,2026-07-23,3,1458.24
19006,4,7,2026-07-23,5,1768.8
19007,5,16,2026-07-23,2,407.16
19008,5,5,2026-07-23,1,44.01
19009,5,25,2026-07-23,1,155.11
19010,5,8,2026-07-23,3,600.89
19011,6,40,2026-07-23,1,408.93
19012,6,29,2026-07-23,2,770.92
19013,6,38,2026-07-23,3,370.59
19014,6,10,2026-07-23,5,1598.3
19015,6,33,2026-07-23,5,1089.21
19016,6,21,2026-07-23,4,1797.68
19017,6,25,2026-07-23,2,310.23
19018,6,34,2026-07-23,2,161.32
19019,7,35,2026-07-23,4,801.33
19020,7,15,2026-07-23,3,149.16
19021,7,30,2026-07-23,2,184.98
19022,7,35,2026-07-23,3,600.99
19023,8,21,2026-07-23,3,1348.26
19024,8,13,2026-07-23,5,429.4
19025,8,36,2026-07-23,2,602.96
19026,8,8,2026-07-23,3,600.89
19027,8,16,2026-07-23,2,407.16
19028,8,23,2026-07-23,4,200.0
19029,8,22,2026-07-23,5,2493.4
19030,8,15,2026-07-23,1,118.38
19031,8,3,2026-07-23,4,1698.04
19032,8,27,2026-07-23,3,1293.27
19033,9,38,2026-07-23,4,494.12
19034,9,6,2026-07-23,1,443.3
19035,9,25,2026-07-23,4,620.45
19036,9,1,2026-07-23,4,570.2
19037,9,37,2026-07-23,2,929.8
19038,9,28,2026-07-23,5,1712.25
19039,9,22,2026-07-23,5,2493.4
19040,9,12,2026-07-23,2,613.04
19041,9,10,2026-07-23,3,958.98
19042,9,10,2026-07-23,3,958.98
19043,9,3,2026-07-23,5,2122.55
19044,10,12,2026-07-23,2,257.48
19045,10,30,2026-07-23,5,462.44
19046,10,36,2026-07-23,3,379.86
19047,10,13,2026-07-23,2,72.14
19048,10,24,2026-07-23,3,101.63
19049,10,16,2026-07-23,2,171.01
19050,10,22,2026-07-23,4,837.78
19051,10,19,2026-07-23,3,95.41
19052,10,16,2026-07-23,4,342.01
19053,10,14,2026-07-23,2,95.52
19054,10,23,2026-07-23,5,105.0
19055,11,18,2026-07-23,3,602.52
19056,11,3,2026-07-23,3,1273.53
19057,11,30,2026-07-23,1,220.21
19058,12,10,2026-07-23,4,1278.64
19059,12,5,2026-07-23,3,132.03
19060,12,23,2026-07-23,1,50.0
19061,12,4,2026-07-23,4,1464.88
19062,12,4,2026-07-23,3,1098.66
19063,12,40,2026-07-23,4,1635.72
19064,12,25,2026-07-23,5,775.57
19065,12,13,2026-07-23,3,257.64
19066,12,20,2026-07-23,3,815.37
19067,12,8,2026-07-23,1,200.3
19068,1,27,2026-07-24,4,1724.36
19069,1,11,2026-07-24,2,361.72
19070,1,14,2026-07-24,2,227.42
19071,1,1,2026-07-24,5,712.75
19072,1,28,2026-07-24,2,684.9
19073,1,28,2026-07-24,1,342.45
19074,1,3,2026-07-24,5,2122.55
19075,1,19,2026-07-24,1,75.72
19076,2,36,2026-07-24,3,904.44
19077,2,31,2026-07-24,3,1458.24
19078,2,16,2026-07-24,1,203.58
19079,2,6,2026-07-24,1,443.3
19080,2,31,2026-07-24,4,1944.32
19081,2,40,2026-07-24,3,1226.79
19082,2,6,2026-07-24,1,443.3
19083,2,28,2026-07-24,5,1712.25
19084,2,10,2026-07-24,1,319.66
19085,2,5,2026-07-24,2,88.02
19086,2,16,2026-07-24,1,203.58
19087,3,6,2026-07-24,1,443.3
19088,3,37,2026-07-24,4,1859.6
19089,3,9,2026-07-24,5,2169.55
19090,3,32,2026-07-24,4,1827.0
19091,4,2,2026-07-24,5,277.95
19092,4,29,2026-07-24,1,385.46
19093,4,37,2026-07-24,2,929.8
19094,4,14,2026-07-24,3,341.13
19095,5,11,2026-07-24,3,542.58
19096,5,11,2026-07-24,4,723.44
19097,5,22,2026-07-24,4,1994.72
19098,5,9,2026-07-24,1,433.91
19099,5,18,2026-07-24,2,401.68
19100,5,5,2026-07-24,2,88.02
19101,5,4,2026-07-24,1,366.22
19102,5,18,2026-07-24,4,803.36
19103,5,24,2026-07-24,5,403.3
19104,5,15,2026-07-24,3,355.14
19105,5,40,2026-07-24,2,817.86
19106,5,28,2026-07-24,3,1027.35
19107,5,39,2026-07-24,3,1421.22
19108,5,15,2026-07-24,1,118.38
19109,5,1,2026-07-24,2,285.1
19110,6,13,2026-07-24,1,85.88
19111,6,37,2026-07-24,2,929.8
19112,6,29,2026-07-24,2,770.92
19113,7,19,2026-07-24,3,94.65
19114,7,10,2026-07-24,5,665.96
19115,7,39,2026-07-24,3,592.18
19116,7,15,2026-07-24,1,49.33
19117,7,31,2026-07-24,1,202.53
19118,7,2,2026-07-24,2,46.33
19119,7,38,2026-07-24,4,205.88
19120,7,10,2026-07-24,1,133.19
19121,7,5,2026-07-24,1,18.34
19122,7,17,2026-07-24,3,548.5
19123,8,3,2026-07-24,3,1273.53
19124,8,6,2026-07-24,2,886.6
19125,8,18,2026-07-24,2,401.68
19126,8,28,2026-07-24,3,1027.35
19127,9,8,2026-07-24,5,996.1
19128,9,11,2026-07-24,3,542.58
19129,9,12,2026-07-24,4,1226.08
19130,9,34,2026-07-24,5,403.3
19131,9,1,2026-07-24,3,427.65
19132,9,1,2026-07-24,1,142.55
19133,9,8,2026-07-24,4,796.88
19134,9,19,2026-07-24,3,227.16
19135,9,12,2026-07-24,1,306.52
19136,9,16,2026-07-24,4,814.32
19137,9,22,2026-07-24,1,498.68
19138,9,28,2026-07-24,4,1369.8
19139,9,4,2026-07-24,2,732.44
19140,9,6,2026-07-24,2,886.6
19141,9,26,2026-07-24,4,1992.32
19142,10,1,2026-07-24,5,296.98
19143,10,31,2026-07-24,1,202.53
19144,10,9,2026-07-24,3,542.39
19145,10,13,2026-07-24,5,178.92
19146,10,36,2026-07-24,3,376.85
19147,10,37,2026-07-24,1,193.71
19148,10,17,2026-07-24,2,365.67
19149,10,18,2026-07-24,1,83.68
19150,10,40,2026-07-24,1,170.39
19151,10,19,2026-07-24,1,31.55
19152,10,10,2026-07-24,4,532.77
19153,10,33,2026-07-24,3,270.84
19154,11,23,2026-07-24,5,250.0
19155,11,11,2026-07-24,2,361.72
19156,11,30,2026-07-24,3,660.63
19157,11,40,2026-07-24,1,408.93
19158,11,30,2026-07-24,2,440.42
19159,11,25,2026-07-24,5,771.4
19160,11,12,2026-07-24,1,306.52
19161,11,38,2026-07-24,1,123.53
19162,11,30,2026-07-24,3,660.63
19163,11,30,2026-07-24,3,660.63
19164,11,12,2026-07-24,2,613.04
19165,11,37,2026-07-24,1,464.9
19166,11,1,2026-07-24,2,285.1
19167,12,5,2026-07-24,1,44.01
19168,12,18,2026-07-24,5,1004.2
19169,12,11,2026-07-24,5,904.3
19170,12,40,2026-07-24,3,1226.79
19171,12,26,2026-07-24,1,498.08
19172,12,40,2026-07-24,1,408.93
19173,12,3,2026-07-24,5,2122.55
19174,12,1,2026-07-24,3,427.65
19175,12,30,2026-07-24,5,1101.05
19176,1,36,2026-07-25,2,602.96
19177,1,9,2026-07-25,3,1301.73
19178,1,32,2026-07-25,5,2283.75
19179,1,13,2026-07-25,5,429.4
19180,2,8,2026-07-25,5,990.71
19181,2,8,2026-07-25,3,594.43
19182,2,3,2026-07-25,3,1273.53
19183,2,13,2026-07-25,2,171.76
19184,2,28,2026-07-25,3,1027.35
19185,3,29,2026-07-25,5,1927.3
19186,3,8,2026-07-25,3,594.43
19187,3,23,2026-07-25,2,100.0
19188,3,19,2026-07-25,1,75.72
19189,3,18,2026-07-25,3,602.52
19190,3,13,2026-07-25,4,343.52
19191,3,30,2026-07-25,1,220.21
19192,3,22,2026-07-25,1,498.68
19193,3,35,2026-07-25,1,476.98
19194,3,19,2026-07-25,4,302.88
19195,3,26,2026-07-25,4,1992.32
19196,3,10,2026-07-25,5,1598.3
19197,3,22,2026-07-25,5,2493.4
19198,4,35,2026-07-25,1,476.98
19199,4,7,2026-07-25,4,1415.04
19200,4,6,2026-07-25,5,2216.5
19201,5,36,2026-07-25,5,1507.4
19202,5,37,2026-07-25,1,464.9
19203,5,21,2026-07-25,1,449.42
19204,5,22,2026-07-25,5,2493.4
19205,5,27,2026-07-25,4,1724.36
19206,5,3,2026-07-25,4,1698.04
19207,5,35,2026-07-25,4,1907.92
19208,5,26,2026-07-25,3,1494.24
19209,5,9,2026-07-25,1,433.91
19210,6,38,2026-07-25,2,247.06
19211,6,40,2026-07-25,4,1635.72
19212,6,15,2026-07-25,5,591.9
19213,6,6,2026-07-25,3,1329.9
19214,6,36,2026-07-25,2,602.96
19215,6,6,2026-07-25,2,886.6
19216,6,8,2026-07-25,2,396.28
19217,6,5,2026-07-25,5,220.05
19218,6,34,2026-07-25,3,241.98
19219,6,8,2026-07-25,3,594.43
19220,6,19,2026-07-25,5,378.6
19221,6,9,2026-07-25,3,1301.73
19222,6,32,2026-07-25,2,913.5
19223,6,32,2026-07-25,1,456.75
19224,6,2,2026-07-25,1,55.59
19225,7,6,2026-07-25,4,732.92
19226,7,32,2026-07-25,4,755.16
19227,7,23,2026-07-25,4,82.67
19228,7,6,2026-07-25,2,366.46
19229,7,15,2026-07-25,3,146.79
19230,7,7,2026-07-25,3,438.66
19231,7,4,2026-07-25,1,151.37
19232,7,27,2026-07-25,2,356.37
19233,7,24,2026-07-25,2,66.68
19234,8,34,2026-07-25,3,241.98
19235,8,36,2026-07-25,1,301.48
19236,8,36,2026-07-25,1,301.48
19237,8,19,2026-07-25,4,302.88
19238,8,24,2026-07-25,2,161.32
19239,8,12,2026-07-25,4,1226.08
19240,8,25,2026-07-25,3,460.34
19241,8,21,2026-07-25,3,1348.26
19242,8,6,2026-07-25,2,886.6
19243,8,8,2026-07-25,4,792.57
19244,8,25,2026-07-25,2,306.89
19245,8,17,2026-07-25,3,1316.4
19246,8,9,2026-07-25,1,433.91
19247,9,29,2026-07-25,5,1927.3
19248,9,16,2026-07-25,3,610.74
19249,9,21,2026-07-25,2,898.84
19250,9,8,2026-07-25,5,990.71
19251,9,33,2026-07-25,1,215.5
19252,9,6,2026-07-25,2,886.6
19253,9,19,2026-07-25,5,378.6
19254,9,37,2026-07-25,2,929.8
19255,9,4,2026-07-25,2,732.44
19256,9,14,2026-07-25,2,227.42
19257,10,19,2026-07-25,3,93.89
19258,10,29,2026-07-25,1,159.32
19259,10,26,2026-07-25,1,205.87
19260,10,20,2026-07-25,1,112.34
19261,10,31,2026-07-25,1,200.91
19262,10,26,2026-07-25,5,1029.37
19263,10,40,2026-07-25,1,169.02
19264,11,40,2026-07-25,4,1635.72
19265,11,28,2026-07-25,1,342.45
19266,11,14,2026-07-25,3,341.13
19267,11,13,2026-07-25,2,171.76
19268,11,13,2026-07-25,1,85.88
19269,11,36,2026-07-25,5,1507.4
19270,11,9,2026-07-25,5,2169.55
19271,11,38,2026-07-25,4,494.12
19272,11,31,2026-07-25,5,2430.4
19273,11,17,2026-07-25,3,1316.4
19274,11,7,2026-07-25,2,707.52
19275,11,8,2026-07-25,1,198.14
19276,11,19,2026-07-25,2,151.44
19277,12,33,2026-07-25,1,215.5
19278,12,31,2026-07-25,4,1944.32
19279,12,14,2026-07-25,4,454.84
19280,12,14,2026-07-25,4,454.84
19281,1,22,2026-07-26,2,997.36
19282,1,29,2026-07-26,5,1927.3
19283,1,37,2026-07-26,1,464.9
19284,1,4,2026-07-26,3,1098.66
19285,1,18,2026-07-26,3,602.52
19286,1,6,2026-07-26,4,1773.2
19287,2,4,2026-07-26,5,1831.1
19288,2,27,2026-07-26,5,2155.45
19289,2,15,2026-07-26,5,591.9
19290,2,28,2026-07-26,4,1369.8
19291,2,24,2026-07-26,3,241.98
19292,2,10,2026-07-26,5,1598.3
19293,2,28,2026-07-26,2,684.9
19294,2,10,2026-07-26,1,319.66
19295,3,21,2026-07-26,5,2247.1
19296,3,22,2026-07-26,5,2493.4
19297,3,3,2026-07-26,4,1698.04
19298,3,15,2026-07-26,3,355.14
19299,3,25,2026-07-26,2,305.22
19300,4,7,2026-07-26,1,353.76
19301,4,11,2026-07-26,2,361.72
19302,4,28,2026-07-26,2,684.9
19303,4,6,2026-07-26,4,1773.2
19304,4,23,2026-07-26,2,100.0
19305,4,30,2026-07-26,1,220.21
19306,4,32,2026-07-26,2,913.5
19307,4,38,2026-07-26,4,494.12
19308,4,7,2026-07-26,3,1061.28
19309,5,26,2026-07-26,5,2490.4
19310,5,30,2026-07-26,2,440.42
19311,5,12,2026-07-26,1,306.52
19312,5,33,2026-07-26,3,642.99
19313,5,12,2026-07-26,4,1226.08
19314,5,23,2026-07-26,4,200.0
19315,5,33,2026-07-26,1,214.33
19316,5,24,2026-07-26,5,403.3
19317,6,22,2026-07-26,1,498.68
19318,6,35,2026-07-26,4,1907.92
19319,6,37,2026-07-26,1,464.9
19320,6,32,2026-07-26,1,456.75
19321,6,12,2026-07-26,3,919.56
19322,7,26,2026-07-26,2,408.43
19323,7,31,2026-07-26,5,996.46
19324,7,31,2026-07-26,1,199.29
19325,7,13,2026-07-26,2,70.42
19326,7,12,2026-07-26,2,251.35
19327,8,30,2026-07-26,2,440.42
19328,8,24,2026-07-26,1,80.66
19329,8,32,2026-07-26,5,2283.75
19330,8,21,2026-07-26,2,898.84
19331,8,36,2026-07-26,1,301.48
19332,8,3,2026-07-26,3,1273.53
19333,8,2,2026-07-26,5,277.95
19334,8,21,2026-07-26,1,449.42
19335,8,1,2026-07-26,5,712.75
19336,9,20,2026-07-26,4,1087.16
19337,9,29,2026-07-26,1,385.46
19338,9,28,2026-07-26,3,1027.35
19339,9,26,2026-07-26,5,2490.4
19340,9,30,2026-07-26,1,220.21
19341,9,40,2026-07-26,4,1635.72
19342,9,34,2026-07-26,1,80.66
19343,9,5,2026-07-26,1,44.01
19344,9,28,2026-07-26,5,1712.25
19345,9,16,2026-07-26,4,814.32
19346,9,30,2026-07-26,2,440.42
19347,9,10,2026-07-26,5,1598.3
19348,10,27,2026-07-26,3,530.24
19349,10,25,2026-07-26,5,312.85
19350,10,19,2026-07-26,5,155.23
19351,10,34,2026-07-26,1,33.07
19352,10,5,2026-07-26,5,90.22
19353,10,10,2026-07-26,3,393.18
19354,10,30,2026-07-26,5,451.43
19355,10,21,2026-07-26,4,737.05
19356,11,9,2026-07-26,4,1735.64
19357,11,7,2026-07-26,2,707.52
19358,11,39,2026-07-26,1,473.74
19359,11,17,2026-07-26,4,1755.2
19360,11,7,2026-07-26,5,1768.8
19361,11,20,2026-07-26,5,1358.95
19362,11,29,2026-07-26,1,385.46
19363,11,38,2026-07-26,1,123.53
19364,11,35,2026-07-26,3,1430.94
19365,11,33,2026-07-26,2,428.66
19366,11,20,2026-07-26,4,1087.16
19367,11,28,2026-07-26,5,1712.25
19368,11,30,2026-07-26,5,1101.05
19369,11,35,2026-07-26,2,953.96
19370,12,16,2026-07-26,5,1017.9
19371,12,9,2026-07-26,4,1735.64
19372,12,24,2026-07-26,5,403.3
19373,12,40,2026-07-26,2,817.86
19374,1,11,2026-07-27,5,904.3
19375,1,32,2026-07-27,4,1827.0
19376,1,23,2026-07-27,2,100.0
19377,1,13,2026-07-27,5,429.4
19378,1,16,2026-07-27,3,610.74
19379,1,38,2026-07-27,3,370.59
19380,1,39,2026-07-27,3,1421.22
19381,1,7,2026-07-27,1,353.76
19382,1,24,2026-07-27,1,80.66
19383,1,14,2026-07-27,5,568.55
19384,1,7,2026-07-27,2,707.52
19385,2,28,2026-07-27,4,1369.8
19386,2,20,2026-07-27,2,543.58
19387,2,4,2026-07-27,1,366.22
19388,2,24,2026-07-27,1,80.66
19389,2,40,2026-07-27,2,817.86
19390,3,25,2026-07-27,2,303.56
19391,3,32,2026-07-27,5,2283.75
19392,3,11,2026-07-27,3,542.58
19393,3,10,2026-07-27,5,1598.3
19394,3,29,2026-07-27,2,770.92
19395,3,22,2026-07-27,2,997.36
19396,3,39,2026-07-27,2,947.48
19397,3,7,2026-07-27,2,707.52
19398,3,33,2026-07-27,1,213.16
19399,3,1,2026-07-27,3,427.65
19400,3,15,2026-07-27,1,118.38
19401,4,24,2026-07-27,3,241.98
19402,4,34,2026-07-27,4,322.64
19403,4,38,2026-07-27,3,370.59
19404,4,25,2026-07-27,2,303.56
19405,4,16,2026-07-27,2,407.16
19406,4,32,2026-07-27,5,2283.75
19407,4,19,2026-07-27,1,75.72
19408,5,40,2026-07-27,4,1635.72
19409,5,9,2026-07-27,3,1301.73
19410,5,12,2026-07-27,5,1532.6
19411,5,39,2026-07-27,5,2368.7
19412,6,16,2026-07-27,2,407.16
19413,6,35,2026-07-27,1,476.98
19414,6,22,2026-07-27,2,997.36
19415,6,28,2026-07-27,1,342.45
19416,6,34,2026-07-27,2,161.32
19417,6,20,2026-07-27,1,271.79
19418,6,3,2026-07-27,2,849.02
19419,6,2,2026-07-27,1,55.59
19420,6,38,2026-07-27,3,370.59
19421,6,32,2026-07-27,2,913.5
19422,6,29,2026-07-27,2,770.92
19423,6,13,2026-07-27,2,171.76
19424,6,36,2026-07-27,2,602.96
19425,6,22,2026-07-27,4,1994.72
19426,7,25,2026-07-27,3,185.17
19427,7,10,2026-07-27,2,259.99
19428,7,22,2026-07-27,1,202.8
19429,7,28,2026-07-27,2,278.53
19430,7,37,2026-07-27,3,567.18
19431,7,31,2026-07-27,2,395.35
19432,7,15,2026-07-27,1,48.14
19433,7,5,2026-07-27,2,35.79
19434,7,20,2026-07-27,5,552.64
19435,7,3,2026-07-27,1,172.63
19436,8,8,2026-07-27,3,587.97
19437,8,21,2026-07-27,1,449.42
19438,8,17,2026-07-27,4,1755.2
19439,8,38,2026-07-27,3,370.59
19440,8,24,2026-07-27,4,322.64
19441,8,15,2026-07-27,2,236.76
19442,8,28,2026-07-27,1,342.45
19443,8,6,2026-07-27,1,443.3
19444,8,7,2026-07-27,3,1061.28
19445,9,6,2026-07-27,5,2216.5
19446,9,25,2026-07-27,2,303.56
19447,9,20,2026-07-27,4,1087.16
19448,9,25,2026-07-27,4,607.11
19449,9,33,2026-07-27,4,852.63
19450,9,24,2026-07-27,3,241.98
19451,9,6,2026-07-27,4,1773.2
19452,9,19,2026-07-27,5,378.6
19453,9,12,2026-07-27,1,306.52
19454,9,39,2026-07-27,5,2368.7
19455,9,19,2026-07-27,5,378.6
19456,9,21,2026-07-27,2,898.84
19457,9,10,2026-07-27,2,639.32
19458,9,32,2026-07-27,1,456.75
19459,10,25,2026-07-27,1,61.72
19460,10,40,2026-07-27,2,332.6
19461,10,22,2026-07-27,5,1013.98
19462,10,9,2026-07-27,1,176.46
19463,10,38,2026-07-27,4,200.94
19464,10,39,2026-07-27,1,192.65
19465,10,17,2026-07-27,4,713.78
19466,10,38,2026-07-27,3,150.71
19467,10,40,2026-07-27,4,665.19
19468,10,39,2026-07-27,5,963.27
19469,10,28,2026-07-27,1,139.26
19470,10,2,2026-07-27,2,45.21
19471,10,2,2026-07-27,5,113.03
19472,11,20,2026-07-27,5,1358.95
19473,11,10,2026-07-27,2,639.32
19474,11,32,2026-07-27,1,456.75
19475,11,35,2026-07-27,1,476.98
19476,11,5,2026-07-27,3,132.03
19477,11,6,2026-07-27,2,886.6
19478,11,40,2026-07-27,5,2044.65
19479,11,6,2026-07-27,3,1329.9
19480,11,15,2026-07-27,1,118.38
19481,11,28,2026-07-27,5,1712.25
19482,11,4,2026-07-27,4,1464.88
19483,11,21,2026-07-27,4,1797.68
19484,11,16,2026-07-27,2,407.16
19485,11,6,2026-07-27,2,886.6
19486,12,15,2026-07-27,1,118.38
19487,12,26,2026-07-27,2,996.16
19488,12,37,2026-07-27,1,464.9
19489,12,34,2026-07-27,4,322.64
19490,12,7,2026-07-27,4,1415.04
19491,12,37,2026-07-27,1,464.9
19492,12,9,2026-07-27,5,2169.55
19493,12,20,2026-07-27,1,271.79
19494,12,23,2026-07-27,3,150.0
19495,12,20,2026-07-27,4,1087.16
19496,12,8,2026-07-27,5,979.94
19497,12,15,2026-07-27,3,355.14
19498,1,13,2026-07-28,4,343.52
19499,1,27,2026-07-28,4,1724.36
19500,1,20,2026-07-28,1,271.79
19501,1,10,2026-07-28,4,1278.64
19502,1,20,2026-07-28,2,543.58
19503,1,36,2026-07-28,4,1205.92
19504,1,26,2026-07-28,2,996.16
19505,1,36,2026-07-28,1,301.48
19506,1,31,2026-07-28,5,2430.4
19507,2,34,2026-07-28,4,322.64
19508,2,6,2026-07-28,3,1329.9
19509,2,31,2026-07-28,3,1458.24
19510,2,2,2026-07-28,1,55.59
19511,2,2,2026-07-28,3,166.77
19512,2,28,2026-07-28,5,1712.25
19513,2,16,2026-07-28,3,610.74
19514,2,13,2026-07-28,3,257.64
19515,2,18,2026-07-28,3,602.52
19516,2,18,2026-07-28,1,200.84
19517,2,3,2026-07-28,4,1698.04
19518,3,5,2026-07-28,4,176.04
19519,3,4,2026-07-28,2,732.44
19520,3,39,2026-07-28,3,1421.22
19521,3,17,2026-07-28,5,2194.0
19522,3,19,2026-07-28,2,151.44
19523,3,18,2026-07-28,2,401.68
19524,3,28,2026-07-28,5,1712.25
19525,3,32,2026-07-28,4,1827.0
19526,3,20,2026-07-28,3,815.37
19527,4,40,2026-07-28,3,1226.79
19528,4,31,2026-07-28,5,2430.4
19529,4,9,2026-07-28,4,1735.64
19530,5,3,2026-07-28,4,1698.04
19531,5,1,2026-07-28,2,285.1
19532,5,21,2026-07-28,2,898.84
19533,5,31,2026-07-28,2,972.16
19534,5,21,2026-07-28,4,1797.68
19535,6,1,2026-07-28,4,570.2
19536,6,28,2026-07-28,1,342.45
19537,6,34,2026-07-28,1,80.66
19538,6,2,2026-07-28,3,166.77
19539,6,4,2026-07-28,2,732.44
19540,7,14,2026-07-28,2,91.73
19541,7,8,2026-07-28,4,314.46
19542,7,37,2026-07-28,2,375.02
19543,7,13,2026-07-28,3,103.91
19544,7,7,2026-07-28,5,713.42
19545,7,31,2026-07-28,3,588.16
19546,7,13,2026-07-28,3,103.91
19547,8,10,2026-07-28,2,639.32
19548,8,40,2026-07-28,1,408.93
19549,8,7,2026-07-28,5,1768.8
19550,8,18,2026-07-28,5,1004.2
19551,8,34,2026-07-28,1,80.66
19552,8,20,2026-07-28,5,1358.95
19553,8,13,2026-07-28,4,343.52
19554,8,10,2026-07-28,5,1598.3
19555,8,9,2026-07-28,5,2169.55
19556,8,28,2026-07-28,1,342.45
19557,8,21,2026-07-28,5,2247.1
19558,8,24,2026-07-28,4,322.64
19559,8,24,2026-07-28,2,161.32
19560,9,14,2026-07-28,2,227.42
19561,9,14,2026-07-28,3,341.13
19562,9,27,2026-07-28,1,431.09
19563,9,34,2026-07-28,5,403.3
19564,9,36,2026-07-28,5,1507.4
19565,9,13,2026-07-28,4,343.52
19566,9,31,2026-07-28,3,1458.24
19567,9,22,2026-07-28,2,997.36
19568,9,40,2026-07-28,2,817.86
19569,9,38,2026-07-28,5,617.65
19570,9,8,2026-07-28,3,584.74
19571,9,25,2026-07-28,2,301.89
19572,9,14,2026-07-28,2,227.42
19573,10,3,2026-07-28,3,513.66
19574,10,28,2026-07-28,4,552.49
19575,10,27,2026-07-28,2,347.75
19576,10,32,2026-07-28,3,552.67
19577,10,16,2026-07-28,1,82.11
19578,10,25,2026-07-28,3,182.64
19579,10,5,2026-07-28,5,88.75
19580,10,7,2026-07-28,2,285.37
19581,10,40,2026-07-28,2,329.87
19582,10,13,2026-07-28,2,69.28
19583,10,7,2026-07-28,3,428.05
19584,10,25,2026-07-28,2,121.76
19585,10,2,2026-07-28,1,22.42
19586,10,3,2026-07-28,2,342.44
19587,11,15,2026-07-28,1,118.38
19588,11,20,2026-07-28,3,815.37
19589,11,35,2026-07-28,5,2384.9
19590,11,39,2026-07-28,4,1894.96
19591,12,11,2026-07-28,1,180.86
19592,12,32,2026-07-28,3,1370.25
19593,12,25,2026-07-28,3,452.83
19594,12,5,2026-07-28,3,132.03
19595,12,6,2026-07-28,4,1773.2
19596,12,18,2026-07-28,4,803.36
19597,12,5,2026-07-28,5,220.05
19598,12,23,2026-07-28,3,150.0
19599,12,20,2026-07-28,4,1087.16
